scene,H,W,N,snr_db,alpha,abundance_rmse,reconstruction_rmse,t_reduce,t_infer,t_total_ml,pixels_per_second
0,165,158,26070,31.272291565964643,1.7450528535616028,0.07175533587306954,0.03204845046905777,0.009243699998478405,0.09130930000537774,0.10055300000385614,259266.2575855542
1,220,158,34760,28.948523835416054,0.3101559476320171,0.10404816952492768,0.04834638127440933,0.012697700003627688,0.07614530000137165,0.08884300000499934,391251.9838146393
2,217,158,34286,30.54364625059526,1.5282679975192413,0.0762616246116323,0.03413492866226249,0.010871200000110548,0.1559519000002183,0.16682310000032885,205523.09602166855
3,150,158,23700,28.10602636338323,0.5058619480840225,0.10307080304262425,0.04668617294772413,0.00848539999424247,0.06004019999818411,0.06852559999242658,345856.1472299303
4,151,158,23858,31.661207077983562,1.0681766469741678,0.07674304238348287,0.03385378083356107,0.008506400001351722,0.05769210000289604,0.06619850000424776,360400.91540547146
5,171,158,27018,38.3848005578691,0.5075810488667758,0.07283844784549523,0.03206187681561042,0.007499100000131875,0.05061909999494674,0.05811819999507861,464880.19247478165
6,248,158,39184,38.206446313339754,1.908642115608589,0.053889532031979416,0.02439229205253185,0.012322300004598219,0.1121415999950841,0.12446389999968233,314822.2094928731
7,235,158,37130,31.318456241198582,1.2211184688362173,0.07631238025037754,0.033731718758508285,0.008841800001391675,0.06218079999962356,0.07102260000101523,522791.3368346026
8,185,158,29230,29.636807537733674,0.6074320616945899,0.09265425526599905,0.04182642352451997,0.006920699997863267,0.05200889999832725,0.05892959999619052,496015.5847297379
9,150,158,23700,32.36337906351822,0.6141090014980439,0.08225573339086233,0.036434743194280694,0.007262999999511521,0.035949899996921886,0.04321289999643341,548447.3386871996
10,245,158,38710,37.23173664544843,1.8113468880444281,0.055988581454034236,0.02509287856745015,0.010584200004814193,0.06678670000110287,0.07737090000591706,500317.3027202681
11,203,158,32074,25.832424723570004,0.8988436523858223,0.11071261174574157,0.05045567377103878,0.007533200005127583,0.04866949999995995,0.056202700005087536,570684.3265020475
12,225,158,35550,42.9070022915621,1.0946915250522866,0.05845769097411653,0.025516193528036874,0.00996570000279462,0.06695120000222232,0.07691690000501694,462187.1135950777
13,162,158,25596,39.688197856818256,1.632126321438203,0.05451850856844317,0.024206330901832815,0.007216599995444994,0.03962859999592183,0.046845199991366826,546395.3618453358
14,224,158,35392,39.29289839952034,1.752353501218444,0.05386575350966506,0.024258290387942975,0.009013300004880875,0.044418299999961164,0.05343160000484204,662379.5655902637
15,157,158,24806,30.321620648168306,1.5876272181130018,0.07717327591110883,0.03448293018611774,0.007152800004405435,0.038773300002503674,0.04592610000690911,540128.5978184125
16,237,158,37446,37.13316463085668,1.797872568491588,0.05601535943894552,0.025152102727184582,0.008688299996720161,0.05522410000412492,0.06391240000084508,585895.6947244176
17,191,158,30178,29.9748905040355,1.3090530938998444,0.08163343368509299,0.03611175606737771,0.0076209999970160425,0.0375930000009248,0.045213999997940846,667448.1355636391
18,183,158,28914,38.181924939374596,0.6145602165992832,0.07082026220140705,0.03099159007540712,0.008239900002081413,0.04842079999798443,0.056660700000065845,510300.7904944062
19,236,158,37288,27.610536348003393,0.9707784701752524,0.0970131546855048,0.04397348866451426,0.010418100006063469,0.045117100002244115,0.055535200008307584,671430.0118559407
20,174,158,27492,30.17045985734656,1.1044134510285413,0.08246229084749764,0.03656761363145286,0.006331399999908172,0.036334500000521075,0.04266590000042925,644355.328253322
21,153,158,24174,38.83414796263456,1.0370716807212625,0.06183327201548861,0.027079335081615103,0.0057377999983145855,0.03833090000262018,0.04406870000093477,548552.6008138935
22,176,158,27808,44.341322664283005,0.8895193144694946,0.06117434219165409,0.02653242931053563,0.00872479999816278,0.03560890000517247,0.04433370000333525,627242.9325300615
23,198,158,31284,43.25331932142602,0.6029071143754345,0.067246169390504,0.029270693015268207,0.007533899995905813,0.04195939999772236,0.04949329999362817,632085.5550958926
24,158,158,24964,27.01757624746052,1.992785934264774,0.09343756334043105,0.04209196436439023,0.006138899996585678,0.03386329999921145,0.04000219999579713,624065.6764533668
25,156,158,24648,37.9801162689778,0.5295305137838244,0.07253624109552198,0.031893346189925315,0.006607100003748201,0.033878800000820775,0.040485900004568975,608804.5466994283
26,192,158,30336,36.07955799638975,1.8813360687290455,0.057136989331070955,0.025663414032152505,0.007734300001175143,0.03816009999718517,0.045894399998360313,660995.6770561077
27,224,158,35392,26.845051193570935,1.2635121468229173,0.0992715726745189,0.04500885318728434,0.009162000002106652,0.05306560000462923,0.062227600006735884,568750.8436155173
28,246,158,38868,36.70213844418856,0.7079186030053297,0.07038175580825744,0.030713487215339518,0.008610100005171262,0.05435870000655996,0.06296880001173122,617258.0705485702
29,249,158,39342,32.54071274614371,1.9458105605711333,0.06556235636889181,0.02956547827752889,0.00880180000240216,0.049211300000024494,0.058013100002426654,678157.174816625
30,242,158,38236,28.654831811457523,1.3368907236234744,0.08754873355426909,0.039245726144939465,0.01162309999926947,0.0685178999992786,0.08014099999854807,477109.09522831923
31,159,158,25122,29.884619582313277,1.9937048495012248,0.07688102031977626,0.034373902063631036,0.006950499999220483,0.040564299997640774,0.04751479999686126,528719.4727044945
32,159,158,25122,33.57741973090135,0.9944706419173277,0.07177966872011987,0.03151873289814576,0.00698059999558609,0.02846049999789102,0.03544109999347711,708838.0440963648
33,182,158,28756,42.09866864957617,0.3464897548065189,0.07410151103594916,0.03355113080906935,0.006303000001935288,0.03449380000529345,0.04079680000722874,704859.2045186083
34,204,158,32232,25.918191336299834,0.6846495444574902,0.11359577519537699,0.05184660359951863,0.009257400000933558,0.039845599996624514,0.04910299999755807,656416.1049549503
35,239,158,37762,28.196896638144256,1.9558678756740393,0.08607879484285501,0.03860065117145826,0.00950849999935599,0.050863500000559725,0.060371999999915715,625488.6371174173
36,238,158,37604,43.099097168377774,0.46432072395061486,0.07060587682304618,0.031116407568748432,0.009031599998706952,0.046012400001927745,0.055044000000634696,683162.5608525253
37,200,158,31600,39.71840580664033,0.5603564014448079,0.07009497508436104,0.030694441721929262,0.007691800004977267,0.03380420000030426,0.04149600000528153,761519.1824748894
38,205,158,32390,38.243151994111685,0.9524238172123565,0.06378711460488316,0.027810463737625205,0.008030099997995421,0.0382305000021006,0.04626060000009602,700163.8543367957
39,210,158,33180,41.57584439351936,1.2539314088491424,0.056938256246358246,0.025188591705259156,0.007492400000046473,0.037271199995302595,0.04476359999534907,741227.2472153133
40,232,158,36656,38.75934587370685,0.5789285978817007,0.07078919606424679,0.03099125041897878,0.007754299993393943,0.04003730000113137,0.04779159999452531,766996.7108069005
41,239,158,37762,36.33710714636034,1.1481537817612095,0.0637589562970962,0.027908127144659983,0.007820400001946837,0.042557399996439926,0.05037779999838676,749576.202240059
42,154,158,24332,44.87161357398949,1.3780557090871377,0.05433034285522495,0.024065715085023583,0.006140400000731461,0.02678169999853708,0.03292209999926854,739078.0053684488
43,166,158,26228,43.949378076121945,1.7594768423137643,0.05105138625914494,0.023007370329301724,0.0057417999996687286,0.033170999995491,0.03891279999515973,674019.8598729066
44,211,158,33338,28.58837454958771,1.3582620391271387,0.08753554480121718,0.03911269721967216,0.007821300001523923,0.04891160000261152,0.056732900004135445,587630.8102982553
45,219,158,34602,25.341137777671292,1.8454725378130767,0.10634183077020373,0.048520462103818884,0.008849100006045774,0.040904800000134856,0.04975390000618063,695463.0691403408
46,179,158,28282,31.76883471189929,1.3391479167150375,0.07313547000955375,0.03256903064885492,0.006227800004126038,0.03861760000290815,0.044845400007034186,630655.5409376179
47,220,158,34760,38.08879251671499,0.9605138343432453,0.06383469101334345,0.027980093998158356,0.00760209999862127,0.038562400004593655,0.046164500003214926,752959.5251238352
48,234,158,36972,35.39031965744867,1.9553311192430969,0.057949385833199675,0.026142385109679988,0.008019499997317325,0.039711900004476774,0.0477314000017941,774584.4454302685
49,239,158,37762,41.75945811008047,1.4049280620247202,0.055145143458983394,0.024333247247082548,0.00864509999519214,0.045344200007093605,0.053989300002285745,699434.8879944965
50,225,158,35550,37.75114039829222,1.1463239855351501,0.06175081910994869,0.02696125926281403,0.008104000000457745,0.047778600004676264,0.05588260000513401,636155.0822032972
51,235,158,37130,37.829853516566004,1.5146358720343673,0.057475441663721885,0.025538961539298154,0.00775910000083968,0.048668900002667215,0.056428000003506895,658006.6633177224
52,197,158,31126,35.08503853511452,1.3872296572873803,0.06347061603082979,0.028050285560157873,0.010191499997745268,0.04779920000146376,0.05799069999920903,536741.236102074
53,161,158,25438,40.83730618325464,1.7172588102751596,0.052633702023929856,0.023713393683351604,0.00650169999425998,0.03440199999749893,0.04090369999175891,621899.7304675403
54,170,158,26860,26.716174759826412,1.8489612434013674,0.09662836132145541,0.04345756132923567,0.007225999994261656,0.037866099999519065,0.04509209999378072,595669.7515463826
55,219,158,34602,35.41400058057516,1.8279606592876323,0.058975154627499686,0.026414839033938254,0.008267199998954311,0.0476185000006808,0.05588569999963511,619156.5999929486
56,190,158,30020,27.948744524100817,0.7688220312872458,0.09885619453159115,0.04447822528591574,0.00832809999701567,0.03809980000369251,0.04642790000070818,646593.9661182628
57,201,158,31758,34.5237502760924,1.2157536754091498,0.06653833633917973,0.029423995541400093,0.0069314000065787695,0.0388636999996379,0.04579510000621667,693480.3067509157
58,215,158,33970,35.921422759639555,0.8550264889697141,0.0686925325572482,0.0301060904406222,0.007218000006105285,0.046063499998126645,0.05328150000423193,637557.1257810291
59,226,158,35708,31.018775532136168,0.76662510169928,0.08380238449650888,0.03720348210285086,0.007811700001184363,0.043709400000807364,0.051521100001991726,693075.2642823927
60,152,158,24016,35.04119222546176,0.7194040744991139,0.07293469218407171,0.032038902574854464,0.005230000002484303,0.026644900004612282,0.031874900007096585,753445.5008377472
61,226,158,35708,28.90926736587424,1.0029737185884027,0.09029237900593358,0.040174520471251716,0.008653700002469122,0.04426779999630526,0.05292149999877438,674735.2210505555
62,238,158,37604,28.18274518048494,1.3605765554670282,0.09020716811205547,0.0402141837876695,0.008894300000974908,0.04434610000316752,0.05324040000414243,706305.737693071
63,172,158,27176,25.589244455092107,1.747937227653246,0.10530033003365354,0.047841571568010395,0.0074468999955570325,0.04250039999897126,0.049947299994528294,544093.4745817515
64,222,158,35076,33.184136990251766,0.32992551773522505,0.08675975483219357,0.03965031344127911,0.008083500004431698,0.04429309999977704,0.05237660000420874,669688.3722345753
65,183,158,28914,36.45766312347277,1.7181844349644337,0.057791016071927395,0.02572193325002018,0.007285300001967698,0.04361380000045756,0.05089910000242526,568065.05416839
66,153,158,24174,27.60941748643582,0.32690753591007216,0.11217080119583067,0.05156246526514735,0.0055334999997285195,0.03167659999598982,0.03721009999571834,649662.3229387085
67,194,158,30652,44.44528888691888,1.2299595077249699,0.05613688266480632,0.02463764761265437,0.00739909999538213,0.047362500001327135,0.054761599996709265,559735.2889952437
68,216,158,34128,35.65814580115598,1.7125801626142485,0.05930148186750319,0.0264696153433751,0.008062300003075507,0.05420329999469686,0.06226559999777237,548103.6077901919
69,179,158,28282,40.42127606744224,1.3052501375883534,0.057221974673222736,0.02531085688042911,0.0078042000022833236,0.045947300000989344,0.05375150000327267,526162.0605616224
70,175,158,27650,41.45973351065732,0.6857446286305117,0.06610814605530513,0.028646073504150275,0.0064472000012756325,0.037304899997252505,0.04375209999852814,631969.6654773182
71,229,158,36182,38.83109167351623,1.3226666534585638,0.0584999289287879,0.025648211512328434,0.00883340000291355,0.0429876999987755,0.05182110000168905,698209.8025480103
72,219,158,34602,34.78388937892188,1.2063553357313852,0.06579986330670605,0.02898190190949316,0.011673000000882894,0.06978549999621464,0.08145849999709753,424780.7165763292
73,203,158,32074,42.34361964003348,0.49202448016474354,0.07035332231399156,0.030892084479680715,0.009294800001953263,0.04818119999981718,0.057476000001770444,558041.6173535392
74,152,158,24016,44.5420756683789,0.7185987525240778,0.06428795303373985,0.027800638469910422,0.008241300005465746,0.0364012999998522,0.044642600005317945,537961.4985941489
75,210,158,33180,38.980780102137565,1.21891819053586,0.059556614629387404,0.026072847912570005,0.011865899999975227,0.06578669999726117,0.0776525999972364,427287.6890301272
76,247,158,39026,37.39889415295116,1.4530175679978832,0.0587658355537518,0.025989523164704032,0.010097700003825594,0.05974199999764096,0.06983970000146655,558793.9237880532
77,201,158,31758,29.91399691048656,1.40676844169584,0.08059710688622976,0.03582999785465241,0.00972899999760557,0.07341350000206148,0.08314249999966705,381970.7129341453
78,157,158,24806,37.11164307654629,0.3368176231503533,0.07915838210723457,0.03598874978902938,0.00786810000136029,0.050964800000656396,0.058832900002016686,421634.8335565592
79,173,158,27334,39.68865011343448,0.4416581137461447,0.07323676298401462,0.032488031867862484,0.007652299995243084,0.05480050000187475,0.062452799997117836,437674.53182661865
80,228,158,36024,37.94007366279344,1.962547089762086,0.05388195518887493,0.024368745512663954,0.00868330000230344,0.0471869000029983,0.05587020000530174,644780.2226693576
81,218,158,34444,29.786591157373753,0.4611033592102698,0.09579718756926692,0.04309042519628558,0.008512400003382936,0.035908500001823995,0.04442090000520693,775400.7684662521
82,170,158,26860,41.0802323879291,1.3010255508989146,0.05675035096973241,0.02498231655445814,0.007127500000933651,0.036205900003551506,0.043333400004485156,619845.2001739973
83,166,158,26228,29.76480469106195,1.6875109620046418,0.07892632856296221,0.035414131301109125,0.007563299994217232,0.031689499999629334,0.039252799993846565,668181.633007368
84,196,158,30968,27.930957330876822,1.8988478886258942,0.08802352284879807,0.03970722521679196,0.01037450000148965,0.06381970000074944,0.07419420000223909,417391.1168132472
85,223,158,35234,35.292424596889546,1.2874554612602638,0.06417001179018006,0.028289546986517637,0.011246699999901466,0.07646289999684086,0.08770959999674233,401712.01329510845
86,182,158,28756,43.157455576731394,1.9143219632693533,0.050206191471284606,0.02293937206970157,0.0073778000005404465,0.04644980000011856,0.053827600000659004,534224.0783473152
87,189,158,29862,34.20479165411702,1.6549483805452745,0.06299525262632748,0.0280818882054532,0.008315700004459359,0.052830799999355804,0.06114650000381516,488368.0995336903
88,159,158,25122,36.31450467722671,1.6455628119055634,0.058632578351379736,0.02619347116777404,0.0076945000037085265,0.0607700999971712,0.06846460000087973,366934.1528275517
89,192,158,30336,26.78129300188008,1.8230138005199006,0.09604953074165315,0.043341889646417546,0.007357499998761341,0.039903699995193165,0.047261199993954506,641879.5968760946
90,205,158,32390,41.89315365734,0.46455251087991856,0.071291549772962,0.031541370483854234,0.007630699998117052,0.050120699997933116,0.05775139999605017,560852.2044870821
91,228,158,36024,36.98144088921207,1.6746050966517692,0.057412064046689644,0.025535668621758434,0.008502200005750638,0.050372099998639897,0.058874300004390534,611879.886424357
92,168,158,26544,40.0139882485893,1.513597070299127,0.05522571189415307,0.024633357127384993,0.007191299999249168,0.03618510000524111,0.04337640000449028,611945.6662436761
93,161,158,25438,28.361380104485217,0.7279163300719006,0.09682373119949556,0.04350121523648727,0.0068575999976019375,0.042491600004723296,0.04934920000232523,515469.34902291046
94,191,158,30178,27.57988951506892,1.08700752687508,0.09641387321461428,0.043441628560897436,0.009063899997272529,0.039152700002887286,0.048216600000159815,625884.0316384808
95,240,158,37920,36.141952550910645,0.34169865978688807,0.08029000357691675,0.036290956806831254,0.013438499998301268,0.06881680000515189,0.08225530000345316,461003.7286157619
96,166,158,26228,27.543413363836912,0.4819230119430407,0.10707418857123163,0.04880113126895981,0.0065708999973139726,0.042182899996987544,0.04875379999430152,537968.3225321022
97,203,158,32074,30.853593827627606,0.30346250886789233,0.09575376616326063,0.044258727245359925,0.0075899000003119,0.03976989999500802,0.04735979999531992,677241.0357131902
98,155,158,24490,32.19131872099641,1.8142318583931747,0.06805180673250355,0.03040247441093042,0.005571200003032573,0.033540099997480866,0.03911130000051344,626161.7486424258
99,177,158,27966,30.263359277012693,1.7598055918638462,0.07603336524238044,0.03411578641688571,0.0073331999956280924,0.03723360000003595,0.04456679999566404,627507.4719908283
100,162,158,25596,43.34217317703258,1.7016925376269194,0.05178681044483174,0.0232859054512145,0.006421900005079806,0.03674260000116192,0.043164500006241724,592987.2927127323
101,249,158,39342,35.627473180901106,1.2583975798888447,0.06365625838987819,0.02812112231092845,0.009525800000119489,0.055530799996631686,0.06505659999675117,604734.9539011365
102,223,158,35234,29.437309209184033,1.7830155683880653,0.08034442113092284,0.03593970933818559,0.008763700003328267,0.04669689999718685,0.055460600000515115,635297.8510811775
103,190,158,30020,25.872249883978633,1.3982299457296692,0.10499849363175336,0.04768584816681465,0.019478000001981854,0.05437730000267038,0.07385530000465224,406470.49024388235
104,235,158,37130,39.52727160558429,1.5305453083644494,0.05564845910410232,0.02465453198634445,0.010200299999269191,0.06068030000460567,0.07088060000387486,523838.680795171
105,226,158,35708,44.51431955735768,0.691356306500754,0.06468527825836422,0.028015798505947997,0.010451800000737421,0.052426399997784756,0.06287819999852218,567891.5745177063
106,189,158,29862,25.20184358828213,1.6664906911505588,0.10922529132263432,0.04956123911310043,0.008449900000414345,0.041229199996450916,0.04967909999686526,601097.8460133997
107,213,158,33654,38.47121824967265,1.8699409773926787,0.05384694390109461,0.024256990997103076,0.00765059999685036,0.048835800000233576,0.056486399997083936,595789.4289906484
108,155,158,24490,43.96135766332297,0.9193735431524586,0.06065697406933105,0.026474520062356777,0.006342599997879006,0.030525200003467035,0.03686780000134604,664265.2938093912
109,247,158,39026,33.05248261026427,1.8044612687149852,0.06521356839095883,0.02906361677087284,0.009886599997116718,0.06152140000631334,0.07140800000343006,546521.3981364189
110,213,158,33654,35.720257840653545,0.39134157296280436,0.07913770495410163,0.03574333034958173,0.007949500002723653,0.036803700000746176,0.04475320000346983,751990.919026812
111,159,158,25122,39.7671623264513,1.670735501911886,0.054203295512980636,0.024287039812899938,0.006088499998440966,0.03314179999870248,0.03923029999714345,640372.3652847228
112,181,158,28598,43.47226370128023,0.6249853112532752,0.06643004851664759,0.028955952583724964,0.008478399999148678,0.04159559999970952,0.0500739999988582,571114.7501827715
113,159,158,25122,28.88032604597327,0.6036412010599617,0.09650579076006591,0.04381673415395598,0.0069820000062463805,0.04072289999749046,0.04770490000373684,526612.5701559407
114,205,158,32390,27.788258432552354,0.9417332228030921,0.09707916476712906,0.04366306945776317,0.007989600002474617,0.047048499996890314,0.05503809999936493,588501.4199322604
115,201,158,31758,26.576058827395567,1.5154005057214661,0.09932913252676087,0.044950298296886085,0.008574299994506873,0.05275019999680808,0.06132449999131495,517868.06259321654
116,181,158,28598,42.5367155624275,1.0886868519667434,0.058639407723401926,0.0256429449791345,0.00720279999950435,0.04542120000405703,0.05262400000356138,543440.2553599994
117,183,158,28914,39.75107841447311,1.4986476013148022,0.055710405245361576,0.024696755838117843,0.009394699998665601,0.051003600005060434,0.060398300003726035,478722.08320790925
118,217,158,34286,37.59525914946284,0.5924422428739242,0.07157193644794275,0.03153729159572203,0.008922699998947792,0.060241400002269074,0.06916410000121687,495719.60018849047
119,206,158,32548,26.759747027994873,0.9079263166782177,0.10381365379293855,0.04714864505071721,0.009390599996550009,0.045233500000904314,0.05462409999745432,595854.2108980624
120,182,158,28756,30.78724018375994,1.48028804129704,0.0761423040580448,0.03397904888940601,0.008540299997548573,0.04304309999861289,0.05158339999616146,557466.1616361049
121,243,158,38394,40.81237103329034,0.8435066178276209,0.06341322298513068,0.027539664635415757,0.008387800000491552,0.06863069999963045,0.077018500000122,498503.6062756244
122,160,158,25280,27.611742069091108,1.9875288415443233,0.08973088191351469,0.04028066928608256,0.006731399997079279,0.03560410000500269,0.04233550000208197,597134.7922844134
123,197,158,31126,39.72860344075549,1.612102872127079,0.05446314092877272,0.024330718474327228,0.007901000004494563,0.0460765999960131,0.053977600000507664,576646.6089582948
124,222,158,35076,40.10591804708671,1.7413496605656282,0.05300058678606729,0.023991040832337777,0.010094799996295478,0.05603759999939939,0.06613239999569487,530390.5499011589
125,182,158,28756,35.432686046550714,0.3793018231616687,0.08038844878810761,0.03605095246020045,0.006965100001252722,0.04205730000103358,0.049022400002286304,586588.9878638925
126,190,158,30020,38.41620939512529,0.84591756058939,0.06547034110265255,0.028422897599280853,0.007663799995498266,0.037554000002273824,0.04521779999777209,663897.8455714145
127,180,158,28440,38.898499022565154,1.4110671285704564,0.057509949608921265,0.02534643452091952,0.006258299996261485,0.0332364999994752,0.039494799995736685,720094.7973675013
128,238,158,37604,35.10917222420168,0.46985329736366954,0.07842185681925314,0.034967654171051805,0.009710500002256595,0.04999899999529589,0.059709499997552484,629782.5304439227
129,171,158,27018,43.46111293712838,1.5906074213230172,0.052460045345148816,0.023509210693935592,0.007957000001624692,0.0625004000030458,0.07045740000467049,383465.753749202
130,226,158,35708,30.697510774569068,1.9180022058323205,0.07360366613352974,0.03289279398780937,0.011650399996142369,0.07314710000355262,0.08479749999969499,421097.3200876021
131,225,158,35550,32.34086784515368,0.7448519714203493,0.07964471772997607,0.03526882450750124,0.012412000003678259,0.14807239999936428,0.16048440000304254,221516.85770907343
132,152,158,24016,34.705199541987156,1.6507729758383913,0.06197774848006494,0.027497994029134856,0.009707600002002437,0.052605400000174996,0.06231300000217743,385409.1441458572
133,248,158,39184,34.11421040481588,1.5232799767358827,0.06439874285364676,0.02855228971507518,0.02010379999410361,0.423053999998956,0.4431577999930596,88419.97139757818
134,214,158,33812,29.14076554697416,0.9634050908541254,0.08903969984394376,0.03969101292563168,0.01401330000226153,0.07161620000260882,0.08562950000487035,394863.9195379732
135,222,158,35076,41.46993801257316,1.8736617863617833,0.051244249419564084,0.023162782074528123,0.013412100001005456,0.0712405999947805,0.08465269999578595,414351.8163241822
136,160,158,25280,39.58101592615594,1.3814063341060787,0.056983721835580016,0.025246597598271782,0.008245099998021033,0.040357999998377636,0.04860309999639867,520131.43198423897
137,239,158,37762,31.362911425394756,0.678163953719768,0.08396164352629826,0.03724362855707444,0.009325400002126116,0.0499236000032397,0.059249000005365815,637344.0901378948
138,168,158,26544,25.35558787709959,0.43070432106198053,0.12384268941549423,0.05761472789524728,0.007876199997554068,0.0373496999964118,0.04522589999396587,586920.3267053072
139,210,158,33180,41.652754880818975,0.5864301296761874,0.06825752172337302,0.029858538688964157,0.010098000006109942,0.11619659999996657,0.1262946000060765,262719.07111154066
140,231,158,36498,37.649026397378236,1.0737309856271993,0.06271832352915492,0.02746163320896174,0.007922500000859145,0.03886889999557752,0.04679139999643667,780015.1310450095
141,164,158,25912,38.25315071833997,0.3689666847741207,0.07666063730619355,0.03435742670817083,0.006769100000383332,0.033837999995739665,0.040607099996123,638115.0095050859
142,173,158,27334,36.76086701352273,1.6482369470586746,0.05789516492681398,0.025801046624133718,0.009116500004893169,0.04483529999561142,0.05395180000050459,506637.40597615566
143,165,158,26070,27.83463719384856,1.1015843084021129,0.09495150002269152,0.042598310418914286,0.006847500000731088,0.04779130000679288,0.05463880000752397,477133.46553017385
144,230,158,36340,36.922445470933056,1.270288990091233,0.06137658178066085,0.02682326759090751,0.0113091999955941,0.057422999998379964,0.06873219999397406,528718.7083082751
145,176,158,27808,29.56356479286148,1.9394575066195396,0.07873397256384267,0.03503774581094402,0.007247000001370907,0.03691629999957513,0.04416330000094604,629663.0912863014
146,234,158,36972,33.95772525610844,0.9246795119464677,0.07162964852915883,0.03159589731893679,0.00891099999716971,0.04658270000072662,0.05549369999789633,666237.7891797005
147,247,158,39026,40.86924546599658,1.8284678099828466,0.05203384777398224,0.02348488613583259,0.01665830000274582,0.2480135000005248,0.2646718000032706,147450.5406300095
148,217,158,34286,38.09838868600921,1.9664861589626594,0.0536944090430355,0.024222510785312505,0.011140299997350667,0.06478160000551725,0.07592190000286791,451595.65288414626
149,161,158,25438,38.78824425774286,1.9609765650471447,0.05294903675546367,0.02393680699010128,0.009757199994055554,0.04985650000162423,0.05961369999567978,426713.993626356
150,185,158,29230,41.64746026772063,0.7380811437857834,0.06494864388082085,0.028086447415402577,0.010368299997935537,0.0510634999955073,0.06143179999344284,475812.2015490345
151,247,158,39026,28.10427095030211,1.0578471475727194,0.0936582868459768,0.04209479960342742,0.01215770000271732,0.13899690000107512,0.15115460000379244,258185.98970207223
152,154,158,24332,26.461586451918397,0.322773983753485,0.11959728685131345,0.05569360985786487,0.01110309999785386,0.09968430000299122,0.11078740000084508,219627.86381677334
153,189,158,29862,29.688304586808687,1.991588535006835,0.0777433697418131,0.03476741652628984,0.008992600000055972,0.0547867999994196,0.06377939999947557,468207.60308572266
154,226,158,35708,44.82671619525119,0.5139884285953313,0.06893427737285779,0.030264310413481692,0.008534900000086054,0.052765300002647564,0.06130020000273362,582510.3343611871
155,186,158,29388,27.333346685561494,0.4686479356623425,0.10874094607954865,0.050000761561591237,0.007535200005804654,0.043941600000835024,0.05147680000663968,570897.9578413853
156,157,158,24806,37.72529440157987,1.8763920870615252,0.054633853598618755,0.024642205263565954,0.005808000001707114,0.042987700006051455,0.04879570000775857,508364.46646027867
157,184,158,29072,28.216326652550077,1.5255102399563913,0.08930426162341895,0.03965189080215755,0.009690500002761837,0.04570489999605343,0.055395399998815265,524808.9191633558
158,157,158,24806,42.979014245556854,1.6116378634488453,0.05257460492211239,0.02358362699349151,0.012350900004094001,0.06183210000017425,0.07418300000426825,334389.2805436925
159,153,158,24174,32.97486191303258,1.6832589962524738,0.06645084544300905,0.029592474317279117,0.0077478999955928884,0.05036410000320757,0.058111999998800457,415989.81278391724
160,215,158,33970,35.8365428529233,1.8081393233262266,0.05837100717041487,0.026082029434709678,0.013655900002049748,0.07880210000439547,0.09245800000644522,367410.06724817713
161,215,158,33970,33.34191829954068,0.7762724148965165,0.07574784261663435,0.03335301285829355,0.011467199998151045,0.07304339999973308,0.08451059999788413,401961.41076800425
162,195,158,30810,31.044773573935686,1.6160495722263248,0.07383357488258878,0.03278484301904371,0.010712200004491024,0.06730799999786541,0.07802020000235643,394897.73160116805
163,243,158,38394,43.74669167478838,1.0266933773143947,0.05906268636725619,0.025737715934507865,0.010097400001541246,0.07164349999948172,0.08174090000102296,469703.66119677556
164,233,158,36814,34.399980205776195,1.546695336745231,0.06336901459583581,0.02828138038286337,0.014449800000875257,0.083937600000354,0.09838740000122925,374173.9287707577
165,186,158,29388,33.19965796146996,1.5176666115887778,0.0671122399202497,0.029755125913359316,0.008241900002758484,0.048260299998219125,0.05650220000097761,520121.3403989849
166,179,158,28282,25.147653351750957,1.1709256871134603,0.11322353774352005,0.05135310373362751,0.011145099997520447,0.07257120000576833,0.08371630000328878,337831.4617211815
167,233,158,36814,37.97581517231087,1.8481780231151448,0.05463131931051631,0.024550711911232696,0.009838300000410527,0.0661541000008583,0.07599240000126883,484443.18115213263
168,177,158,27966,37.10855368840723,0.9654360076154476,0.06508666608563435,0.028381365300506327,0.008724200000870042,0.04579999999987194,0.054524200000741985,512909.86386997753
169,232,158,36656,34.16035138132759,1.9634552234729243,0.060847880735821175,0.027383182070561365,0.009536199999274686,0.050313800005824305,0.05985000000509899,612464.494517578
170,185,158,29230,43.09201673911675,1.153364357565256,0.05749395948190575,0.025239645600491266,0.0075739000021712855,0.048156599994399585,0.05573049999657087,524488.3861045305
171,193,158,30494,40.77208598964274,0.7450853960689475,0.06525299593828196,0.028271556809866368,0.007723200003965758,0.044744500002707355,0.05246770000667311,581195.668880504
172,230,158,36340,26.05005938359983,1.4967806206522962,0.10344285286107242,0.046870415748456816,0.008757299998251256,0.05586530000437051,0.06462260000262177,562341.96702896
173,179,158,28282,34.28198846341651,1.7448224595524655,0.06236301317997094,0.027644853070373843,0.009814699995331466,0.04599899999448098,0.05581369998981245,506721.46811915806
174,164,158,25912,42.493917498857044,0.6630709448164525,0.06599684341754321,0.028862634402316824,0.0068102000004728325,0.031300199996621814,0.038110399997094646,679919.3921337852
175,199,158,31442,34.24871254796382,0.6221011284292893,0.07675762025955146,0.033857943407259936,0.008200699994631577,0.04493260000162991,0.053133299996261485,591756.9584838941
176,235,158,37130,37.119620162537785,1.165231064074353,0.062368510894448025,0.027191900446729374,0.00962230000004638,0.05014189999928931,0.05976419999933569,621274.9438696196
177,172,158,27176,38.69628274409415,0.5956214228542458,0.0700293079642064,0.03046043888819905,0.008278400004201103,0.03337440000177594,0.04165280000597704,652441.1323152424
178,171,158,27018,44.65401770997056,1.969995888692621,0.04923669239721265,0.02249057911568216,0.006009099997754674,0.03630390000034822,0.042312999998102896,638527.1666204559
179,167,158,26386,39.80825178886434,1.9108768580609181,0.05222328878321829,0.023623682496169328,0.005973300001642201,0.034103999998478685,0.040077300000120886,658377.685121513
180,225,158,35550,41.67955263046525,1.2858062116287203,0.0565793922797338,0.0248579066643723,0.007644099998287857,0.048521899996558204,0.05616599999484606,632945.1982206702
181,163,158,25754,33.14136591135856,0.7241821553940662,0.07706363774750195,0.03403004138040873,0.008071199998084921,0.04018999999971129,0.04826119999779621,533637.7877296052
182,199,158,31442,33.417695159594395,0.690182257969653,0.07750640428536246,0.03407285827451961,0.009205400005157571,0.04770930000086082,0.05691470000601839,552440.7577774317
183,244,158,38552,28.78904419210223,0.40063666677766085,0.10298688416543682,0.046748438359990464,0.008835000000544824,0.04813840000133496,0.05697340000187978,676666.6549429736
184,161,158,25438,37.24815101876545,0.4183935050360754,0.07646125656605787,0.034175990643574405,0.005762900000263471,0.03789629999664612,0.04365919999690959,582649.2469353682
185,177,158,27966,38.28623748362384,0.6644271760572913,0.06917131074747557,0.03028528894613793,0.007278500001120847,0.0363123999995878,0.04359090000070864,641555.9210648407
186,159,158,25122,26.11424425689981,1.850791786008214,0.10139956191014382,0.04574098788654804,0.00644760000432143,0.03911499999958323,0.04556260000390466,551373.2754023492
187,184,158,29072,42.65903979674508,1.354974747230155,0.05525167047210189,0.02439881724033816,0.0075570000044535846,0.05832800000644056,0.06588500001089415,441253.69955517823
188,188,158,29704,42.66766059972779,0.4731344612780613,0.07071977884886554,0.031019378733891618,0.007418499997584149,0.03416680000373162,0.04158530000131577,714290.8671828784
189,250,158,39500,43.12223446828216,1.5551498389594958,0.05313382080957015,0.023705841050463482,0.01778599999670405,0.05787489999784157,0.07566089999454562,522066.21918120916
190,195,158,30810,31.62555454350278,1.2321973200756855,0.07499259591093488,0.03316659499110144,0.00825759999861475,0.048168399996939115,0.056425999995553866,546024.8821895526
191,212,158,33496,34.12555824458299,1.355764132989807,0.06590477940092082,0.029133018142257498,0.009510100004263222,0.04598470000200905,0.05549480000627227,603588.083860364
192,168,158,26544,44.19148342578723,1.6253774653830126,0.051927546925944666,0.023211743117546174,0.009412700004759245,0.043459799999254756,0.052872500004014,502037.9213766101
193,164,158,25912,42.03987869440702,1.3163996128856787,0.05588300525203164,0.02480415930148981,0.006340200001432095,0.03837480000220239,0.044715000003634486,579492.3403308474
194,160,158,25280,27.39601631920511,1.7962916341523143,0.09223507402003911,0.041537523517982226,0.005567000000155531,0.025494900000921916,0.031061900001077447,813858.7787328885
195,224,158,35392,43.996335998923506,1.8499043474458345,0.050336070332590466,0.022817584393373436,0.009573000003001653,0.04217619999690214,0.051749199999903794,683913.9542266508
196,163,158,25754,44.14909818257651,1.2630804712147794,0.05594265343392056,0.02452351456503753,0.007798699996783398,0.05408329999772832,0.061881999994511716,416179.17976607266
197,181,158,28598,40.40550693076325,1.7819466186340456,0.05269378742412409,0.023650389027811063,0.00692170000547776,0.0411452000043937,0.04806690000987146,594962.4376468392
198,219,158,34602,42.205099863850904,0.9868795988575363,0.060272769266707056,0.026286411671694127,0.010051500001281966,0.08066340000368655,0.09071490000496851,381436.78710007755
199,221,158,34918,31.12320448656284,1.544634353420974,0.07406482759641915,0.03305597243533704,0.007891499997640494,0.04374939999979688,0.05164089999743737,676169.4703564959
200,194,158,30652,25.31717717668321,0.8730263000870131,0.11480514407293851,0.05270283137508641,0.008931799995480105,0.04419919999781996,0.053130999993300065,576913.6662939768
201,250,158,39500,32.90206891910819,1.2688375458725762,0.07021973495983268,0.031119295205166993,0.009301099998992868,0.05371670000022277,0.06301779999921564,626807.029132906
202,226,158,35708,41.118026246059244,1.769102782379645,0.05225833791138873,0.02362906182997012,0.008857000000716653,0.044858599998406135,0.05371559999912279,664760.330343199
203,191,158,30178,27.482837625895126,1.421896179742926,0.09402741163664588,0.04233228181384318,0.00912640000024112,0.05278620000171941,0.06191260000196053,487429.0531982889
204,191,158,30178,25.05802535408823,0.9754750479195651,0.11534369107890992,0.05285622194164917,0.006806200006394647,0.03820610000548186,0.045012300011876505,670438.9687271597
205,193,158,30494,29.044781098927587,0.7026619133940489,0.09403183976615027,0.04234187968798167,0.008358999999472871,0.04618520000076387,0.05454420000023674,559069.5252633212
206,232,158,36656,26.025387045055837,0.5543424953492209,0.11588723983336907,0.05314818629163978,0.007478700004867278,0.03826149999804329,0.04574020000291057,801395.7087565748
207,250,158,39500,39.63726201115389,0.3755443601583063,0.07532206856595082,0.033743913847200546,0.009619900003599469,0.05478890000085812,0.06440880000445759,613270.2363227741
208,215,158,33970,33.063765249903526,0.536486948016781,0.0818296798475263,0.036298591215631316,0.00866150000365451,0.05334779999975581,0.06200930000341032,547821.0526184259
209,224,158,35392,29.15271263703615,1.81617652558398,0.0813768019190345,0.036464935886697206,0.0088363999966532,0.03967239999474259,0.04850879999139579,729599.5779379747
210,193,158,30494,34.000965232759,1.650401920767572,0.06358142556312406,0.028169180430546732,0.0074900999970850535,0.036484600001131184,0.04397469999821624,693444.1849799303
211,153,158,24174,40.94838973938947,0.5330190517900169,0.06989381922393642,0.03054850967824855,0.0076135999988764524,0.03441300000122283,0.04202660000009928,575207.1307206125
212,174,158,27492,27.597435855333295,1.7437368936904805,0.09130363938358253,0.040987229915965206,0.0064215999955195,0.0333567000052426,0.0397783000007621,691130.5912890518
213,214,158,33812,31.63205977442216,0.9043506709378017,0.07914953602358948,0.034928337498757095,0.008038700005272403,0.04403930000262335,0.05207800000789575,649256.8838064754
214,223,158,35234,34.40498224415961,0.39106963994167,0.08227618771670875,0.03685477489401682,0.009887400003208313,0.05280299999867566,0.06269040000188397,562031.8262276385
215,173,158,27334,38.57694167823824,1.069679179425576,0.06169398235051306,0.026994043460738377,0.007692499995755497,0.05995960000291234,0.06765209999866784,404037.7165016052
216,209,158,33022,39.191747930747894,1.6004023245557821,0.055185625658308625,0.02464337668684235,0.009174200000416022,0.08065060000080848,0.0898248000012245,367626.7578614129
217,176,158,27808,41.35421333469405,1.6242602789999399,0.05335329783693125,0.023926864257961308,0.007231299998238683,0.049888499997905456,0.05711979999614414,486836.43853579974
218,181,158,28598,26.761501918458023,0.32815092194903817,0.11694773050755722,0.05465353166957157,0.007039000003715046,0.04007180000189692,0.047110800005611964,607037.0275307007
219,151,158,23858,36.480576006836785,0.37754650744545193,0.07831125864629108,0.035376937336017086,0.0075666999982786365,0.04521759999624919,0.05278429999452783,451990.45933115284
220,187,158,29546,41.267327203767195,1.0031528219433907,0.06065200582114323,0.026335438123318174,0.00994419999915408,0.06304739999904996,0.07299159999820404,404786.3041874268
221,217,158,34286,29.575341662378634,1.9684088343422,0.07861464119043642,0.03512626471796324,0.009198399995511863,0.06419309999910183,0.0733914999946137,467165.8162391598
222,235,158,37130,26.82466644190488,1.5592841383522675,0.09720508254969767,0.0439111422256929,0.010987900001055095,0.06982520000019576,0.08081310000125086,459455.2120810275
223,246,158,38868,39.33603506554312,1.070103058256823,0.060931823029941636,0.026664414754448532,0.010312499995052349,0.06071499999961816,0.0710274999946705,547224.6665434716
224,153,158,24174,34.767430648177964,0.7111065409090462,0.07391692323386603,0.032504410505052955,0.006404600004316308,0.040281199995661154,0.04668579999997746,517801.9868999068
225,170,158,26860,29.67598247596481,0.7863707022924611,0.08925772095648374,0.03993727879735836,0.007402900002489332,0.03539000000455417,0.0427929000070435,627674.2168812811
226,232,158,36656,44.13602269742795,1.4724283276991603,0.05350497628587177,0.02383459148995292,0.009899999997287523,0.04451100000005681,0.054410999997344334,673687.3059085312
227,189,158,29862,29.94625717913421,1.3022769136766277,0.08167759325414461,0.03612490667187603,0.00848690000566421,0.04680519999965327,0.05529210000531748,540077.153827186
228,150,158,23700,33.4700995576498,0.6228402336317236,0.07856483301490885,0.03469925373193214,0.006639500003075227,0.037394400002085604,0.04403390000516083,538221.688227078
229,245,158,38710,35.72064697165885,1.8306503195709023,0.058323345443057076,0.026125923967162977,0.009194400001433678,0.05884949999745004,0.06804389999888372,568897.432402244
230,216,158,34128,34.08924754800083,1.6157833524090377,0.063731867288857,0.02833971757760761,0.007936900001368485,0.03782679999858374,0.04576369999995222,745743.8974566223
231,215,158,33970,31.863422374866314,1.2030910917808346,0.07447104855804604,0.032879055959686695,0.009794300000066869,0.05580950000148732,0.06560380000155419,517805.37101806956
232,244,158,38552,33.155988559085586,0.6379837882754353,0.07932100109395371,0.035040030209685026,0.008538800000678748,0.045661600001039915,0.05420040000171866,711286.2635474561
233,173,158,27334,32.11768919642179,1.9663826413556247,0.067243930291542,0.030050542735078366,0.006625200003327336,0.04689180000423221,0.053517000007559545,510753.5922443137
234,178,158,28124,40.40752714741504,1.2088061181453666,0.05854394619951502,0.02569708000506953,0.007032299996353686,0.03862659999867901,0.0456588999950327,615958.7726173792
235,183,158,28914,44.894806558021095,0.9126526860713344,0.06044869251852407,0.026335341162242003,0.006881300003442448,0.03965579999930924,0.046537100002751686,621310.7391369542
236,176,158,27808,41.398702321651726,1.799797921264244,0.051818832889297554,0.023423251691741764,0.006516800000099465,0.03949320000538137,0.04601000000548083,604390.349851933
237,247,158,39026,32.790036952451786,1.6867278085838668,0.06671564695113473,0.029750442218990716,0.008973299998615403,0.04893090000405209,0.057904200002667494,673975.2901896957
238,213,158,33654,34.12235385035915,1.0931636966916993,0.06900845301478815,0.03025289014051065,0.008894600003259256,0.048683500004699454,0.05757810000795871,584493.0623856672
239,181,158,28598,38.764982477611255,1.0177161287968544,0.06215295145717101,0.027320466352381424,0.008597399995778687,0.04217390000121668,0.05077129999699537,563270.9818675595
240,227,158,35866,39.39768616481558,1.1609493736149625,0.05962256854496754,0.026153384016943892,0.009048200001416262,0.05423400000290712,0.06328220000432339,566762.8495461546
241,221,158,34918,39.52174786388948,1.0540117209818582,0.06116732726505162,0.02669117642005004,0.009236300000338815,0.04510380000283476,0.054340100003173575,642582.5494977138
242,214,158,33812,37.48002244928985,1.7750049839035678,0.055870053109052485,0.02499675829141413,0.010158099998079706,0.056912200001534075,0.06707029999961378,504127.758489148
243,168,158,26544,35.72368132452388,1.9561120023800227,0.05748623263895705,0.025824692918431834,0.006488300001365133,0.02935319999960484,0.03584150000096997,740594.0041371495
244,222,158,35076,32.852262507056196,1.7770323333768752,0.06614505083386858,0.02955537389758986,0.007827100002032239,0.04016840000258526,0.0479955000046175,730818.5141653998
245,229,158,36182,29.91536819037679,1.0006313433525045,0.08498048149256492,0.037755702861375834,0.009374900000693742,0.049210600001970306,0.05858550000266405,617593.0904123837
246,205,158,32390,42.583375133056194,0.44600152485263694,0.07164162544666523,0.031441577467988875,0.008680099999764934,0.0413604999994277,0.050040599999192636,647274.413186944
247,174,158,27492,41.69335103812722,1.8230757875418089,0.051532168933044256,0.02330116419980204,0.005989899997075554,0.030630299996118993,0.03662019999319455,750733.202033552
248,235,158,37130,39.346111906261,0.887930688917705,0.0639253669948931,0.027802123093910506,0.008173400005034637,0.04092790000140667,0.049101300006441306,756191.7911568357
249,195,158,30810,25.991693155227665,1.4903533027978355,0.1042110882529828,0.04707537197297879,0.007457399995473679,0.061843199997383635,0.06930059999285731,444584.8954146938
250,188,158,29704,37.63778697569979,1.6410627702133587,0.056822660063725314,0.025264662470249524,0.007555100004537962,0.03890910000336589,0.046464200007903855,639287.8817443787
251,154,158,24332,27.47395900424735,0.9877015028136147,0.09847003910306304,0.04427551840439382,0.006446800005505793,0.029530300002079457,0.03597710000758525,676319.1028423622
252,156,158,24648,27.88446554977652,1.3409047151828908,0.09244381421228043,0.04130295163185749,0.006634999997913837,0.03208079999603797,0.038715799993951805,636639.3049827337
253,170,158,26860,36.343813775618,0.8464902736926865,0.06810496417023276,0.02982260570068469,0.00745469999674242,0.037222500002826564,0.044677199999568984,601201.5077099534
254,242,158,38236,26.21277752327395,0.8926493699112765,0.10770402949699757,0.049159862155177814,0.00987870000244584,0.04968550000194227,0.05956420000438811,641929.2124662657
255,166,158,26228,27.618963014460036,1.9886990540797855,0.08945823193648002,0.04025894651863876,0.007552600000053644,0.03830739999830257,0.045859999998356216,571914.5224801593
256,203,158,32074,31.000664271654973,1.8367102074572423,0.072601013640811,0.032416577896266965,0.00796509999781847,0.04638469999918016,0.05434979999699863,590140.1661417563
257,234,158,36972,35.705144351678484,1.8702094270007477,0.058085193722745766,0.026027458472094436,0.008677400001033675,0.052849500003503636,0.06152690000453731,600907.8955265663
258,225,158,35550,42.5883018190537,0.41741274230423475,0.07187908307737939,0.031928963295452785,0.01244560000486672,0.08197479999944335,0.09442040000431007,376507.61909902125
259,191,158,30178,39.65656554739134,0.6123786857552367,0.06905628699805673,0.03013614476381282,0.01236070000595646,0.07361870000022464,0.0859794000061811,350991.0513196241
260,216,158,34128,34.341487953663176,1.7351482707305919,0.061903155228172635,0.02772565316611751,0.009174300001177471,0.05881829999998445,0.06799260000116192,501936.9754858145
261,242,158,38236,29.907940088339096,0.7776167098729367,0.08865126152865213,0.03942223750316379,0.019270600001618732,0.14502820000052452,0.16429880000214325,232722.33272246187
262,160,158,25280,41.648797174521405,1.5566656137173212,0.05367968669648121,0.02389344827938449,0.009221900007105432,0.07006140000157757,0.079283300008683,318856.55613769067
263,220,158,34760,38.87354985216485,0.4891914522015861,0.07277924276567796,0.03200142207190737,0.009908800006087404,0.062428699995507486,0.07233750000159489,480525.31535142375
264,216,158,34128,31.326247891771093,1.1490292328309382,0.07714246271234708,0.03413875283733985,0.010937799997918773,0.0826798999987659,0.09361769999668468,364546.4479602531
265,207,158,32706,30.188997032670716,0.9572088426457106,0.0842994952156502,0.037504452468959795,0.008980200000223704,0.05818600000202423,0.06716620000224793,486941.34845957323
266,226,158,35708,37.022460687581,0.31413675881552294,0.07960099329710714,0.036355004963823254,0.012108299997635186,0.13567840000177966,0.14778669999941485,241618.4947640172
267,222,158,35076,31.91905512164126,1.5118231017179353,0.07109551864694637,0.03159393516338009,0.011360000004060566,0.06368700000166427,0.07504700000572484,467387.1040457884
268,171,158,27018,44.00332892213554,1.5331927873587687,0.05309740540050977,0.023704459983606534,0.0077052999986335635,0.06882849999965401,0.07653379999828758,353020.4955275254
269,235,158,37130,30.383545346131577,0.9387375564999791,0.08385485256356533,0.03720004262853054,0.012682300002779812,0.09503889999905368,0.1077212000018335,344686.0970669471
270,198,158,31284,28.522675142625012,1.1896134736603432,0.09021095703264204,0.04030182772319533,0.01614530000369996,0.09894360000180313,0.11508890000550309,271824.65032252565
271,209,158,33022,27.259384996683494,1.2371691930678435,0.09720481404205586,0.04379367722852587,0.009763599999132566,0.07061020000401186,0.08037380000314442,410855.2786941528
272,201,158,31758,26.247763705883255,1.5976166437280928,0.10171478345683002,0.045866497134483174,0.012070299999322742,0.05278829999588197,0.06485859999520471,489649.7920452802
273,185,158,29230,33.909387512264985,0.3298785317550805,0.08515226568471844,0.03874201819635566,0.009503499997663312,0.05144230000587413,0.06094580000353744,479606.4699832215
274,185,158,29230,43.63621923993025,0.8795064664784209,0.061473051282322666,0.02665857049163997,0.007997000000614207,0.04574460000003455,0.05374160000064876,543898.9535043084
275,178,158,28124,39.55688584806117,0.5189395338759586,0.07135375576702009,0.03130477442416461,0.008289700002933387,0.04697950000263518,0.055269200005568564,508854.84134321485
276,229,158,36182,34.90439695525839,0.7452067010395946,0.07268952927469201,0.03190432023381957,0.008171399997081608,0.05544150000059744,0.06361289999767905,568784.0045229838
277,220,158,34760,38.980632244639814,1.5865507089765147,0.055442037764817514,0.024787918609726827,0.00893470000301022,0.044086300003982615,0.053021000006992836,655589.2947212533
278,221,158,34918,28.870177712399038,0.8948455409190776,0.09175276054860884,0.041034941696570446,0.0092545000006794,0.05648239999572979,0.06573689999640919,531178.0750523277
279,189,158,29862,31.807902019619355,1.4958724621346942,0.07190044106358012,0.03187162966898764,0.006702700004098006,0.044565399999555666,0.05126810000365367,582467.460231057
280,156,158,24648,26.188793761484902,1.5826084596074887,0.10191630036725131,0.04599270581859077,0.0060241999963182025,0.033491700000013225,0.03951589999633143,623748.9213781862
281,188,158,29704,26.48493460267211,0.7219207032719411,0.10906074111318126,0.049571423001667975,0.006725200000801124,0.04216699999960838,0.0488922000004095,607540.6711040045
282,205,158,32390,30.43585498497211,1.6863994661041481,0.0758454744594639,0.03395132641412529,0.008168699998350348,0.0583626000006916,0.06653129999904195,486838.52563329466
283,248,158,39184,37.37388590257942,1.6435520951205536,0.05698609418712346,0.025374105035322784,0.009662700002081692,0.04915489999984857,0.05881760000193026,666195.1524495061
284,216,158,34128,32.03065548155159,1.4849434130580366,0.07107542580820762,0.031603472662296295,0.009847799999988638,0.045046899998851586,0.054894699998840224,621699.3626109812
285,241,158,38078,26.550287673088356,1.574374503992709,0.0987708111721547,0.044818563700476814,0.009201500004564878,0.06140109999978449,0.07060260000434937,539328.5799340855
286,243,158,38394,34.302481929576075,1.3532875523907126,0.06540716453429002,0.02897864338790798,0.009480999993684236,0.055901100000482984,0.06538209999416722,587224.9438825788
287,195,158,30810,40.85313846505503,1.0761181404868492,0.059911269501550894,0.02617897599718627,0.007866799998737406,0.09735299999738345,0.10521979999612086,292815.61076086323
288,215,158,33970,33.05076834695936,0.4324312467341186,0.0843968547193426,0.0379567709766516,0.009571800001140218,0.06175249999796506,0.07132429999910528,476275.26664020726
289,179,158,28282,41.11477038144021,1.7072101908776476,0.052926560065343416,0.023738250097433942,0.012023499999486376,0.08873279999534134,0.10075629999482771,280697.08793844003
290,151,158,23858,41.1743573291784,0.43836039990725906,0.07233976438563766,0.0320335401210031,0.007101799994416069,0.04973920000338694,0.05684099999780301,419732.23555043276
291,207,158,32706,25.947474812513875,0.580402082789353,0.11571812814095978,0.05324693752575917,0.009483400004683062,0.07305829999677371,0.08254170000145677,396236.0842994847
292,220,158,34760,30.002882456026775,0.4997942487383376,0.094149402410873,0.04224348204937859,0.010808699997141957,0.054020700001274236,0.06482939999841619,536176.4878411524
293,244,158,38552,29.726470391515388,0.3775231282896,0.09876533809984477,0.044895916323084956,0.011528399998496752,0.049856999998155516,0.06138539999665227,628032.0728072552
294,201,158,31758,41.54672662046458,0.6538238798209122,0.06679061398092648,0.02923914737671509,0.009903699996357318,0.07871149999846239,0.0886151999948197,358380.95498127316
295,207,158,32706,37.34143053041973,0.5131497610830319,0.0737966366850369,0.032479087322689976,0.011323400001856498,0.06779999999707798,0.07912339999893447,413354.33007732785
296,209,158,33022,41.79419184902782,0.4222079517256302,0.0723867538943439,0.032261913153231354,0.009857400000328198,0.08735650000016904,0.09721390000049723,339683.9340858776
297,250,158,39500,37.285110485830394,1.4913646030326577,0.05832606255929438,0.02586924382735458,0.0094429000018863,0.08224589999736054,0.09168879999924684,430805.0710700158
298,153,158,24174,30.747003999189516,0.8470639927782857,0.08351324509871981,0.037033409726763576,0.008714499999769032,0.08873920000041835,0.09745370000018738,248056.25645771806
299,190,158,30020,31.929178284937898,1.3649023094700343,0.07264635075740722,0.03225740245743904,0.010711900002206676,0.06728429999930086,0.07799620000150753,384890.5459422352
300,231,158,36498,35.819868600676976,1.4967008899295016,0.060717163131862165,0.026944131670464177,0.012161799997556955,0.10735690000001341,0.11951869999757037,305374.80746311625
301,229,158,36182,29.888097745399588,0.4878676788029211,0.09461859984431889,0.04272161538870486,0.012274200002138969,0.06960109999636188,0.08187529999850085,441915.93802602857
302,172,158,27176,39.86106617554603,0.8758699270888934,0.06330954181034444,0.027570204583340096,0.007686099997954443,0.041611100001318846,0.04929719999927329,551268.6318979701
303,186,158,29388,25.259035237224555,1.1158618956288968,0.11255440080759158,0.05135028781575315,0.008201899996493012,0.05500690000189934,0.06320879999839235,464935.2621905091
304,237,158,37446,31.623390681383555,1.642633678622578,0.07100765782338508,0.03168601005072206,0.010459999997692648,0.05563570000231266,0.06609570000000531,566542.1502457345
305,154,158,24332,36.23185895720518,0.6593508021476753,0.07227942141242925,0.03154283305666491,0.007234400000015739,0.03493539999908535,0.04216979999910109,577000.6023390832
306,197,158,31126,34.97860703328203,1.5811231959374867,0.06190734567797228,0.027557573866519237,0.010419400001410395,0.07182119999924907,0.08224060000065947,378474.86520952435
307,246,158,38868,35.11388618911095,0.6410073957991758,0.07458257512826628,0.032715067768767606,0.012670199997955933,0.07496259999606991,0.08763279999402585,443532.5586156066
308,173,158,27334,41.81015095696053,1.1519067764022861,0.05816807875365293,0.025433469818259086,0.0071889000028022565,0.04918829999951413,0.056377200002316386,484841.389761764
309,217,158,34286,44.5099387787805,1.0646609122754922,0.05835727590843474,0.025413812027331097,0.009056500006408896,0.06625160000112373,0.07530810000753263,455276.3912058672
310,243,158,38394,35.40929634897134,1.3568201343168826,0.0632116576473236,0.02784190570598351,0.009698499998194166,0.08290000000124564,0.09259849999943981,414628.7466884698
311,224,158,35392,35.109521270508694,0.5788861865948547,0.07572834604203382,0.03325688753757327,0.012157099998148624,0.06647369999700459,0.07863079999515321,450103.52180292655
312,239,158,37762,30.587127497079393,0.5090889771967061,0.09097501490466989,0.040923361009857544,0.010296100001141895,0.10984290000487817,0.12013900000602007,314319.2468566226
313,243,158,38394,28.107423281881548,1.7950038707728517,0.08770313500000904,0.03931580474240289,0.009542399995552842,0.06571390000317479,0.07525629999872763,510176.55665571033
314,173,158,27334,41.51378523687886,1.0871941922086885,0.059249933648621515,0.025934622963011352,0.007175200000347104,0.043358899994927924,0.05053409999527503,540902.0839899344
315,236,158,37288,44.035139048912754,1.9698798228798473,0.04948947802654755,0.02253582787307616,0.009456100000534207,0.05027220000192756,0.059728300002461765,624293.6765061644
316,212,158,33496,25.745984957198424,1.398798344852728,0.10619154561730004,0.04833289325219767,0.009221899999829475,0.04692869999416871,0.056150599993998185,596538.5944866184
317,246,158,38868,44.273821050825724,0.7397548748457028,0.0637776170471779,0.027748529784713476,0.008755299997574184,0.054601700001512654,0.06335699999908684,613476.0168657007
318,243,158,38394,36.69245696453481,0.5932311824273295,0.07275254334387118,0.03195762872241648,0.01043319999735104,0.05449390000285348,0.06492710000020452,591340.1337789468
319,231,158,36498,32.1954579413869,1.170867008693476,0.07366253773240296,0.03245676295259021,0.009848300003795885,0.06135399999766378,0.07120230000145966,512595.8009678309
320,175,158,27650,39.31338686482997,1.3770395000477487,0.05734510197553248,0.025322368479238508,0.008107299996481743,0.0641853999986779,0.07229269999515964,382472.9191446897
321,221,158,34918,27.273462528078525,1.6493533548303692,0.09399015920051017,0.0422378725235645,0.00967310000123689,0.07554019999952288,0.08521330000075977,409771.7140362909
322,164,158,25912,31.71555358490515,0.5034883536737548,0.08728446373847316,0.038970324718217944,0.010941600005025975,0.04779179999604821,0.05873340000107419,441179.9759510958
323,220,158,34760,41.01312797446846,1.0203930284445835,0.06036996721482464,0.026287217376266887,0.008914799997000955,0.049472599996079225,0.05838739999308018,595333.9248556984
324,166,158,26228,27.465132295548667,0.4680723182998926,0.1086014437221468,0.049609966013072354,0.006227400001080241,0.03518540000368375,0.041412800004763994,633330.7575672936
325,173,158,27334,25.25756605714179,1.179300646270328,0.11135362281869447,0.050872310277045175,0.007280500001797918,0.04271139999764273,0.04999189999944065,546768.5765155122
326,220,158,34760,31.969157751029634,1.8515540190735553,0.06857227486719757,0.030664191538423702,0.007508200003940146,0.04413170000043465,0.051639900004374795,673122.9145884331
327,173,158,27334,29.545171702713688,1.0895314368735896,0.08557679865960405,0.03803088930646053,0.006881600005726796,0.03746369999862509,0.044345300004351884,616390.0119588218
328,215,158,33970,33.09231870572419,0.5100028619817334,0.08241550462001793,0.036707483483657,0.011611599999014288,0.1085220999957528,0.12013369999476708,282768.282351078
329,178,158,28124,44.483708809339504,1.0652889210263345,0.05814134626292228,0.025351432375142265,0.009436799999093637,0.09995070000150008,0.10938750000059372,257104.33093221212
330,235,158,37130,43.305482269534764,1.1606067119078465,0.05730013601415935,0.02506386409522456,0.011888299995916896,0.09617029999935767,0.10805859999527456,343609.85614864255
331,188,158,29704,25.84349255575656,1.792615958066212,0.10289274725565946,0.04675156192274149,0.008163499995134771,0.0410492000009981,0.04921269999613287,603584.034249983
332,208,158,32864,37.24627745065196,1.6704640670475401,0.05698695891396248,0.025411685106811747,0.011369500003638677,0.0724813000051654,0.08385080000880407,391934.24507040344
333,250,158,39500,31.304277671743954,1.4569616324275656,0.07388221955972983,0.03284589401153588,0.012053300000843592,0.07600049999746261,0.0880537999983062,448589.3851345407
334,171,158,27018,25.721648944728233,1.0839235341117877,0.10924887974467294,0.04990764038191783,0.007444800001394469,0.06383369999821298,0.07127849999960745,379048.3806498284
335,216,158,34128,36.128397536631965,0.37591383093801517,0.07927482528492001,0.035614453725495196,0.007622500001161825,0.042071399999258574,0.0496939000004204,686764.3714764043
336,250,158,39500,26.189043110147434,1.6806061497436273,0.10134696223950361,0.045749771343079386,0.011662699995213188,0.0741319000007934,0.08579459999600658,460401.93674005795
337,230,158,36340,35.497139864448165,1.5069885303677641,0.06132215412488657,0.027311547224894164,0.010362000000895932,0.06821009999839589,0.07857209999929182,462505.13859662064
338,209,158,33022,38.160809461573095,0.3609179974063664,0.07734595150581212,0.034706213665768634,0.011177499996847473,0.11514639999950305,0.12632389999635052,261407.38214189082
339,249,158,39342,41.377484458597124,0.43343046646886374,0.07251700400637569,0.03200541530905818,0.010569699996267445,0.08181220000551548,0.09238190000178292,425862.6419162273
340,209,158,33022,39.80753509280041,1.155273843388519,0.059544693808714966,0.026061687100092882,0.015288000002328772,0.18058349999773782,0.1958715000000666,168590.12158475723
341,151,158,23858,42.72303912146478,1.667371765315963,0.05233941132360915,0.023456819044454003,0.008748599997488782,0.11687629999505589,0.12562489999254467,189914.5790477515
342,234,158,36972,39.572796540043704,1.2786132714426257,0.05837116326923915,0.02559872919344413,0.014222599995264318,0.10303920000296785,0.11726179999823216,315294.4948871447
343,213,158,33654,40.12719394840188,1.2352555561658503,0.058296989171124615,0.0256046581269949,0.011026499996660277,0.08278509999945527,0.09381159999611555,358740.283732433
344,237,158,37446,29.07267312256974,0.8468992184218049,0.0910303506812733,0.04089257516106609,0.013305699998454656,0.10863039999821922,0.12193609999667387,307095.2736804067
345,207,158,32706,32.30471251199481,1.1688904072741837,0.07337301060447882,0.032471138839421196,0.011127500001748558,0.08188660000450909,0.09301410000625765,351624.10857923323
346,197,158,31126,27.03895713983257,0.3846427128634927,0.11360250852686944,0.05245132159829946,0.011689300001307856,0.117235099998652,0.12892439999995986,241428.30992434087
347,206,158,32548,38.13634767265128,1.1073045876587595,0.06166418275743078,0.027046376484062464,0.011671000000205822,0.06780009999783942,0.07947109999804525,409557.68827662617
348,150,158,23700,25.759698936695322,0.8192529149029064,0.11207191654585083,0.05139885851429609,0.00879269999859389,0.06531530000211205,0.07410800000070594,319803.52998022124
349,241,158,38078,36.77070767244877,0.3749933012284959,0.07840629164590594,0.03522283718946709,0.011654499998257961,0.08223200000065845,0.0938864999989164,405574.8164053349
350,202,158,31916,36.36110906374936,1.3336808843029573,0.061477422748017777,0.02704387793233967,0.01099689999682596,0.06019199999718694,0.0711888999940129,448328.32088547776
351,153,158,24174,29.03312641065652,1.1200705574387553,0.08786737646461454,0.03930056171400624,0.008237299996835645,0.05642740000621416,0.0646647000030498,373836.11149297643
352,162,158,25596,40.23932904247835,1.8985379842218313,0.05196068462122531,0.023659206145016216,0.008846600001561455,0.0681994000042323,0.07704600000579376,332217.1170219767
353,216,158,34128,43.21627235922679,1.8755124061837551,0.050445641845598785,0.02292573615271207,0.013479900000675116,0.08284709999861661,0.09632699999929173,354293.188828168
354,204,158,32232,31.26654882424783,1.2160351201048794,0.0766625565022759,0.03407692936366503,0.010372999997343868,0.06586840000090888,0.07624139999825275,422762.4361664224
355,220,158,34760,31.323264231014786,1.5855827250979841,0.07264948418797874,0.03234533339572732,0.012420999999449123,0.08362079999642447,0.09604179999587359,361925.74484748783
356,197,158,31126,30.36542693205535,1.513034729846686,0.07727645875610042,0.03456848914161993,0.011011800001142547,0.09398740000324324,0.10499920000438578,296440.35381888505
357,159,158,25122,40.54387705438535,0.6838228770800598,0.06659146907174288,0.029096176465075854,0.008377999998629093,0.058799899998120964,0.06717789999675006,373962.2703480662
358,166,158,26228,40.572365000573924,1.2434884426171438,0.057947873879680485,0.025472927805099355,0.009696399996755645,0.06505009999818867,0.07474649999494432,350892.683962112
359,203,158,32074,37.15999753275995,0.6367055436973399,0.07124580285520217,0.03113334614138719,0.010559299997112248,0.12178319999657106,0.1323424999936833,242356.0080966499
360,197,158,31126,32.40748426022137,0.5076067515119931,0.08444201730858064,0.037649975646104054,0.013317900004039984,0.3367945999998483,0.35011250000388827,88902.85265351657
361,217,158,34286,36.42239812973538,1.8101951585140639,0.057131527138212505,0.025662523235871402,0.012432299998181406,0.09670629999891389,0.1091385999970953,314150.99699751067
362,226,158,35708,34.24519208444613,1.99798959012565,0.06053001564525364,0.027228818476691837,0.012763899998390116,0.08003089999692747,0.09279479999531759,384806.0451857412
363,161,158,25438,40.90390216029101,1.2814061831286447,0.057053667662924835,0.025176804858877355,0.008534699998563156,0.057213800006138626,0.06574850000470178,386898.56039576395
364,183,158,28914,32.263030754466804,1.6741102691729108,0.0688268956747785,0.0306279581074388,0.009030500004882924,0.0743713999981992,0.08340190000308212,346682.7494209542
365,197,158,31126,33.74875831893579,1.509212252797035,0.06553471540784415,0.029117458695602453,0.009389499995450024,0.07193639999604784,0.08132589999149786,382731.70051919547
366,157,158,24806,39.531113940070654,0.6463734047883216,0.06838297724105104,0.02967065604747975,0.008486200000334065,0.05670319999626372,0.06518939999659779,380521.98672321904
367,218,158,34444,41.62348938235078,0.859504895074009,0.06278417376393892,0.027272236565830398,0.012275900000531692,0.08158849999745144,0.09386439999798313,366954.8838616142
368,166,158,26228,40.16078544755469,1.5922281769510558,0.05462189185659316,0.024357906834546975,0.009275299998989794,0.05806200000370154,0.06733730000269134,389501.8065611737
369,227,158,35866,26.689300394655262,1.5494049328508195,0.0985762582910095,0.04445621167691395,0.010696800003643148,0.07540460000018356,0.08610140000382671,416555.3637734806
370,185,158,29230,44.580197335191166,0.8824181061807697,0.06120781280782804,0.02644779364404926,0.009777400002349168,0.06952610000007553,0.0793035000024247,368583.98430215934
371,161,158,25438,39.09677007688854,0.3618051217566958,0.07586147454892726,0.034077052252970016,0.01038200000039069,0.08721479999803705,0.09759679999842774,260643.79160392348
372,170,158,26860,25.53921172100257,0.9720015884746156,0.11205189328380896,0.05104362910259199,0.009511800002655946,0.05841960000543622,0.06793140000809217,395398.88765431545
373,159,158,25122,34.97485198637563,0.5769571300769851,0.07611530544848776,0.033614421211971994,0.008200699994631577,0.06216600000334438,0.07036669999797596,357015.4632904856
374,239,158,37762,42.22302520306258,1.8429254092415097,0.05109354515422957,0.023191722773048304,0.01146570000128122,0.0800124000015785,0.09147810000285972,412798.254432695
375,228,158,36024,41.78929270894906,1.3918909339048078,0.05537968465894487,0.024530540161697326,0.010098200000356883,0.07426540000597015,0.08436360000632703,427008.80471315
376,237,158,37446,26.860145229052556,1.2929598106207638,0.0994487929000166,0.04483786946793655,0.014012799998454284,0.0910552000059397,0.10506800000439398,356397.7614348231
377,226,158,35708,36.19911231452262,1.3086567639527444,0.06206349337713876,0.02736708383005351,0.01531770000292454,0.2741043000060017,0.28942200000892626,123376.93747848715
378,175,158,27650,29.619798505402255,1.621530334495832,0.0803001104435212,0.035797644281436544,0.009127000004809815,0.10612140000012005,0.11524840000492986,239916.56282271375
379,241,158,38078,27.206631645609477,1.2809086253849993,0.09711074431919185,0.04357300874697336,0.012012999999569729,0.09394559999782359,0.10595859999739332,359366.7715592387
380,187,158,29546,28.510201796309566,0.5608815649192465,0.10025310226062166,0.04513149352037969,0.01085340000281576,0.09603939999942668,0.10689280000224244,276407.76553126285
381,206,158,32548,39.901901080461734,1.396000185739026,0.05665352445976173,0.024995079265552545,0.010916200000792742,0.08002780000242637,0.09094400000321912,357890.5700084437
382,240,158,37920,38.24317024615752,1.6830750631551228,0.055669313501686565,0.024878620396620584,0.01924430000508437,0.10999360000278102,0.1292379000078654,293412.3813346719
383,198,158,31284,35.75066571700559,0.6326446443705099,0.07354253561342218,0.03240489502787027,0.01007479999680072,0.06482310000137659,0.07489789999817731,417688.61344258406
384,169,158,26702,40.755724740764734,0.737226642458308,0.06563224455204296,0.028537287947637192,0.008575300002121367,0.05301540000073146,0.06159070000285283,433539.47915453446
385,214,158,33812,36.09497805744893,1.2676923653168812,0.06242532464781926,0.027547926459781123,0.010129800000868272,0.06579639999836218,0.07592619999923045,445327.17296984047
386,225,158,35550,25.24643993191403,1.4114790259964927,0.10976572960144622,0.05009633933696188,0.014385200003744103,0.07822560000204248,0.09261080000578659,383864.5168574155
387,249,158,39342,33.83856771339276,1.3672255081872142,0.06650787298424776,0.029525522415401927,0.011701700001140125,0.08773729999666102,0.09943899999780115,395639.53781584644
388,161,158,25438,26.827122729962287,0.9943857440046278,0.10271360180852689,0.046205483208690126,0.00826230000529904,0.054659800000081304,0.06292210000538034,404277.67029111943
389,192,158,30336,28.665518748896645,0.7812681398557249,0.09460510638620748,0.04240515746444546,0.009202499997627456,0.05747960000007879,0.06668209999770625,454934.6826366222
390,165,158,26070,42.71972388139329,1.2886461505106679,0.05582097629273677,0.024719409828029133,0.008877199994458351,0.048550400002568495,0.057427599997026846,453962.90287857584
391,226,158,35708,28.285988368313216,1.3146860982761488,0.09004051711542316,0.040364039499326834,0.01048840000294149,0.05693710000196006,0.06742550000490155,529591.9199324318
392,228,158,36024,35.87350035197832,1.8653734438401826,0.05779247595374206,0.025970440020350823,0.012069999997038394,0.09735090000322089,0.10942090000025928,329224.12445807556
393,204,158,32232,34.46630735576267,1.1092024562217937,0.06793250709154351,0.02980680962585631,0.009513199998764321,0.04904759999772068,0.058560799996485,550402.3169412757
394,238,158,37604,39.31027492934825,0.8247842500057472,0.06497468605524193,0.02831084954698242,0.011798300001828466,0.08543239999562502,0.09723069999745348,386750.27538611635
395,175,158,27650,32.87094456821165,1.7029858340544552,0.06659469674700581,0.02972938897776288,0.010054700003820471,0.06603370000084396,0.07608840000466444,363393.1058913708
396,193,158,30494,37.24064938725127,1.2786225995078404,0.060959331735696884,0.0267602186779518,0.007837299999664538,0.04786720000265632,0.055704500002320856,547424.3552806238
397,198,158,31284,42.44768235351169,0.741856546520991,0.06444007726775976,0.02791392099386139,0.007446400006301701,0.0498031999959494,0.0572496000022511,546449.232811581
398,187,158,29546,40.33675938740123,1.3117245008606893,0.05720526609672726,0.02525228186027358,0.00798469999426743,0.051306399996974505,0.059291099991241936,498320.995973499
399,220,158,34760,25.244214793771505,1.3490691360915075,0.11055905374578422,0.05017780463542201,0.010676499994588085,0.06752399999822956,0.07820049999281764,444498.4367515879
400,165,158,26070,30.926544341317303,1.8800477407646006,0.07260028648930916,0.0324039507566028,0.008354600002348889,0.052180099999532104,0.06053470000188099,430662.08305632847
401,165,158,26070,28.041285879040586,1.9452668429756435,0.08743929680723868,0.03923902434026218,0.006851199999800883,0.04846710000128951,0.05531830000109039,471272.6168281767
402,238,158,37604,44.35762779235989,1.2988734982377388,0.05529365198831199,0.024306926959216248,0.010593899998639245,0.05942569999751868,0.07001959999615792,537049.6261341594
403,182,158,28756,33.25667711757356,1.2418610592942854,0.06936356898521098,0.030690255345132998,0.007515699995565228,0.04925039999943692,0.05676609999500215,506569.94231648394
404,233,158,36814,29.768131514179913,1.4131785886052446,0.08117862788486516,0.03609290333442789,0.008927200004109181,0.06768700000247918,0.07661420000658836,480511.44561757764
405,183,158,28914,44.42650911501013,0.7953544065609337,0.06255447565368939,0.02703721000074973,0.009463900001719594,0.07642889999988256,0.08589280000160215,336628.9141751191
406,232,158,36656,36.719606308735884,1.1940230782323642,0.06245108746439224,0.027508729420312166,0.010454399998707231,0.049027100001694635,0.059481500000401866,616258.8367770205
407,209,158,33022,38.68508773782251,0.38776710709352563,0.07556969939452947,0.033891321087545834,0.009419499998330139,0.06123759999900358,0.07065709999733372,467355.7222309733
408,198,158,31284,44.6257827878603,1.9318845598905674,0.04963526308680282,0.022529279237680312,0.009359399999084417,0.04824970000481699,0.0576091000039014,543039.2073106746
409,169,158,26702,37.939897427600016,1.5318769844588,0.05724040873071135,0.025514684859522657,0.009449099998164456,0.05460350000066683,0.06405259999883128,416876.1299383196
410,247,158,39026,41.12972223702311,1.8012199932995019,0.052029749267784996,0.023570308805295676,0.012463599996408448,0.061088399997970555,0.073551999994379,530590.6026074403
411,201,158,31758,29.029341801474583,0.42425329334091777,0.10083211681416289,0.04584204277342352,0.009792899996682536,0.06374959999811836,0.07354249999480089,431831.93394629145
412,244,158,38552,33.631613184130146,0.3079201722402698,0.08641955340455489,0.039534998715549,0.010601100002531894,0.05556849999993574,0.06616960000246763,582624.0448568874
413,203,158,32074,43.67863532942775,1.3672720050678664,0.054547161464122564,0.024133218518757334,0.009774599995580502,0.061997900003916584,0.07177249999949709,446884.2523281862
414,249,158,39342,43.86801387089555,1.5625877324030526,0.052663576305854345,0.023477319315019375,0.009918399999151006,0.06846120000409428,0.07837960000324529,501941.8317823905
415,234,158,36972,31.873664737199732,0.9247072139353971,0.07790264891570188,0.03458119117367726,0.008631799995782785,0.06128829999943264,0.06992009999521542,528774.9874861444
416,230,158,36340,43.20605335523237,0.6085183710676259,0.0673310187022265,0.0293414860918568,0.009365800004161429,0.06025729999964824,0.06962310000380967,521953.2022850395
417,199,158,31442,36.825335575988944,1.7492607086428065,0.05705475984102395,0.02561080039477636,0.010320800000044983,0.14751239999895915,0.15783319999900414,199210.30556434506
418,207,158,32706,27.24782438404639,1.1603582796191707,0.09762152717837116,0.044030475606204295,0.013767900003585964,0.0975694000007934,0.11133730000437936,293756.000897395
419,240,158,37920,38.94690022947299,0.58919256981943,0.06998225095339908,0.030636689749035058,0.016083000002254266,0.09491600000183098,0.11099900000408525,341624.69930904225
420,191,158,30178,38.42126055746045,0.6975556629560321,0.06849241066828354,0.029952940429639106,0.007808900001691654,0.05207279999740422,0.05988169999909587,503960.308415687
421,165,158,26070,37.600708977586265,1.7366744304355386,0.05578390887144108,0.0250481243265078,0.0071892000050866045,0.04630950000137091,0.05349870000645751,487301.56053984945
422,242,158,38236,30.088433033168336,0.36658060094376177,0.09759393743967201,0.04426905196956465,0.011649300002318341,0.07605920000059996,0.0877085000029183,435944.0646998613
423,173,158,27334,41.629137314535356,1.2812856998968927,0.05672110475115722,0.02491054494140688,0.009092399996006861,0.048049999997601844,0.057142399993608706,478348.82684411696
424,201,158,31758,30.590052821216673,1.173048334969394,0.0796061225161743,0.035347634570038436,0.008884700000635348,0.05182090000016615,0.060705600000801496,523147.78207580023
425,198,158,31284,44.586521438004084,1.756867191919453,0.05071379496682672,0.0229312153815622,0.007464599999366328,0.043455300001369324,0.05091990000073565,614376.6975101685
426,175,158,27650,31.456536404172592,1.035487270274938,0.07814671387233055,0.03447416778915039,0.007420199995976873,0.04989870000281371,0.057318899998790585,482388.8804667118
427,207,158,32706,31.79736749007796,1.4171987611571113,0.07256319219580094,0.03236724727694351,0.008384799999475945,0.05546470000263071,0.06384950000210665,512235.8044921401
428,157,158,24806,26.619145447484986,0.4248041394986983,0.11567091743553508,0.05320069474770538,0.0063786000027903356,0.03872570000385167,0.045104300006642006,549969.736729028
429,233,158,36814,43.20930465516858,0.8809088697944139,0.06170995392654924,0.026813160826656853,0.008106399996904656,0.04988669999875128,0.05799309999565594,634799.6572481486
430,192,158,30336,29.52732197100007,0.3102030578507037,0.10152227242073485,0.046850840531532184,0.008169300002919044,0.043196300001000054,0.0513656000039191,590589.811034728
431,164,158,25912,27.094910611906432,1.4850889846324113,0.09611354801235933,0.04321729092275096,0.008063799999945331,0.040706699997826945,0.048770499997772276,531304.7846789268
432,200,158,31600,29.943299101951368,1.181094108461485,0.08291419877162813,0.036777945673155794,0.00938010000390932,0.05683610000414774,0.06621620000805706,477224.60660918284
433,196,158,30968,35.046563375032434,1.0091862693105618,0.06781303003249664,0.02987739308667371,0.007721299996774178,0.04616160000296077,0.053882899999734946,574727.7893385905
434,247,158,39026,32.5698299017541,1.9249025905432358,0.0656845547216403,0.0294995837120168,0.009756700004800223,0.054049500002292916,0.06380620000709314,611633.3521767728
435,211,158,33338,31.480837763301185,0.35480370581274184,0.0920239903190644,0.041521522422968735,0.007916800001112279,0.0496528000003309,0.05756960000144318,579090.3532274719
436,198,158,31284,43.218786606736074,1.7508530194051903,0.051391480461187834,0.023108137787520154,0.008200299998861738,0.04282459999376442,0.05102489999262616,613112.4216710075
437,219,158,34602,31.14739015520847,1.6819674088562668,0.07290061549683316,0.032487587141604136,0.010107699999934994,0.08275610000418965,0.09286380000412464,372610.20977456355
438,231,158,36498,43.04798499186468,0.633192134487681,0.06666344634809063,0.028932628904543435,0.011161700000229757,0.09572440000192728,0.10688610000215704,341466.28981002624
439,198,158,31284,38.10765725674845,1.1189593851875348,0.06146378132202877,0.027005711604916414,0.009797999999136664,0.05939550000039162,0.06919349999952829,452123.39309636416
440,210,158,33180,28.600244073081154,1.0359359743316905,0.09120696876389721,0.04074863311825155,0.010069799995108042,0.052474999996775296,0.06254479999188334,530499.7378567985
441,205,158,32390,28.04421055512052,1.3553363583181384,0.0914049613523047,0.0407363214155484,0.00828650000039488,0.06659969999600435,0.07488619999639923,432522.9481741284
442,227,158,35866,29.096135549854818,1.2984611629040754,0.08579591035457339,0.03838310559616758,0.012263500000699423,0.07790189999650465,0.09016539999720408,397780.07973249344
443,233,158,36814,37.53132462057982,1.6857226051251917,0.056465083742776014,0.02514348149460066,0.010896599997067824,0.07708620000630617,0.087982800003374,418422.6916918789
444,160,158,25280,27.33340206357628,1.9185102250471653,0.09178462317887406,0.04130788256299698,0.007648200000403449,0.03734430000622524,0.04499250000662869,561871.4229321671
445,232,158,36656,33.12062175173176,0.7944683649599377,0.07625893446888801,0.03345523780092801,0.00893789999827277,0.07845590000215452,0.08739380000042729,419434.78827812476
446,208,158,32864,34.02784395483385,0.36556819983184097,0.0838351425541639,0.037788387425838434,0.00928589999966789,0.05672780000168132,0.06601370000134921,497836.0552329034
447,237,158,37446,28.48624361088162,1.2562997569800227,0.0893450465007996,0.04001571928590892,0.008346199996594805,0.054657100001350045,0.06300329999794485,594349.8197907328
448,166,158,26228,42.08576991080372,1.2557983462453512,0.056819619429836314,0.024895598928513014,0.006369599999743514,0.030046899999433663,0.036416499999177177,720222.975865133
449,187,158,29546,32.44950161012371,0.5958063712754065,0.08247029830409369,0.03625863403293446,0.007554299998446368,0.04279400000086753,0.050348299999313895,586832.1274085247
450,209,158,33022,29.48043253253338,1.4352652711557814,0.08250403241748383,0.03683824132647135,0.008883499998773914,0.04853979999461444,0.057423299993388355,575062.7359243045
451,233,158,36814,28.684552116598624,0.8220858267278182,0.09347794810844783,0.04203165592527858,0.008577900000091176,0.04691500000626547,0.05549290000635665,663400.1826500867
452,164,158,25912,26.766623754079127,1.0692055092090715,0.1015726715335246,0.04614311120091528,0.006323300003714394,0.03414699999848381,0.0404703000021982,640272.0019024458
453,192,158,30336,36.65707160176418,0.6250514538653839,0.07208951875666256,0.031536526734404005,0.008394399999815505,0.034459000002243556,0.04285340000205906,707901.8233918985
454,162,158,25596,38.31685211493778,1.1199317881829256,0.0616056917168043,0.026917344299306135,0.006666399996902328,0.029956699996546376,0.036623099993448704,698903.1514147825
455,161,158,25438,38.7720212500594,0.7660878301499472,0.06656085606643009,0.028852706786010134,0.0074874999991152436,0.035879400005796924,0.04336690000491217,586576.3980620852
456,221,158,34918,26.46436089063425,1.6919693550793309,0.099213729968572,0.04466316281828986,0.00866640000458574,0.0524202000015066,0.06108660000609234,571614.7239577506
457,162,158,25596,35.152788380679084,0.5859230722116366,0.07536008148118946,0.033332716659904116,0.006769100000383332,0.03551729999890085,0.042286399999284185,605300.9951292445
458,239,158,37762,34.8922763486751,1.403311238214799,0.06372543512139701,0.028071955630617387,0.010898000000452157,0.08631860000605229,0.09721660000650445,388431.6052759865
459,171,158,27018,28.611265622221858,0.9437330577557739,0.09270868347101494,0.041564481572282555,0.010129000002052635,0.06666919999406673,0.07679819999611937,351805.12045028695
460,165,158,26070,37.19494559634783,1.9887578971230073,0.054627624518548724,0.024556020450364684,0.007344300000113435,0.04895109999779379,0.056295399997907225,463092.89925942704
461,180,158,28440,37.92426204814748,0.9002795240923016,0.06507983802312452,0.028413458645007307,0.009086500002013054,0.04453369999828283,0.05362020000029588,530397.1264531476
462,164,158,25912,29.499229072860906,0.8099410743608622,0.08965431757748908,0.04010437710429863,0.008549999998649582,0.04854680000426015,0.05709680000290973,453825.7835584392
463,188,158,29704,30.758724335578503,0.6614464527106771,0.08682657199449223,0.03869251632359865,0.01024630000028992,0.04368770000291988,0.0539340000032098,550747.209519639
464,233,158,36814,38.554849566751145,1.7499977574065506,0.054679016092012894,0.024504442915993522,0.011410799997975118,0.08396859999629669,0.09537939999427181,385974.32990992744
465,249,158,39342,43.194268583031615,0.6364145163073012,0.06636726691738273,0.028831331141572845,0.009035800001583993,0.06653899999946589,0.07557480000104988,520570.3488392091
466,212,158,33496,41.954877165223195,0.30698317569805145,0.07559762098246905,0.03462822342206988,0.010874499996134546,0.058559600001899526,0.06943409999803407,482414.26044189226
467,159,158,25122,42.384023617797794,1.6913752938414643,0.05231212482518735,0.023450823001748645,0.008551599996280856,0.04056529999797931,0.049116899994260166,511473.6476230335
468,179,158,28282,40.624591373674605,1.0884524615756792,0.05985605856515188,0.026128562173233755,0.007171199998992961,0.04588289999810513,0.05305409999709809,533078.499146097
469,207,158,32706,25.273361145542708,0.41363239161555476,0.1249473353685195,0.058229109476268116,0.008996399999887217,0.050572700005432125,0.05956910000531934,549043.0440795555
470,199,158,31442,34.4292702333814,1.4823666480723054,0.06382663099247524,0.028357623121471998,0.008580000001529697,0.057882599998265505,0.0664625999997952,473078.09204119135
471,202,158,31916,38.73495952056849,1.9509146318450412,0.05300502564268212,0.02403048467012008,0.01157470000180183,0.058698399996501394,0.07027309999830322,454170.94166573876
472,242,158,38236,42.87136288980136,0.8078653818169215,0.06315462740105937,0.027393320194497296,0.011377900002116803,0.05850730000383919,0.069885200005956,547125.8577887925
473,157,158,24806,25.273698602549352,1.7931449610406134,0.10766686867669026,0.048918790571307026,0.007548499997938052,0.0416343999968376,0.04918289999477565,504362.2885725519
474,178,158,28124,39.95035213972281,0.7148092247924858,0.06651095127813486,0.028983490003483058,0.008030500001041219,0.04129610000381945,0.049326600004860666,570158.9000099064
475,157,158,24806,39.12601292658066,1.9696931028583675,0.052369966772900386,0.0236595046865555,0.006637699996645097,0.040418200005660765,0.04705590000230586,527160.2498046885
476,168,158,26544,27.674903330872215,0.8917938355928332,0.09898712604870534,0.044374148123600896,0.006664499996986706,0.03854579999460839,0.04521029999159509,587122.8460093101
477,234,158,36972,28.148383992609013,1.679037616345686,0.08868375515969244,0.03955922566248319,0.00955709999834653,0.05537769999500597,0.0649347999933525,569371.1230924696
478,240,158,37920,25.959808569800444,1.5919318749553169,0.10328670002419023,0.04693471201951449,0.009866599997621961,0.046254799999587703,0.056121399997209664,675678.083616684
479,222,158,35076,32.035897355914955,0.39378131302101865,0.08868070253538297,0.0399319465848028,0.008260700000391807,0.055739199997333344,0.06399989999772515,548063.356368475
480,185,158,29230,30.0751377133909,1.5514308441553288,0.07870366384782852,0.03500695748904898,0.007164800001191907,0.04245999999693595,0.049624799998127855,589020.0061481906
481,159,158,25122,26.1404711917893,0.8233718562053478,0.10969651155551376,0.04981277947213219,0.007471999997505918,0.03968140000506537,0.04715340000257129,532771.761922366
482,158,158,24964,39.83072428605445,1.4591349203763104,0.05612736362631122,0.024834198268225336,0.007029899999906775,0.033688099996652454,0.04071799999655923,613094.9457760578
483,231,158,36498,33.35724801044342,1.1245475005096466,0.0703902882128511,0.03118098711552559,0.008930700001656078,0.04722380000021076,0.056154500001866836,649956.815549718
484,177,158,27966,32.949908724530005,0.7588452152845058,0.07770242079205256,0.03413773609533314,0.007223799999337643,0.046307799995702226,0.05353159999503987,522420.40220339526
485,202,158,31916,44.13835329308603,1.8668319851663135,0.050126469422222944,0.022724833137152487,0.008258900001237635,0.039552999995066784,0.04781189999630442,667532.5599373152
486,237,158,37446,31.622922658137455,1.7259365276204135,0.07066918295500971,0.03156642714282918,0.008229500002926216,0.05859420000342652,0.06682370000635274,560370.0482978362
487,204,158,32232,41.877185979389466,1.4656765470256956,0.05444284168120361,0.02424959913603585,0.010894099999859463,0.038098299999546725,0.04899239999940619,657897.9596915168
488,151,158,23858,42.48857145692199,1.569057277466354,0.05323771651232278,0.02372544786292603,0.0056907000034698285,0.032001699997636024,0.03769240000110585,632965.7967998863
489,161,158,25438,38.90894760273073,1.5687349051201855,0.05579428679254323,0.024861402042681016,0.007162499998230487,0.03623900000093272,0.04340149999916321,586108.7750536376
490,174,158,27492,33.668784157418834,1.409291744520573,0.06664337485066664,0.029421364120064353,0.006183299999975134,0.03473139999550767,0.040914699995482806,671934.537049893
491,213,158,33654,42.370181672388895,1.7072401061259,0.052137991592685506,0.023390604508040962,0.008303100003104191,0.03680040000472218,0.04510350000782637,746150.5203401144
492,237,158,37446,31.068610707905243,1.0175040357917289,0.07991725392352658,0.035382083661668395,0.00925229999847943,0.051731800005654804,0.060984100004134234,614028.9025739735
493,222,158,35076,25.461723796314153,0.7720979686148964,0.11544117666991435,0.05300391135886533,0.008561700000427663,0.04798940000182483,0.0565511000022525,620253.1869159554
494,225,158,35550,31.762079494849672,1.9292929166045443,0.06896514169492164,0.03084853590399279,0.008528200000000652,0.04598899999837158,0.054517199998372234,652087.7814902718
495,189,158,29862,44.985721675532275,0.3537718936604986,0.07300412264551531,0.03289446737484223,0.007927499995275866,0.06144930000300519,0.06937679999828106,430432.0752865495
496,204,158,32232,34.69494101751063,1.9790358486688064,0.05957811858657743,0.0267910353701087,0.00810990000172751,0.047123099997406825,0.055232999999134336,583564.1736010206
497,200,158,31600,29.82079698812626,1.2696848366487279,0.0822236193608076,0.036619336333684374,0.009315000002970919,0.06881649999559158,0.0781314999985625,404446.3500711159
498,158,158,24964,25.40258198500362,1.1483867703998483,0.11063880277209887,0.0504710588135772,0.006223299998964649,0.03915699999924982,0.04538029999821447,550106.5440506615
499,250,158,39500,38.8785505009029,0.9214447265029979,0.06371799190930232,0.02778984508022954,0.00890359999903012,0.04806340000504861,0.05696700000407873,693383.8888685006
500,167,158,26386,35.013225963394596,1.2611190063927595,0.06477902529967605,0.028474367904814012,0.006601499997486826,0.047394099994562566,0.05399559999204939,488669.4472120917
501,218,158,34444,36.07945355119208,0.3732907666210601,0.07931981087346553,0.03569170651139955,0.007519200000388082,0.04212289999850327,0.049642099998891354,693846.5536463854
502,223,158,35234,35.539009214973255,1.9893956126011278,0.057788080205777456,0.026113507655951055,0.010112500000104774,0.06153150000318419,0.07164400000328897,491792.753034204
503,241,158,38078,44.137743712704776,0.9914644175819796,0.05929461410982611,0.025906362967993816,0.00918660000024829,0.06325559999822872,0.07244219999847701,525632.8493723345
504,159,158,25122,37.59015518217147,1.3932111550235962,0.058925327269514174,0.026029968226513104,0.006448700005421415,0.030474999999569263,0.03692370000499068,680376.0185627242
505,198,158,31284,42.818246531928295,0.8435828300259354,0.0624257221755647,0.027051922486059626,0.007864699997298885,0.03829609999957029,0.04616079999686917,677717.8905504631
506,159,158,25122,34.501252379012925,1.531918931676989,0.0632136130094481,0.02805212541537835,0.007329400003072806,0.034764100004395004,0.04209350000746781,596814.2348710158
507,231,158,36498,37.139074763806015,1.668186488596536,0.05714761439951053,0.025490846704836496,0.008498299997881986,0.04968979999830481,0.05818809999618679,627241.652543936
508,182,158,28756,39.646044059202495,1.9003254854356475,0.052421527069879924,0.023667436552081464,0.007832100003724918,0.03828860000066925,0.046120700004394166,623494.4395306286
509,183,158,28914,42.64277409254263,1.8670063921973008,0.050529896038507355,0.02300293571617697,0.007106100005330518,0.03990499999781605,0.047011100003146566,615046.2337206472
510,161,158,25438,43.64694441215718,1.3975334405899105,0.05451471433071466,0.024181977950807235,0.0066214999969815835,0.03176779999921564,0.038389299996197224,662632.5565331966
511,169,158,26702,28.936758340069574,1.4380496717965985,0.08546918866278144,0.03818813781270684,0.007656699999643024,0.04400280000118073,0.051659500000823755,516884.6001137102
512,178,158,28124,31.374261520611697,0.9613055140074265,0.07930350299187862,0.03511958984042622,0.007946600002469495,0.04382650000479771,0.0517731000072672,543216.4578913052
513,158,158,24964,44.55810782885483,1.4905086143645427,0.05324963428806781,0.023685605774705683,0.008836300003167707,0.04482199999620207,0.053658299999369774,465240.2331101285
514,240,158,37920,25.09994933613274,1.0065742084253628,0.11493977022628185,0.05284942006642775,0.011440999995102175,0.05535760000202572,0.0667985999971279,567676.5680961941
515,210,158,33180,34.15682768427072,0.5940284302194316,0.07732412481822606,0.034159747399425434,0.00822189999598777,0.04423590000078548,0.05245779999677325,632508.4163278092
516,185,158,29230,30.48240093050922,0.7856500779880602,0.08556836641759863,0.038119167811570306,0.0074428999942028895,0.04198229999747127,0.04942519999167416,591398.7197810811
517,155,158,24490,37.26840879313183,0.7236343208355913,0.06940384260400055,0.030300949134091006,0.005827399996633176,0.03483129999949597,0.040658699996129144,602331.1124637909
518,177,158,27966,37.99901422701463,1.6540305510777016,0.05618121693950467,0.02500951032738799,0.006864599999971688,0.034648000000743195,0.04151260000071488,673674.980596696
519,205,158,32390,33.03235320832357,0.7553147380122347,0.07737683212711553,0.03404549364623515,0.0069638999993912876,0.04689689999941038,0.05386079999880167,601365.0001619107
520,174,158,27492,25.547309113228213,0.7308611719938225,0.11520556229801464,0.05289968060887225,0.009822500003792811,0.5497612999970443,0.5595838000008371,49129.37079300522
521,211,158,33338,36.73421661545437,1.3601115086409559,0.060474769911838554,0.0268513931812998,0.010525599995162338,0.08113479999883566,0.091660399993998,363712.13743539195
522,220,158,34760,30.119704375179136,1.3609960168087487,0.08000124525228468,0.03558481170858712,0.012243200006196275,0.060780600004363805,0.07302380001056008,476009.19145502296
523,232,158,36656,39.06648240452547,0.7321268015723188,0.06690926490900818,0.029162353550125364,0.010978300000715535,0.05829880000237608,0.06927710000309162,529121.4556955207
524,245,158,38710,26.69108540987391,1.3835143854447178,0.0998139465412176,0.0449826141942206,0.011022600003343541,0.08245159999933094,0.09347420000267448,414124.96709137317
525,242,158,38236,26.877610188812085,1.5877095990712535,0.09699790361993052,0.04366793210564969,0.011296000004222151,0.0524548000030336,0.06375080000725575,599772.8655271494
526,178,158,28124,38.1874981537015,0.5398211806415997,0.07212916624049773,0.03172823100858894,0.007452199999534059,0.04094160000386182,0.04839380000339588,581148.824808684
527,153,158,24174,43.47204124399566,0.5089933871630218,0.0693875279417819,0.030174440206761396,0.006173500005388632,0.037239500001305714,0.04341300000669435,556837.8134722856
528,235,158,37130,26.69486036880756,1.7988740017619091,0.09617679239143956,0.04360359522856791,0.009636499999032822,0.05195180000009714,0.06158829999912996,602874.2472275501
529,230,158,36340,29.917961466608816,0.5679121676034995,0.09255617442791345,0.0413829516110236,0.008392199997615535,0.04611229999864008,0.05450449999625562,666733.9394453028
530,220,158,34760,26.37519648524335,1.836731860626987,0.09887758495869216,0.04460923105644145,0.008990200003609061,0.04054809999797726,0.04953830000158632,701679.306695767
531,196,158,30968,39.853803688469355,0.8092386583498239,0.06483193392130103,0.02820463307174208,0.0077118999979575165,0.034571099997265264,0.04228299999522278,732398.3634912099
532,198,158,31284,40.48324640938679,1.3410404037757164,0.056643869939671646,0.024994257773199656,0.007202499997220002,0.04367649999767309,0.05087899999489309,614870.5753481807
533,234,158,36972,29.896705955830647,0.5139672715705941,0.09384482774924474,0.042272790002252696,0.010701400002290029,0.0465388999946299,0.05724029999691993,645908.5644552779
534,174,158,27492,41.99607911777055,1.75742597053022,0.05172485529783578,0.023344049338007825,0.006545899996126536,0.03552289999788627,0.04206879999401281,653500.9318999505
535,247,158,39026,32.28968838289245,1.8012574519892584,0.06780393968648056,0.030297636739231467,0.008706799999345094,0.049636700001428835,0.05834350000077393,668900.5630358534
536,229,158,36182,41.31724350160172,0.4876105993669456,0.07109516199313061,0.03118037709130613,0.008895699997083284,0.03945960000419291,0.04835530000127619,748253.0353248783
537,234,158,36972,42.949410457580214,0.7758068627067429,0.06360147466237297,0.027674136598277867,0.008641899999929592,0.04342419999738922,0.052066099997318815,710097.3570500556
538,163,158,25754,36.74028864857838,0.682393001534618,0.07053890681035559,0.030870585718664217,0.005725600000005215,0.029925800001365133,0.03565140000137035,722383.973673126
539,157,158,24806,26.764955544933752,0.5639334750237786,0.11097968722237128,0.05034862573171764,0.005423599999630824,0.03371389999665553,0.03913749999628635,633816.6720499208
540,247,158,39026,34.49368895875507,1.4538249898207505,0.06380975160280229,0.028386327414582652,0.008354999998118728,0.047265599998354446,0.055620599996473175,701646.5123079324
541,235,158,37130,28.702576158206664,1.994260580817678,0.08309705246918726,0.037165715169359126,0.008200500000384636,0.04581060000055004,0.054011100000934675,687451.2831502683
542,203,158,32074,40.035305489161935,1.0274811789390597,0.06113736767424646,0.02664556373392165,0.008981799997854978,0.03852940000069793,0.04751119999855291,675082.9278354768
543,219,158,34602,30.528723536930222,1.5219752891673153,0.07682671181101432,0.03408232620013252,0.008912199999031145,0.06399160000000848,0.07290379999903962,474625.46534550766
544,235,158,37130,27.8516072041224,0.9753280319373656,0.09651674797943312,0.043276139131110905,0.00954920000367565,0.05762850000610342,0.06717770000977907,552713.17706017
545,221,158,34918,25.94586810973081,1.3661047616583675,0.1050943309688147,0.04766258639936474,0.01024899999902118,0.06669410000176867,0.07694310000078985,453815.8717239304
546,177,158,27966,25.156364741945545,1.6616343059758698,0.10956543140651012,0.04972948342045183,0.008709599998837803,0.05818579999322537,0.06689539999206318,418055.65111080935
547,210,158,33180,44.84200892347299,1.728460100440446,0.050896084137359604,0.02300615808832191,0.007542599996668287,0.05005420000088634,0.057596799997554626,576073.6707839449
548,186,158,29388,44.56935419187586,0.5299909963885114,0.06820077772005208,0.02999919349825956,0.0070180000038817525,0.043982399998640176,0.05100040000252193,576230.7746320968
549,214,158,33812,28.01599989917672,1.8561734354045116,0.08806940933975436,0.0393265683809477,0.008258000001660548,0.04794949999632081,0.05620749999798136,601556.7317744843
550,220,158,34760,31.157169922470054,1.3765930945000255,0.0751312707855494,0.03346159298183572,0.008483300000079907,0.04716580000240356,0.055649100002483465,624628.2509231732
551,200,158,31600,32.48226980053428,1.394269134143888,0.07005657305935797,0.03108938450528499,0.007430699995893519,0.042638300001272,0.05006899999716552,631129.0419578765
552,250,158,39500,44.486610758297694,1.279341318520513,0.05547748712908655,0.024501614534124864,0.012611999998625834,0.04885139999532839,0.061463399993954226,642658.8832359643
553,236,158,37288,32.659041406666546,0.7805511824489514,0.07769996396297148,0.03445917013970278,0.009301800004323013,0.04685619999509072,0.05615799999941373,663983.7601123486
554,153,158,24174,32.393093327084024,0.9019339004245825,0.07667664079071028,0.033926756639589405,0.006176000002596993,0.03589300000021467,0.04206900000281166,574627.3978079902
555,180,158,28440,34.195729969582786,0.8339130801083687,0.07289102420372882,0.03199733575187127,0.007889400003477931,0.03821960000641411,0.04610900000989204,616799.3232101888
556,210,158,33180,31.274117656883504,0.5430420964409781,0.08774383534731126,0.03910306774784553,0.00897600000462262,0.043958399997791275,0.052934400002413895,626813.5654411297
557,160,158,25280,43.18008819301457,1.932519421906129,0.050023389654110816,0.02280716125753945,0.005632600004901178,0.029675100005988497,0.035307700010889675,715991.1291928698
558,195,158,30810,38.63650895406934,1.5177135420040648,0.05652188904560227,0.025232352166952864,0.008476599999994505,0.04023899999447167,0.048715599994466174,632446.280113554
559,233,158,36814,37.78725963731286,1.7859560123282059,0.05545684600078226,0.02486309890916997,0.009477700004936196,0.038390800000343006,0.0478685000052792,769065.2515942624
560,227,158,35866,32.299214382133215,0.7137988039917975,0.08030372240690341,0.03563929499827215,0.008470200002193451,0.044422999999369495,0.052893200001562946,678083.3830991543
561,206,158,32548,42.77576586705236,1.1877235237883312,0.057254165599737686,0.02507565485317662,0.007734599996183533,0.04365179999877,0.051386399994953535,633397.1635140118
562,233,158,36814,44.52695012405448,1.1396198872586247,0.05727302444421012,0.025066462916197168,0.01150229999620933,0.06392690000211587,0.0754291999983252,488060.3267808409
563,233,158,36814,43.44498834040394,1.8290837161356164,0.050662949341319465,0.022963019503162253,0.011693299995386042,0.05327759999636328,0.06497089999174932,566622.9035564387
564,203,158,32074,34.06095964014768,0.3616950190810105,0.08388681800629458,0.0379435172683516,0.0073121000023093075,0.04183509999711532,0.04914719999942463,652610.9320648073
565,163,158,25754,37.192255981551305,1.5997643589021804,0.057623591255149265,0.025674814370441088,0.006932799995411187,0.04097660000115866,0.047909399996569846,537556.3042293141
566,213,158,33654,25.851189787496516,0.5911847141524941,0.11608753242425437,0.05323426892376556,0.00875580000138143,0.04949599999963539,0.05825180000101682,577733.2202509202
567,172,158,27176,41.89125429419541,1.6137761413268066,0.05308428102665325,0.023771588340157905,0.17101750000438187,0.04636299999401672,0.2173804999983986,125015.81328684128
568,220,158,34760,29.664495953538317,1.4930324172475211,0.08143872201142663,0.036155136849128876,0.011339599994244054,0.06300940000073751,0.07434899999498157,467524.7818040087
569,207,158,32706,31.569741339507083,1.5286682954842234,0.07242859466293472,0.03216264415279406,0.008191799999622162,0.055029800001648255,0.06322160000127042,517323.19332858996
570,241,158,38078,26.889515042497642,0.9778367999422273,0.10227532639034324,0.04620482635216175,0.011041400000976864,0.07097500000236323,0.0820164000033401,464272.9990398174
571,165,158,26070,31.702161123491567,0.5317472974002104,0.08656854851452692,0.038417464770323206,0.007953700005600695,0.056457799997588154,0.06441150000318885,404741.3893281377
572,236,158,37288,29.125900756940435,1.2144065776422035,0.08619016655417693,0.03848821579297199,0.011440000002039596,0.054253499998594634,0.06569350000063423,567605.6230774735
573,188,158,29704,31.25976692364188,1.0160018294736837,0.07911609121008996,0.03506037055697594,0.007396600005449727,0.052481800004898105,0.05987840001034783,496072.0392473201
574,208,158,32864,25.310955484509737,1.9435150530752385,0.10640602939395692,0.048404806767622495,0.009418699999514502,0.05568449999555014,0.06510319999506464,504798.5352869193
575,213,158,33654,40.99028577663441,1.3339526698493436,0.05636842691818087,0.024889163812230396,0.010073699995700736,0.06885500000498723,0.07892870000068797,426384.8257947573
576,194,158,30652,37.718010849604,0.38985915947897254,0.07671367121329858,0.034487136078776286,0.006702800004859455,0.04925039999943692,0.05595320000429638,547814.9596027819
577,178,158,28124,42.90333509509237,1.4037241483147656,0.05470463933410142,0.024238953789575562,0.00818040000012843,0.06420749999961117,0.0723878999997396,388517.9705461986
578,242,158,38236,35.09507754225908,1.427755647543118,0.06295533720800038,0.027868513752373935,0.009987299999920651,0.09794680000049993,0.10793410000042059,354253.1970883252
579,206,158,32548,37.71027892663047,1.8106708923311716,0.055354491722053756,0.024850849977057096,0.007474499994714279,0.03691199999593664,0.04438649999065092,733286.0218051784
580,247,158,39026,30.93109708606189,1.7173207179393277,0.07351631656820837,0.03277520254277259,0.010157100005017128,0.061712499998975545,0.07186960000399267,543011.231422353
581,165,158,26070,31.151569432545372,0.5747636760633965,0.08757884088411227,0.03903484425161137,0.007745199996861629,0.044003900002280716,0.051749099999142345,503776.8772873744
582,250,158,39500,42.33629798697454,1.0322854437797226,0.05948873119770214,0.025933908627425756,0.011997299996437505,0.0635513000015635,0.07554859999800101,522842.24990330933
583,165,158,26070,42.304401819483985,1.0240982843537012,0.059732219666558756,0.025882785742926673,0.007485099995392375,0.043244699998467695,0.05072979999386007,513899.1283851958
584,229,158,36182,28.264102362435096,0.8515111806388675,0.09580437204343611,0.04287139386697674,0.01099640000029467,0.08451790000253823,0.0955143000028329,378812.38724386675
585,202,158,31916,29.053693940693194,1.4807446477043906,0.08413252600981433,0.037559492530498145,0.008832499996060506,0.05665029999363469,0.0654827999896952,487395.16338675976
586,170,158,26860,41.490392101379804,1.8717734751303983,0.0513442851401757,0.023207921560790188,0.006223500000487547,0.0359731999997166,0.042196700000204146,636542.668025463
587,213,158,33654,39.14808226016337,1.09054985711201,0.06087976208786603,0.026541210586570416,0.009063999998033978,0.05348280000180239,0.06254679999983637,538061.0998498412
588,151,158,23858,36.326055815504816,1.8797953241565606,0.05699229151037034,0.02555943493616788,0.006850600002508145,0.03538880000269273,0.04223940000520088,564828.0988144339
589,218,158,34444,35.620434415780196,1.7451132450762936,0.059048202569116026,0.026400972601674955,0.008523099997546524,0.08305929999914952,0.09158239999669604,376098.4643473267
590,212,158,33496,42.32021146042398,0.7273585715225506,0.06504661268889318,0.028240040333642642,0.008966499997768551,0.04575029999978142,0.05471679999754997,612170.3023842738
591,186,158,29388,42.36640423968181,1.5992052554010547,0.05297027004466846,0.02374509500913587,0.008042000001296401,0.0446899000016856,0.052731900002982,557309.7119265208
592,162,158,25596,36.9043687544508,0.44632480870525615,0.07616180310085405,0.033914719572724815,0.008568999997805804,0.05079980000300566,0.05936880000081146,431135.5459374309
593,200,158,31600,41.3479198866798,0.734969047626792,0.0650745727751208,0.02842197162389129,0.00991720000456553,0.05331899999873713,0.06323620000330266,499713.77151615085
594,150,158,23700,37.07365361065673,1.481212322147974,0.05871042941951953,0.026030415049550927,0.007881199999246746,0.04921679999824846,0.05709799999749521,415075.8345483148
595,217,158,34286,39.45809342070213,1.607948796803517,0.05488898440370434,0.024534609661269514,0.009306599997216836,0.05108670000481652,0.06039330000203336,567711.9812768244
596,215,158,33970,31.899280627623874,0.966197198486348,0.07756265879532896,0.03423976580113738,0.008366900001419708,0.050152299998444505,0.05851919999986421,580493.2398269085
597,190,158,30020,35.97887094274034,1.6488681341889877,0.05912468721826501,0.02643400977674033,0.008602100002462976,0.05119130000093719,0.059793400003400166,502062.10047083633
598,244,158,38552,27.868477271205098,1.7652777345751058,0.08928889029010287,0.0400265785393692,0.011248800001339987,0.04761270000017248,0.05886150000151247,654961.2225140269
599,230,158,36340,41.56164832217309,1.3349116218720414,0.05595830595688143,0.02462520430347218,0.008428100001765415,0.0527695999990101,0.06119770000077551,593813.166173557
600,248,158,39184,43.69238370426002,1.9677353580420094,0.04954113914327602,0.022613951693099273,0.010115400000358932,0.04757399999652989,0.057689399996888824,679223.5662377003
601,188,158,29704,28.0685677445617,1.113219841438447,0.09360681319349042,0.04194236407250824,0.00773769999796059,0.046479500000714324,0.054217199998674914,547870.4175192738
602,190,158,30020,29.455476993476502,0.8715406354706197,0.08897616376249745,0.039625153048592904,0.010293100000126287,0.05328110000118613,0.06357420000131242,472204.13311343704
603,178,158,28124,25.95701815391744,1.4937268929277143,0.1043366852973185,0.04714246896529799,0.007664499993552454,0.04381180000200402,0.051476299995556474,546348.5138292323
604,217,158,34286,31.478702763648805,1.4323473396458173,0.07369737580616403,0.03267059152315015,0.007804000000760425,0.04100299999845447,0.048806999999214895,702481.2014783027
605,244,158,38552,36.62658298195789,1.3243700718081899,0.06119153812049864,0.026977742152735348,0.008709699999599252,0.04094180000538472,0.04965150000498397,776451.869452689
606,232,158,36656,40.3885160465752,1.526204148680576,0.05498402223080374,0.024358529808547764,0.008290800004033372,0.04079779999301536,0.04908859999704873,746731.4203746655
607,217,158,34286,35.13071687999556,0.5623389938690927,0.07633152379071612,0.03372163139405803,0.012282000003324356,0.04687230000126874,0.0591543000045931,579602.8352518384
608,157,158,24806,34.880606835092664,1.831471138600928,0.06017157759116746,0.026759561742804583,0.005554600000323262,0.03535559999727411,0.040910199997597374,606352.450035855
609,168,158,26544,27.469999644025147,1.992346875585244,0.09055939095540745,0.040772791641137895,0.006223799995495938,0.0312567000000854,0.03748049999558134,708208.268383008
610,188,158,29704,34.39373342610391,1.860408655103514,0.060878717865985116,0.02732301057615598,0.007131200000003446,0.03787840000586584,0.04500960000586929,659948.0998748394
611,211,158,33338,41.84839576562951,1.2344511755723728,0.057204384969065145,0.025056935358839984,0.007619399999384768,0.04200380000111181,0.04962320000049658,671822.8570440114
612,188,158,29704,32.53016397904381,0.6906524772834352,0.07967863798929983,0.0352926358924237,0.008026199997402728,0.0413055999961216,0.04933179999352433,602126.8229397504
613,230,158,36340,42.92311733846259,1.6067004332190122,0.05254830364633567,0.023516547613930443,0.011709399994288106,0.0846672000043327,0.0963765999986208,377062.4819771609
614,181,158,28598,33.8139194913976,0.866384051607686,0.07321118994886405,0.03212606087400716,0.006532200000947341,0.048069299999042414,0.054601499999989755,523758.5048030799
615,197,158,31126,38.92478664551551,1.2934587763113101,0.05881622668195924,0.025827475253447373,0.006751999993866775,0.04538899999897694,0.05214099999284372,596958.2479099366
616,222,158,35076,37.14722866116144,0.8555694580144744,0.0669096192107621,0.029154921319473535,0.009920800002873875,0.047340400000393856,0.05726120000326773,612561.3853359397
617,212,158,33496,27.650117713653465,0.4058538288812201,0.10891386784240678,0.04994396976367423,0.00723170000128448,0.041287100000772625,0.048518800002057105,690371.5672807207
618,195,158,30810,33.4803273535623,0.6140628836522289,0.07858637696834829,0.03455313370386297,0.007467099996574689,0.06188100000144914,0.06934809999802383,444280.37683625036
619,180,158,28440,25.070245596627935,0.8382605781808132,0.11750399606021453,0.05389580060329286,0.006421799997042399,0.03769489999831421,0.04411669999535661,644653.8386369193
620,154,158,24332,29.274564401965,1.1710025238854194,0.08612757667429426,0.038381255496938625,0.00558929999533575,0.029074399993987754,0.034663699989323504,701944.6858671841
621,195,158,30810,37.73458887529472,1.2658794167446132,0.06025173672789707,0.026438327715920883,0.008120300000882708,0.05214040000282694,0.060260700003709644,511278.4949080137
622,196,158,30968,41.07315488572566,1.5379843697419127,0.05435705250117936,0.024096813703228914,0.009733200000482611,0.0475185999966925,0.05725179999717511,540908.7574806033
623,157,158,24806,33.39622633989806,1.9210003923549508,0.06333262683474765,0.028465093175191636,0.005948600002739113,0.040343300002859905,0.04629190000559902,535860.4852468728
624,227,158,35866,41.448448103599446,1.5730124987229241,0.0538159779365153,0.024099321378057665,0.008193300003767945,0.04743169999710517,0.055625000000873115,644782.0224617893
625,248,158,39184,40.33327146705134,0.9363773983529387,0.06231448573869372,0.027017818410048848,0.007779499996104278,0.043389699996623676,0.051169199992727954,765773.1605256432
626,236,158,37288,30.29333792015975,0.8566023300929544,0.08519008380041211,0.03781306559548286,0.007701700000325218,0.040631399999256246,0.048333099999581464,771479.5864598566
627,167,158,26386,40.93035616186256,1.770550399671393,0.05249431601547335,0.023647359362490513,0.006436899995605927,0.03040290000353707,0.036839799999143,716236.2445131032
628,208,158,32864,26.763944060725233,0.30698736154680545,0.11790905479476463,0.05504489990910642,0.008212799999455456,0.04066109999985201,0.04887389999930747,672424.3410177145
629,206,158,32548,27.90849648811745,1.2856236709620668,0.09252155517108543,0.041441192813142735,0.008587800002715085,0.04505729999800678,0.05364510000072187,606728.2939087078
630,218,158,34444,33.41535414670891,0.8728207716199847,0.07363019237600439,0.03244463654813068,0.012398200000461657,0.0532861999963643,0.06568439999682596,524386.307885349
631,161,158,25438,30.510388207051726,0.7865750723583224,0.08543246605497538,0.03779645392256666,0.007450000004610047,0.03556510000635171,0.04301510001096176,591373.7267498507
632,154,158,24332,40.953547557908294,1.1565455153368192,0.0585235824971351,0.02570530744216207,0.00705279999965569,0.03290530000231229,0.03995810000196798,608937.8623808846
633,153,158,24174,43.966129710685664,1.4451642015482273,0.0538519592748984,0.023935908399358767,0.0075552999987849034,0.04377139999996871,0.05132669999875361,470982.9387158541
634,216,158,34128,38.89989883826003,0.9034064979214242,0.06393832589588185,0.0279534615222458,0.009143400005996227,0.04465809999965131,0.05380150000564754,634331.7564829529
635,188,158,29704,32.82113013192658,1.5066931403298307,0.06793182307518028,0.030215283403137776,0.007366300000285264,0.031120500003453344,0.03848680000373861,771797.0836004696
636,241,158,38078,35.977189638057965,1.800807016002398,0.05818535217444818,0.026041940517535903,0.009412499995960388,0.048134399999980815,0.0575468999959412,661686.3810680619
637,209,158,33022,32.61206080908194,0.9010734203656441,0.07633085688303108,0.03344594560655085,0.008782099997915793,0.04900320000160718,0.05778529999952298,571460.2156651017
638,164,158,25912,40.77581588444877,1.5082174288777452,0.05474944921428882,0.024456751495612328,0.006182800003443845,0.04327460000058636,0.049457400004030205,523925.64101405395
639,182,158,28756,28.215924938542265,1.5668726826397814,0.0887849234426019,0.0396927746736252,0.007179899999755435,0.041862999998556916,0.04904289999831235,586343.7929035507
640,157,158,24806,34.03087252439152,1.9580478961548184,0.061103091328751094,0.02758602511304779,0.006717899996147025,0.037364900003012735,0.04408279999915976,562713.8022192967
641,185,158,29230,26.725718885073164,1.241453767936362,0.10036948320925303,0.04548077808958346,0.008635500002128538,0.04511099999945145,0.05374650000157999,543849.3669195338
642,237,158,37446,38.08575943904643,1.0302440120395417,0.06274313742106734,0.02741813583107263,0.008443799997621682,0.05996909999521449,0.06841289999283617,547352.9115696183
643,205,158,32390,43.530961617107494,1.2249927627344575,0.056374885691696394,0.024825285806695605,0.006949599999643397,0.05913370000052964,0.06608330000017304,490138.9609767549
644,208,158,32864,31.258797321915715,1.503060453773081,0.0735759719235448,0.03280647541925967,0.00786369999696035,0.04109929999685846,0.04896299999381881,671200.7026560631
645,181,158,28598,32.39326800166089,1.9485737209025038,0.06648558850764276,0.029769861881918498,0.006965999993553851,0.04019449999759672,0.04716049999115057,606397.3029413655
646,154,158,24332,38.75518026195802,1.6829350353553423,0.055053599750649836,0.024562536255731043,0.007567799999378622,0.03745080000226153,0.04501860000164015,540487.7095048162
647,241,158,38078,25.223920780570225,1.3899769379896154,0.11041178908700923,0.05034746892184865,0.010285900003509596,0.059007500000006985,0.06929340000351658,549518.4245262546
648,197,158,31126,37.215663669508245,0.9053898269656577,0.06577784522433441,0.02868003231699277,0.007936499998322688,0.041319099997053854,0.04925559999537654,631928.1463005566
649,154,158,24332,32.2284218462284,1.1881160048408352,0.07355264637568623,0.03238973477492378,0.006629600000451319,0.031069300006492995,0.037698900006944314,645429.9726389346
650,194,158,30652,26.909020909011552,1.5528230803921574,0.09697609206861978,0.043660753306876084,0.0073118000000249594,0.04185169999982463,0.04916349999984959,623470.6642141787
651,250,158,39500,32.438440604139764,1.3259388302954158,0.07109949992614105,0.03152553411274277,0.009052699999301694,0.050822500001231674,0.05987520000053337,659705.5208107553
652,204,158,32232,40.49164392341847,0.4997831946635602,0.07103625943931297,0.031363170212338365,0.00948699999571545,0.05022579999786103,0.05971279999357648,539783.765012984
653,190,158,30020,44.552392578709025,0.9136163746107198,0.06058901168638935,0.026243440800462394,0.011769800003094133,0.05124420000356622,0.06301400000666035,476402.0693310533
654,204,158,32232,40.916384409594464,1.3615626240159004,0.056065494390763984,0.02469738818687271,0.007554300005722325,0.04042409999965457,0.0479784000053769,671802.3109646797
655,198,158,31284,43.58948978431741,1.2228532233678275,0.056430166578300626,0.0247715006305486,0.0094217999940156,0.07325480000145035,0.08267659999546595,378390.0160591466
656,153,158,24174,27.116945883515516,1.6534742547512191,0.09438319220687515,0.04277873043027481,0.006863799993880093,0.043772099998022895,0.05063589999190299,477408.32105019526
657,246,158,38868,44.281827785981896,1.8072643208832933,0.05053494365396354,0.022910507557213394,0.01253770000039367,0.07238269999652402,0.0849203999969177,457699.21010040893
658,151,158,23858,31.04162894343622,0.9819870723230741,0.08028845039756334,0.035636335696201574,0.006284200004301965,0.04999050000333227,0.05627470000763424,423956.0583488392
659,241,158,38078,25.555487771326927,1.7089366510942474,0.10539944086515489,0.04799292556715653,0.009104199998546392,0.0676822000023094,0.07678640000085579,495895.1064195693
660,214,158,33812,36.16459344673387,0.8915439877884099,0.06785832270012296,0.02967905989211212,0.01165210000181105,0.09950850000313949,0.11116060000495054,304172.52154535137
661,240,158,37920,41.48173004913871,1.4533828770172699,0.054816496633505775,0.024325389961475125,0.013958600000478327,0.08442620000278112,0.09838480000325944,385425.3909012747
662,226,158,35708,39.0154952126215,1.8525222339371743,0.05317898760265001,0.024084180861457066,0.016704699999536388,0.30973119999543997,0.32643589999497635,109387.4785235004
663,201,158,31758,37.37211231180302,0.4529785782898622,0.07528372969533831,0.03349897943050577,0.0106071999980486,0.17943869999726303,0.19004589999531163,167106.9988922858
664,167,158,26386,44.65093684952142,1.5659483636089286,0.05243237887425501,0.02339796969288908,0.010539900002186187,0.07981909999944037,0.09035900000162655,292012.9704791446
665,165,158,26070,43.21526973904834,0.6872659776823624,0.0652236940912862,0.02833762917936499,0.009327699997811578,0.06449639999482315,0.07382409999263473,353136.7128431088
666,244,158,38552,42.54358629678377,1.2775290631305256,0.05616592527540158,0.024686845561798242,0.014094400001340546,0.1570726999998442,0.17116710000118474,225230.19902617479
667,184,158,29072,38.64710104648734,1.432457816169332,0.057289026009011056,0.025423824577387753,0.00945079999655718,0.060556599994015414,0.0700073999905726,415270.3857580045
668,160,158,25280,44.83936820268177,0.407599699635444,0.07177440414249664,0.031828144778802504,0.006686200002150144,0.04678389999753563,0.05347009999968577,472787.5953130546
669,173,158,27334,44.643906966870844,1.5802895581818457,0.052161891257938374,0.023297571555531364,0.007915900001535192,0.22143099999811966,0.22934689999965485,119181.90304748455
670,160,158,25280,36.025995191046356,1.4470270491475665,0.060930188532900324,0.026921410070152873,0.009624300000723451,0.09259400000155438,0.10221830000227783,247313.83714497954
671,197,158,31126,25.697393609853137,1.9394120508370452,0.10352996747789664,0.04699715063837491,0.01037009999708971,0.10992839999380521,0.12029849999089492,258739.71830368496
672,171,158,27018,38.73329301320152,1.8531460099341783,0.05385675372954522,0.024225391303669186,0.007775099998980295,0.055992800000240095,0.06376789999922039,423692.79841942916
673,193,158,30494,42.234441608590856,1.3010671362606647,0.05625954283068725,0.024754231673187518,0.008007299999007955,0.05368850000377279,0.06169580000278074,494263.79102994985
674,206,158,32548,37.80008306872412,1.2686671291426816,0.06014314298008465,0.026336969185220646,0.0084703000029549,0.08853660000022501,0.09700690000317991,335522.5246753898
675,224,158,35392,44.58097040686181,1.5202701216694077,0.052846976094960675,0.023601148183274873,0.009569699999701697,0.04996280000341358,0.059532500003115274,594498.803143627
676,159,158,25122,29.9275171871693,1.0742547607369677,0.08393018518081315,0.03730562128686096,0.006379499995091464,0.036529900004097726,0.04290939999918919,585466.121653407
677,155,158,24490,42.32183307618534,1.199920272233142,0.05722376417282885,0.025190030251425202,0.005879200005438179,0.037485900000319816,0.043365100005757995,564739.8483284537
678,150,158,23700,28.147417747133098,1.7167558331889763,0.08746341786017399,0.03938417564621755,0.007089599996106699,0.03690939999796683,0.04399899999407353,538648.605722682
679,243,158,38394,41.68470682543499,1.1619866664893315,0.05802221194525728,0.025289964900901223,0.00961309999547666,0.06267249999655178,0.07228559999202844,531143.13230068
680,189,158,29862,30.464447124623714,1.9183469272543505,0.07422695443539494,0.03325931783508208,0.008753499998420011,0.0545877999975346,0.06334129999595461,471445.9602487979
681,163,158,25754,34.46466899194468,0.5872354458622253,0.07711536499913622,0.03394007560072299,0.008499099996697623,0.0436998000004678,0.05219889999716543,493382.04447600484
682,230,158,36340,43.914869328691864,0.6900606600665606,0.06501868219690411,0.02821660265341999,0.012214500005939044,0.07656159999896772,0.08877610000490677,409344.4068616603
683,226,158,35708,43.95870890474363,1.5350677312187437,0.052959174244561195,0.023644403046051345,0.00967300000047544,0.07125930000620428,0.08093230000667972,441208.2690971695
684,215,158,33970,34.59236428221433,0.5846154602683773,0.07689256235541764,0.03389508271806969,0.011669999999867287,0.0747854000001098,0.08645539999997709,392919.3549507492
685,210,158,33180,28.40875841329495,0.6747613578311176,0.09768767737405859,0.04408026358754842,0.01227370000560768,0.08120509999571368,0.09347880000132136,354946.7900693097
686,152,158,24016,42.08663271023467,1.4225350929829623,0.05500579277170191,0.024322282450884313,0.006868399999802932,0.041505299996060785,0.04837369999586372,496468.1221832015
687,176,158,27808,42.00432875151122,1.728540646303337,0.05221774393902154,0.023414926534841462,0.008681599996634759,0.10970249999809312,0.11838409999472788,234896.40924109236
688,229,158,36182,38.63987461293807,1.1373367531075014,0.06078857668584691,0.026563475557598984,0.01123580000421498,0.15378149999742163,0.1650173000016366,219261.85920895054
689,236,158,37288,25.94503630356823,1.953286538469991,0.10188200231792138,0.04601601887423326,0.011201799999980722,0.0809817000044859,0.09218350000446662,404497.5510605831
690,192,158,30336,32.13678077495669,1.2289655790786207,0.07269991735650505,0.03230633961657144,0.008468699998047668,0.045001599995885044,0.05347029999393271,567342.9923423327
691,189,158,29862,39.39024060908382,1.4877307937522763,0.056111248618744405,0.024833234243170587,0.007325600003241561,0.053759999995236285,0.061085599998477846,488854.9838381568
692,166,158,26228,31.395726388637208,1.1013421727639154,0.07776378292265387,0.0343297149724396,0.009538600002997555,0.07684120000340044,0.086379800006398,303635.8037186627
693,248,158,39184,44.26019643552149,0.7590150569210369,0.06357403246789896,0.02760747704076464,0.013497100000677165,0.13340379999863217,0.14690089999930933,266737.64422263054
694,242,158,38236,26.17909636294268,0.7844221872462496,0.10992531482347928,0.04998027555623747,0.011858199999551289,0.09754049999901326,0.10939869999856455,349510.5517753109
695,158,158,24964,28.38953613244923,1.215560413050803,0.08986145937628093,0.0403713427649515,0.008890899996913504,0.06031000000075437,0.06920089999766788,360746.7533058285
696,199,158,31442,38.773374658542984,0.6859586391318783,0.06835685886492408,0.02965157444378118,0.010192599998845253,0.0675338999935775,0.07772649999242276,404520.98065737105
697,230,158,36340,29.08005977298833,1.1576134843211014,0.0871163690736833,0.038882899753950866,0.010152499999094289,0.07967880000069272,0.089831299999787,404536.05814550346
698,182,158,28756,30.821520565440057,0.6678280903401227,0.08661009245770564,0.03861220080744252,0.00801139999384759,0.07852510000520851,0.0865364999990561,332299.0876718339
699,181,158,28598,37.86183560932387,1.1551606182195082,0.06126335137908089,0.026912533968425044,0.011261900006502401,0.06321449999813922,0.07447640000464162,383987.41075317387
700,170,158,26860,35.547374742235235,1.727707083967529,0.05941994059817238,0.026624531483215894,0.008206499995139893,0.05944360000285087,0.06765009999799076,397043.0199038546
701,236,158,37288,27.5503164995817,0.8890408884364858,0.09918549224529985,0.044730041713201274,0.012936200000694953,0.053830499993637204,0.06676669999433216,558481.9978097673
702,188,158,29704,43.377899153598605,1.3930453032529178,0.05452594595631202,0.024153113076264277,0.008754900001804344,0.057609000003139954,0.0663639000049443,447592.7424064434
703,243,158,38394,36.07041907432191,1.759900959368294,0.05820489256075529,0.025955246011714686,0.01372550000087358,0.14184590000513708,0.15557140000601066,246793.43374499815
704,167,158,26386,40.702917381142825,1.4114857075894485,0.05565619036659463,0.024624428140575007,0.008188700005121063,0.06709789999877103,0.07528660000389209,350474.0551258248
705,226,158,35708,43.87841756841204,1.4552128853354915,0.05382778964285356,0.02397392972340636,0.009729899997182656,0.06388270000024932,0.07361259999743197,485079.99990824534
706,187,158,29546,43.675893220066726,0.6173024029356255,0.06671766483520811,0.02896609778820798,0.009065799997188151,0.060684599993692245,0.0697503999908804,423596.13713846845
707,214,158,33812,42.95160319202654,1.4948397064244774,0.05361111247224579,0.023815193476951525,0.009275000003981404,0.054081700000097044,0.06335670000407845,533676.7855305505
708,190,158,30020,39.1966506520235,0.6150568219422531,0.06921451051086955,0.030258158826077835,0.007272099996043835,0.03713659999630181,0.044408699992345646,675993.6680239299
709,199,158,31442,27.564663643557843,1.0654140768640987,0.09644575972370652,0.043573577181694606,0.007255199998326134,0.04774539999925764,0.05500059999758378,571666.490936122
710,246,158,38868,33.038517935643405,0.3152060753804423,0.08755198451763785,0.040063475692403996,0.014439600003242958,0.07922390000021551,0.09366350000345847,414974.88347717974
711,193,158,30494,41.40942859601945,1.176004139071995,0.05792758036491123,0.025506327321727855,0.00943369999731658,0.08856899999955203,0.09800269999686861,311154.69268677646
712,152,158,24016,28.88254833034154,1.1329312981391761,0.08856675178274975,0.03962200461709718,0.009406699995452072,0.041880299999320414,0.051286999994772486,468266.8123003465
713,162,158,25596,30.684653257797923,1.5710804247399446,0.07575054452567875,0.033730014415677745,0.009397900001204107,0.04830870000296272,0.05770660000416683,443554.1168280887
714,174,158,27492,36.48950117770974,1.5727418535789075,0.058848291446198214,0.02630992721922434,0.012597400003869552,0.10306889999628766,0.11566630000015721,237683.7505821716
715,238,158,37604,29.67919987068487,1.6026962957436548,0.08009028715984705,0.0356817206121552,0.012117700003727805,0.06465589999424992,0.07677359999797773,489803.7867312529
716,227,158,35866,44.508660965760996,1.8890302624417232,0.049796875274257246,0.02270492414501587,0.010361299995565787,0.05838019999646349,0.06874149999202928,521751.78028059815
717,192,158,30336,35.14423327121873,1.5967371474712173,0.06131719678301153,0.027304729497181775,0.007750100005068816,0.03902640000160318,0.046776500006671995,648530.7792518253
718,186,158,29388,33.80677525351448,1.6359473842466419,0.06419392759895591,0.028586462151092024,0.006923300003109034,0.038935500000661705,0.04585880000377074,640836.6550712965
719,175,158,27650,34.30454867848508,1.6113858324193395,0.06305736679092451,0.028058896565715485,0.006699300000036601,0.030894400006218348,0.03759370000625495,735495.574934085
720,186,158,29388,43.046350100623485,1.8021945157486243,0.050954233500391626,0.023036690294435596,0.007942300006106962,0.04436919999716338,0.05231150000327034,561788.5168301953
721,155,158,24490,31.64626017139575,0.809020413019581,0.08095352084593449,0.03585587973094064,0.0066320999976596795,0.04294120000122348,0.04957329999888316,494015.9319745052
722,204,158,32232,37.97269072837113,1.7939751509554678,0.05494174910030206,0.024625709425388897,0.011850099996081553,0.04346780000196304,0.055317899998044595,582668.5394987762
723,201,158,31758,31.473229302170182,0.6632119642785016,0.08400795298459206,0.037310904451903534,0.008681999999680556,0.06672389999584993,0.07540589999553049,421160.67843341676
724,211,158,33338,42.9240757240766,0.5632679384435928,0.068181423492793,0.02968530404978143,0.01000680000288412,0.06060020000586519,0.07060700000874931,472162.8166593808
725,166,158,26228,28.674909728058182,1.7048104234130967,0.08503293729050321,0.03792443531922063,0.005882600002223626,0.035654899998917244,0.04153750000114087,631429.4312194913
726,211,158,33338,37.56504957696962,1.136667550619142,0.06186364008193774,0.02712839088824948,0.007713099999818951,0.06875960000616033,0.07647270000597928,435946.42267624073
727,176,158,27808,33.570004337309165,0.3803851434297332,0.08463660058661829,0.03824958308244283,0.008026299998164177,0.16033530000277096,0.16836160000093514,165168.30441053983
728,175,158,27650,42.88364798292283,1.6679148424689438,0.05217590126254372,0.02342810283666848,0.006994899995333981,0.05065409999951953,0.05764899999485351,479626.70649045764
729,170,158,26860,42.760885060927194,1.5329228354532023,0.05338288517863044,0.023804965873944792,0.007328899999265559,0.04819909999787342,0.05552799999713898,483719.92510776425
730,189,158,29862,26.85752172529604,1.5025069937706583,0.09762365628665073,0.04401699600815884,0.007244700005685445,0.05201900000247406,0.0592637000081595,503883.4901615755
731,199,158,31442,43.15133149460013,1.8379626271770995,0.050675759045701055,0.023006949611382863,0.008512599997629877,0.04539870000007795,0.05391129999770783,583217.2476148198
732,209,158,33022,27.476651378739103,0.9227913561152923,0.0989040247064852,0.04454233862222267,0.01184790000115754,0.06428289999894332,0.07613080000010086,433753.4874184463
733,205,158,32390,41.300356754575986,1.2240592478245154,0.05748465712775656,0.025310205843070244,0.009209700001520105,0.054449499999464024,0.06365920000098413,508803.12664154236
734,182,158,28756,35.46922768472755,0.46482392810922546,0.07811358397575288,0.03473939874039341,0.008181100005458575,0.04516270000021905,0.05334380000567762,539069.2076106196
735,217,158,34286,27.2931326975065,1.0455432849324953,0.09918369064543998,0.04465197538537886,0.008755499999097083,0.06323060000431724,0.07198610000341432,476286.3941562858
736,232,158,36656,41.216709941368435,1.8641174733159884,0.05152762336296527,0.023365417093073174,0.009465900002396666,0.04300579999835463,0.0524717000007513,698586.0949707205
737,240,158,37920,27.452831466826563,0.9729807827348602,0.0987421224136993,0.0444775435750222,0.00953740000113612,0.05319150000286754,0.06272890000400366,604506.0569781993
738,216,158,34128,29.82759848730845,1.737823069583937,0.07862903090972395,0.03514394088566338,0.009377599999425001,0.04914719999942463,0.05852479999884963,583137.4050090017
739,249,158,39342,26.159166475970107,1.2084959010197271,0.10462673528113065,0.04743172684568794,0.009871299997030292,0.055722099998092744,0.06559339999512304,599785.9541192427
740,212,158,33496,33.07850336147937,0.5013762202540761,0.08248481991156467,0.03672086057008605,0.008417600001848768,0.044449799999711104,0.05286740000155987,633585.1583208496
741,175,158,27650,40.64595079302669,1.3104458737754954,0.056838668262962286,0.025016785901471737,0.0068248000025050715,0.041599200005293824,0.048424000007798895,570997.8522126806
742,185,158,29230,41.96127716075528,0.3388654277868557,0.07458614104286722,0.03368854585814103,0.008046899994951673,0.058634500004700385,0.06668139999965206,438353.12396189227
743,203,158,32074,44.36229764614396,1.512435065684479,0.05300336891507754,0.02358799011755866,0.007990700003574602,0.05110560000321129,0.059096300006785896,542741.2544663035
744,220,158,34760,33.41602879143872,0.5567425056719766,0.08027018599908207,0.03571774202026852,0.01067989999864949,0.04358209999918472,0.05426199999783421,640595.62864228
745,170,158,26860,41.31725510940453,1.1171937090496025,0.058765831465522,0.025716679534641396,0.007912100001703948,0.04376079999929061,0.05167290000099456,519808.2553811189
746,177,158,27966,35.725257666019395,1.209778761634919,0.0641468901991335,0.028248359690064534,0.008687399997143075,0.07343010000477079,0.08211750000191387,340560.7817986204
747,198,158,31284,43.20473720952235,0.7922183305398939,0.06306584035868339,0.027414693523562232,0.010318400003598072,0.06674619999830611,0.07706460000190418,405945.14211748337
748,202,158,31916,26.74985009783844,1.8032250990823646,0.09665394124668653,0.04357983319377735,0.010942799999611452,0.07840159999614116,0.08934439999575261,357224.40356102085
749,153,158,24174,43.11254854016019,0.7187507631224579,0.0646672052789492,0.028128454199419447,0.00658790000306908,0.04236020000098506,0.04894810000405414,493870.0378155185
750,233,158,36814,44.820566652989854,1.5285702204017448,0.05278256388135454,0.02350773187567962,0.00977749999583466,0.05528619999677176,0.06506369999260642,565814.7323958428
751,182,158,28756,31.930171343924343,1.3295328963564608,0.0732087873967419,0.032254925024464795,0.0071559999996679835,0.03849320000153966,0.045649200001207646,629934.3690412814
752,238,158,37604,32.304493387454194,1.9652148801301634,0.06652886424725352,0.02991958749879937,0.011050500004785135,0.06557050000265008,0.07662100000743521,490779.290225277
753,232,158,36656,35.742065339489386,0.5105730515064655,0.07645715110548801,0.03380840914528283,0.00998529999924358,0.04921440000180155,0.05919970000104513,619192.3269772121
754,240,158,37920,34.49921061433395,0.628326056413039,0.07609659522575848,0.033442229515404764,0.01045719999819994,0.06381150000379421,0.07426870000199415,510578.4805575139
755,227,158,35866,32.20712315195033,1.056130887191519,0.07504579281091404,0.03311525776354902,0.011614399998506997,0.09218719999626046,0.10380159999476746,345524.53913820186
756,206,158,32548,36.96821859914433,1.4120993234337464,0.05964099255524877,0.026353653487685397,0.008899100001144689,0.05215930000122171,0.0610584000023664,533063.4277796104
757,203,158,32074,30.732956246988355,0.4995774490608529,0.09111432956752051,0.04080865017953587,0.008861199996317737,0.055443700002797414,0.06430489999911515,498780.03076657216
758,218,158,34444,41.01663769189894,1.0458532090559551,0.060156698146885325,0.026260800549228344,0.009759799999301322,0.05774139999994077,0.06750119999924209,510272.40997770027
759,220,158,34760,25.790287387619582,1.6908662383108684,0.1042024723698465,0.04707311890313916,0.0106623000028776,0.05108499999914784,0.06174730000202544,562939.5941014392
760,241,158,38078,25.193026170713118,1.5156311231035717,0.10959318199161408,0.0501715084433776,0.01603340000292519,0.08671119999780785,0.10274460000073304,370608.28500698163
761,163,158,25754,27.510227719859706,1.6382984913149252,0.09245903405922976,0.0414714377571303,0.0072725999998510815,0.0414089000041713,0.04868150000402238,529030.5351698702
762,247,158,39026,33.059769123170135,1.9541027135158062,0.0641509257401894,0.028705523624037315,0.010818499999004416,0.06941530000040075,0.08023379999940516,486403.4858163184
763,171,158,27018,30.526933673878837,1.1656987463088169,0.08014455055521494,0.03566705513866596,0.007525000000896398,0.048483099999430124,0.05600810000032652,482394.51079116215
764,182,158,28756,37.23985484825337,0.7418300011124797,0.06862642692719496,0.029877790341252115,0.00690720000420697,0.04513020000013057,0.05203740000433754,552602.5511959295
765,230,158,36340,44.50777515319804,1.2593377073106091,0.055731067161976476,0.024586177160444356,0.01068680000025779,0.04936460000317311,0.0600514000034309,605148.256292506
766,236,158,37288,37.615513414084596,1.4568767134493603,0.05843917280115105,0.02585359623809565,0.01583599999867147,0.12335299999540439,0.13918899999407586,267894.73307220434
767,189,158,29862,37.602037034939706,0.7253716075529655,0.06876386080242301,0.02992792400712305,0.011807300004875287,0.06831510000483831,0.0801224000097136,372704.761669392
768,250,158,39500,42.55169066179703,1.3662063681709902,0.05520274683485685,0.02436344103029512,0.01684679999743821,0.09757739999622572,0.11442419999366393,345206.6958054961
769,238,158,37604,38.13900191647425,1.6254975575155208,0.05612002949427622,0.0249464982111106,0.01548969999566907,0.11517380000441335,0.13066350000008242,287792.6888532473
770,174,158,27492,32.834603623943025,0.4257036975783036,0.08509436219564283,0.038258843185595484,0.010491500004718546,0.09257349999825237,0.10306500000297092,266744.2875778152
771,208,158,32864,44.76680855369793,0.7505224623874722,0.06343543635441558,0.027407686215506977,0.011730000005627517,0.0919999000034295,0.10372990000905702,316822.8254064694
772,180,158,28440,25.107966432635013,0.9922770756541206,0.11476564057699264,0.05275112607755763,0.011174800005392171,0.06631700000434648,0.07749180000973865,367006.573552632
773,236,158,37288,33.15420914889868,1.5419127199632023,0.066897851464096,0.029734661036838986,0.014856399997370318,0.09517599999526283,0.11003239999263315,338882.00205118215
774,199,158,31442,25.455337788862305,1.9459082380494395,0.10502349448708828,0.047816908590087255,0.010965899993607309,0.07504379999591038,0.08600969998951769,365563.4190542689
775,171,158,27018,28.497625958909552,0.9638482172842087,0.09264863378947168,0.04134110842890127,0.009454699997149874,0.07217830000445247,0.08163300000160234,330969.0933748567
776,235,158,37130,41.04119781839242,0.6819240232372641,0.06642463661485302,0.028892270912325223,0.013038299999607261,0.09923269999853801,0.11227099999814527,330717.63857642125
777,230,158,36340,33.17083363685689,0.9352208274694793,0.0735419354475574,0.03244449862421812,0.014256800001021475,0.08731490000354825,0.10157170000456972,357776.8216773477
778,162,158,25596,26.31849131434301,0.3306824754730874,0.11957258626960539,0.055865160381395544,0.010449899993545841,0.12293769999814685,0.1333875999916927,191891.90000865227
779,183,158,28914,30.58944797551424,0.3580381867850455,0.09553140819299298,0.04348499025440619,0.010265400000207592,0.21673010000085924,0.22699550000106683,127376.97443281523
780,238,158,37604,25.892936284400317,1.3822594545158802,0.10535906387436571,0.047875367573795465,0.014505900006042793,0.3560840999998618,0.3705900000059046,101470.62791602811
781,151,158,23858,41.187892639563486,0.5100379129664028,0.07038060032861738,0.03077444536051231,0.01141990000178339,0.11951440000120783,0.13093430000299122,182213.52235017836
782,167,158,26386,31.62348774957758,1.207229128842684,0.07544132412492265,0.033418533967777,0.008755599999858532,0.2695109999986016,0.27826659999846015,94822.73474483108
783,201,158,31758,35.31320491479221,0.5392255414692507,0.07650643178029634,0.033834513090873625,0.013054000002739485,0.11817580000206362,0.1312298000048031,242002.9596847487
784,192,158,30336,34.08292599204632,1.469824119697779,0.06531329981979474,0.028746892663128312,0.011377200004062615,0.07397730000229785,0.08535450000636047,355411.84117696685
785,191,158,30178,37.16176481051876,0.40720865726366895,0.07657587934990137,0.0342852367661073,0.013281399995321408,0.08817849999468308,0.10145989999000449,297437.7069460254
786,224,158,35392,27.31937436744611,1.7773697223716802,0.0928276730536888,0.04174554382161594,0.014454000003752299,0.09104549999756273,0.10549950000131503,335470.7842175446
787,238,158,37604,35.21533514018357,0.6714967508309717,0.07355795673679737,0.03239445616868252,0.014749999994819518,0.10677779999969061,0.12152779999451013,309427.14343301463
788,212,158,33496,41.2406360130184,1.0452121475373657,0.05994599418371764,0.026143096566268908,0.0145288999992772,0.0942704999979469,0.1087993999972241,307869.3448755656
789,232,158,36656,38.91794613080111,0.5810191102473969,0.07048766722570447,0.030972148439480766,0.01488239999889629,0.18145609999919543,0.19633849999809172,186697.97314513594
790,210,158,33180,33.39350609884138,0.8257938163221463,0.07448346606498424,0.03301209305122317,0.012689800001680851,0.16507110000384273,0.17776090000552358,186655.22057420385
791,181,158,28598,30.982911746192556,1.908571863669633,0.07206262885553362,0.032361684398197296,0.012148699999670498,0.1577289999986533,0.1698776999983238,168344.638526906
792,193,158,30494,44.19231831999156,1.6553377913631484,0.051743665096701315,0.02329802584730157,0.012113899996620603,0.09126240000477992,0.10337630000140052,294980.5709779405
793,218,158,34444,27.362792350716784,1.3608185215866198,0.09550256542058497,0.04290279970810021,0.013346899999305606,0.07890339999721618,0.09225029999652179,373375.4795518137
794,210,158,33180,33.459331967125344,1.5124259745979798,0.06620105647197434,0.02936274010654532,0.013132000000041444,0.0790527999997721,0.09218479999981355,359929.18572332
795,215,158,33970,41.10211712819018,1.4793735742320882,0.0549389277389105,0.02437383105702093,0.012412700001732446,0.08702640000410611,0.09943910000583855,341616.1248241935
796,161,158,25438,38.19811280984856,0.8062650603609902,0.06641633561808971,0.028981915328041837,0.010433600000396837,0.05777020000095945,0.06820380000135629,372970.4209955185
797,170,158,26860,33.6131889233628,1.9276917632712218,0.0625273409207759,0.02793522416467077,0.010745799998403527,0.0606952000016463,0.07144100000004983,375974.58042274415
798,223,158,35234,39.35653577397106,0.9834299387539891,0.06226177843730158,0.027280924848447876,0.013642399993841536,0.08378960000118241,0.09743199999502394,361626.57034443994
799,238,158,37604,28.651885887908172,0.8386193350739541,0.09412660917056469,0.04194195838105669,0.01427259999763919,0.08968959999765502,0.10396219999529421,361708.39018125937
800,187,158,29546,30.296673361361876,1.4907180883835276,0.07762728341531386,0.03457710147617424,0.010595600004307926,0.0757069999963278,0.08630260000063572,342353.53279950266
801,247,158,39026,44.36243239016261,1.3872096825363673,0.05436261893235935,0.02403073613813641,0.015114900001208298,0.10807699999713805,0.12319189999834634,316790.3084579738
802,213,158,33654,33.97180689443989,0.7202335823087518,0.07508352158867675,0.03307763643249097,0.012030099998810329,0.09150319999753265,0.10353329999634298,325054.83744059864
803,203,158,32074,27.935633766428968,1.1133609136068692,0.09433606156215134,0.042411078627316634,0.012583299998368602,0.08904810000240104,0.10163140000076964,315591.4412254196
804,193,158,30494,35.81731131562446,1.446759702030837,0.061322407630217214,0.027075817799157454,0.00972159999946598,0.0702579999997397,0.07997959999920567,381272.22442101303
805,151,158,23858,34.583341663632226,1.8120059766307235,0.060960259279124136,0.02732679952589848,0.00910920000023907,0.06472770000254968,0.07383690000278875,323117.5739921219
806,191,158,30178,38.58599720227852,1.8478405599176706,0.05382819011839891,0.024232255281990803,0.010631400000420399,0.10616830000071786,0.11679970000113826,258373.95130043916
807,153,158,24174,29.15909247190654,0.5358974519227888,0.09705224044839582,0.044004820029372865,0.011375900001439732,0.0697026999987429,0.08107860000018263,298155.12354610895
808,223,158,35234,33.35386033097869,0.5685818403697078,0.08002763872482793,0.03543316112303942,0.014377400002558716,0.10271649999776855,0.11709390000032727,300903.80455259857
809,167,158,26386,34.84560829295053,1.726448709907227,0.060849708311108565,0.02717063939905836,0.015934199996991083,0.15061599999899045,0.16655019999598153,158426.70858778094
810,219,158,34602,40.34401018345258,1.8089209723913329,0.052748378751716854,0.023733528644883147,0.01705740000033984,0.12204470000142464,0.13910210000176448,248752.53500530243
811,213,158,33654,26.063104977571736,1.2069056320000022,0.1055954732650035,0.047733014050714916,0.019727500002773013,0.44492340000579134,0.46465090000856435,72428.56949029841
812,188,158,29704,30.34859323438318,1.1325743222975524,0.08114786789617619,0.03613957250892637,0.014934600003471132,0.47745230000145966,0.4923869000049308,60326.54402402367
813,206,158,32548,37.109247094445905,1.7217120238645118,0.05676521740618066,0.02531667643187225,0.01405479999812087,0.10779380000167293,0.1218485999997938,267118.3747704535
814,237,158,37446,27.610410145189856,0.5651718956041274,0.10493183140138515,0.04776830747212216,0.013382400000409689,0.11657689999992726,0.12995930000033695,288136.36269126495
815,196,158,30968,33.30798704695148,1.1129868493773694,0.07067752981554792,0.03116087968659301,0.012835400004405528,0.07579859999532346,0.08863399999972899,349391.88122046494
816,222,158,35076,43.801286366550954,1.8030832237596308,0.05064049941249713,0.023036990097478505,0.015962699995725416,0.11850350000167964,0.13446619999740506,260853.65690914818
817,181,158,28598,33.15621469544967,1.5094136225633088,0.06694292632795024,0.02990062216743186,0.01096269999834476,0.08081179999862798,0.09177449999697274,311611.6132579674
818,225,158,35550,28.692123057351882,1.3625805840297218,0.08729326063981187,0.03914266192111308,0.01452900000003865,0.1209106000023894,0.13543960000242805,262478.6251536677
819,242,158,38236,33.117281974538045,1.9496935653690692,0.06410168558476222,0.02867250476609906,0.01644309999392135,0.10282939999888185,0.1192724999928032,320576.8303867792
820,177,158,27966,36.179228051519985,0.6579439024758591,0.07216583663776475,0.03169744900212974,0.010141699996893294,0.07976390000112588,0.08990559999801917,311059.60029871506
821,153,158,24174,38.7764543263294,0.9357083185831649,0.06366021544222536,0.027671083370623444,0.010110499999427702,0.06524119999812683,0.07535169999755453,320815.58877615957
822,243,158,38394,31.181585606153504,1.5788931312209384,0.07377902374925743,0.032857659202308626,0.0197935000032885,0.19244549999712035,0.21223900000040885,180899.8346200559
823,247,158,39026,27.633889549370792,1.1534827839216804,0.09542769035975318,0.04280967409935037,0.017053800002031494,0.09649160000117263,0.11354540000320412,343703.9281106829
824,156,158,24648,35.25807116124875,0.965045370183998,0.06813811986489794,0.029867342646672644,0.009359399999084417,0.057817200002318714,0.06717660000140313,366913.47879299003
825,168,158,26544,42.206905389889556,0.43429766670807746,0.07184602338094367,0.0318745742068819,0.011495999999169726,0.05451339999854099,0.06600939999771072,402124.5459119546
826,229,158,36182,29.93938594627264,0.33373130649172805,0.0990971566148549,0.04533414287767874,0.011684999997669365,0.08560909999505384,0.0972940999927232,371882.776064593
827,208,158,32864,27.167226761105393,1.0174919420525026,0.09982919198872395,0.04506954957908487,0.011715200002072379,0.06714219999412308,0.07885739999619545,416752.2642337378
828,176,158,27808,25.115185830612262,1.8604621645774884,0.10865291648976463,0.04930036448342906,0.009013000002596527,0.05416799999511568,0.0631809999977122,440132.3182761737
829,236,158,37288,31.169976318494992,0.8751725134186383,0.08168530836709871,0.03615671546710323,0.015177399996900931,0.07297609999659471,0.08815349999349564,422989.44457963976
830,247,158,39026,33.39889124961296,0.6725391059388548,0.07791492569738927,0.03428261536315581,0.015611099996021949,0.1041285000028438,0.11973959999886574,325923.92157957505
831,175,158,27650,31.49651363191466,1.3798314863119556,0.0742593040149005,0.03300487466401574,0.012765099992975593,0.08833939999749418,0.10110449999046978,273479.4198339967
832,176,158,27808,29.271583317051345,1.0189907104736218,0.08776094323424202,0.039114672535969036,0.011836400000902358,0.06282529999589315,0.0746616999967955,372453.3462430339
833,159,158,25122,43.231003053513575,1.9787720191542224,0.04952058786236233,0.022698398546736897,0.010290600002917927,0.07099540000490379,0.08128600000782171,309056.91013929393
834,182,158,28756,37.34303906594505,0.551809238312019,0.07264117471084454,0.03196824927646911,0.011271700001088902,0.06511019999743439,0.0763818999985233,376476.6260142252
835,195,158,30810,41.13881855148142,1.6333466109955233,0.05342637767620699,0.023968028836331753,0.012508599997090641,0.0772484000044642,0.08975700000155484,343260.13569377636
836,171,158,27018,32.19788252461689,0.9981295180428287,0.0759498166667366,0.03336371753660466,0.010099700004502665,0.06529500000033295,0.07539470000483561,358354.1017905388
837,215,158,33970,40.44021156921012,1.8802409237797328,0.051979084705388735,0.023387842033543042,0.01409379999677185,0.0951095999989775,0.10920339999574935,311070.9007349794
838,167,158,26386,32.2438814524337,0.8934958456772277,0.077226625390964,0.0342036276488046,0.009008399996673688,0.06437369999912335,0.07338209999579703,359569.97689506377
839,188,158,29704,32.405899488546765,1.000223365471602,0.0752994323351338,0.03312931310289112,0.011252299998886883,0.07950890000211075,0.09076120000099763,327276.41326550883
840,246,158,38868,39.78481578413102,0.8509564170268116,0.06403156890341058,0.027978775096764226,0.011511400000017602,0.12371010000060778,0.13522150000062538,287439.4974158713
841,168,158,26544,31.292819612601413,0.4954900290319375,0.08844738074200212,0.039605704175456176,0.01216000000567874,0.0601500999982818,0.07231010000396054,367085.6491492356
842,203,158,32074,31.238463677588832,0.9184578752396801,0.08049457577562423,0.03570619508222527,0.012507100000220817,0.07546870000078343,0.08797580000100425,364577.5315442869
843,199,158,31442,34.87368183319791,1.2153748923076098,0.0655952562711057,0.02902565669622736,0.012818400005926378,0.07153749999997672,0.0843559000059031,372730.3009961335
844,153,158,24174,29.768199370333903,1.795707070224881,0.07827867341134254,0.034976348480843536,0.009680800001660828,0.05961570000363281,0.06929650000529364,348848.78743014904
845,151,158,23858,29.732227893044254,0.791924731800445,0.08910727709158403,0.03956487420275376,0.00868359999731183,0.054623799995169975,0.0633073999924818,376859.5772821709
846,166,158,26228,37.81208149652906,1.8381119311966692,0.054977955595235044,0.024820661694104282,0.010802099997818004,0.059970000002067536,0.07077209999988554,370598.01814616803
847,192,158,30336,33.16797052855695,1.490709104031327,0.06743261166957802,0.02984494506080072,0.012132799995015375,0.06335639999451814,0.07548919998953352,401858.8089979235
848,164,158,25912,33.25779081914166,1.6111549472656739,0.06611473219578236,0.029450481974317922,0.010689200003980659,0.052765699998417404,0.06345490000239806,408353.01921554905
849,205,158,32390,38.1924811563959,0.37594148988870274,0.07652720883815105,0.034409793945195395,0.012452599999960512,0.07384010000532726,0.08629270000528777,375350.4062106671
850,236,158,37288,43.95083208082721,1.5376502177156859,0.05282182402935223,0.02364276076306098,0.015276900005119387,0.09534739999799058,0.11062430000310997,337068.7995219109
851,207,158,32706,36.13766026476643,0.45098069887008274,0.0769107303517592,0.034271394892634074,0.014008499994815793,0.1300861000054283,0.1440946000002441,226975.8894500182
852,202,158,31916,29.718817816144067,1.2221413983010208,0.08320014452943118,0.03713779857296832,0.014728599999216385,0.0908936999985599,0.10562229999777628,302171.0377512319
853,216,158,34128,35.462535968921756,0.4275661766820556,0.07899917784226615,0.03544258008273548,0.012235599999257829,0.07247020000068005,0.08470579999993788,402900.39170900965
854,238,158,37604,42.627510346207444,0.7775018995732357,0.06358968375878296,0.02763291338825875,0.01543870000023162,0.08607540000230074,0.10151410000253236,370431.2996821322
855,154,158,24332,40.28404269346774,1.8306667011697382,0.052493102822262404,0.023550499966191754,0.01015929999994114,0.058296299997891765,0.0684555999978329,355442.0675703708
856,233,158,36814,26.163015346617662,0.3165508071138241,0.12198161347159728,0.05687614070645588,0.01150910000433214,0.10584180000296328,0.11735090000729542,313708.71461327834
857,235,158,37130,32.490391934969296,0.856891120982523,0.07701669497566556,0.03398331883299694,0.014367499999934807,0.22953920000145445,0.24390670000138925,152230.34053508376
858,209,158,33022,25.220493987974823,1.1066429761025653,0.11287086985767479,0.051608807525092816,0.019012800003110897,0.1564494000049308,0.1754622000080417,188200.07955267033
859,203,158,32074,34.3601443872297,0.9043453569026065,0.07117904539295615,0.03116369590288008,0.012974099998245947,0.0748308000038378,0.08780490000208374,365287.1308917707
860,175,158,27650,44.3236208129859,1.583764424694522,0.052397382372003226,0.023430775829755786,0.010695099997974467,0.06454669999948237,0.07524179999745684,367481.9050173516
861,189,158,29862,40.2681924682558,1.9559576309498319,0.05152311040009359,0.023321968575479177,0.010449199995491654,0.08955489999789279,0.10000409999338444,298607.7571017134
862,234,158,36972,41.03184275412987,0.46711836517661803,0.07168289466416776,0.03159308201082863,0.015113599998585414,0.07284069999877829,0.0879542999973637,420354.66146746866
863,161,158,25438,29.38985848555469,1.005585119829466,0.08753133570487434,0.038977937928940776,0.008697400000528432,0.05883690000337083,0.06753430000389926,376667.85616392375
864,169,158,26702,38.734646940622156,1.6590237651821804,0.055220496911475764,0.02466574633300852,0.010325399998691864,0.06360940000013215,0.07393479999882402,361156.04560267576
865,222,158,35076,43.17165375169243,0.5428850108605924,0.06873521479035065,0.030166280083386853,0.011635599999863189,0.07539790000009816,0.08703349999996135,403017.2289982085
866,186,158,29388,31.53210774075113,0.46484487360099325,0.08877012317050942,0.039911608704226685,0.01167179999902146,0.06175770000118064,0.0734295000002021,400220.61977705307
867,167,158,26386,32.44953394060893,1.072632788166913,0.07390811316938606,0.03266036933964326,0.01051539999753004,0.06879689999914262,0.07931229999667266,332684.84208763274
868,191,158,30178,41.12471352818663,0.342861497832882,0.07516186477054818,0.034125860124439675,0.010862899995117914,0.08184759999858215,0.09271049999370007,325507.8982644973
869,172,158,27176,32.33818435598537,1.4758654454493323,0.06977537146147904,0.031040319112385598,0.011052699999709148,0.06076069999835454,0.07181339999806369,378425.19642201526
870,202,158,31916,27.22252401434027,0.8609601025623852,0.10126016092980591,0.04592835609412188,0.012796799994248431,0.07506039999861969,0.08785719999286812,363271.30847091426
871,210,158,33180,30.260176875744893,0.9280159470780744,0.0847809945270624,0.03764409267563495,0.013685099998838268,0.08089429999381537,0.09457939999265363,350816.351156565
872,181,158,28598,35.89172984304536,0.3142833940047521,0.08143115730508454,0.03732979362897491,0.010985599998093676,0.07525339999847347,0.08623899999656714,331613.3072175974
873,201,158,31758,42.73342700213332,1.7952535187371421,0.05121524381364435,0.023096925934233608,0.013491400000930298,0.1510000999987824,0.1644914999997127,193067.726904159
874,153,158,24174,39.6188844598942,0.8453697342363748,0.06441777303831463,0.027967276089875228,0.009532399999443442,0.07105729999602772,0.08058969999547116,299963.89118409035
875,206,158,32548,38.2620984398374,1.4264261289906768,0.05785915019478261,0.02570010568721977,0.012037200001941528,0.07181019999552518,0.08384739999746671,388181.38667368784
876,186,158,29388,28.707238409954282,1.0293362430180653,0.09040545121290447,0.040390807473627215,0.010652500001015142,0.06868760000361362,0.07934010000462877,370405.3813681289
877,206,158,32548,29.001654959015752,1.3660807365048495,0.0853980393480062,0.03824472123014371,0.012079899999662302,0.0745424999986426,0.0866223999983049,375745.76553682337
878,160,158,25280,34.70846188509981,0.6089811454013053,0.07616798286106259,0.03357648501823195,0.009713100000226405,0.05065230000036536,0.06036540000059176,418782.9451929778
879,218,158,34444,28.660648669221352,0.40079936218145784,0.10336197088760585,0.047265763407494166,0.012285899996641092,0.08431380000547506,0.09659970000211615,356564.2543325233
880,173,158,27334,28.884795622200873,1.1348284217843085,0.08858481194886553,0.03954329024828324,0.010636899998644367,0.06780399999843212,0.07844089999707649,348466.17008497793
881,177,158,27966,28.78613473402959,0.38392295893520884,0.10406769581683252,0.04710528531235694,0.012430800001311582,0.08092449999821838,0.09335529999952996,299565.2094754214
882,235,158,37130,35.728218217529744,0.35218585141354414,0.08053435497882167,0.0365564255633929,0.01299970000400208,0.08401220000087051,0.09701190000487259,382736.5508575245
883,246,158,38868,42.399448781231186,1.2245791142098303,0.056944499674960194,0.025067305956501276,0.013591700000688434,0.0843888999952469,0.09798059999593534,396690.77349610446
884,154,158,24332,42.91850769942269,0.5033885223914655,0.06958861077543163,0.03068767996988748,0.00937569999950938,0.050641299996641465,0.060016999996150844,405418.4647943169
885,200,158,31600,36.66198992776481,1.62332718226955,0.05811110250462377,0.025916878076728586,0.011142600000312086,0.06883170000219252,0.0799743000025046,395126.9345153426
886,198,158,31284,26.53882917607825,1.5045381091475631,0.09964781105200714,0.04494105089503511,0.011685799996485002,0.0726446999979089,0.0843304999943939,370968.9851486673
887,175,158,27650,32.33274356170706,1.2571233893022835,0.07242809713864734,0.03193510349233198,0.0114707000029739,0.06386909999855561,0.07533980000152951,367003.8943485205
888,212,158,33496,30.26972229735934,0.9147488560351775,0.08453302104951098,0.0375691306504062,0.011995200002274942,0.07060729999648174,0.08260249999875668,405508.3078660352
889,240,158,37920,29.17068429620004,1.2506934352236743,0.08574586412991156,0.03815057611214431,0.011958399998547975,0.10240769999654731,0.11436609999509528,331566.78422737366
890,197,158,31126,26.145010881477965,1.9130383664153991,0.09959572144293283,0.04519688604517654,0.012243500001204666,0.08182350000424776,0.09406700000545243,330891.8111366987
891,235,158,37130,30.826112398233267,1.3754197773129189,0.07646924903574748,0.0340845025766113,0.014281499999924563,0.09529409999959171,0.10957559999951627,338852.8102986788
892,206,158,32548,41.73782001875914,0.7762701307920932,0.06405150775136162,0.027835353047427586,0.012516900002083275,0.06315940000058617,0.07567630000266945,430095.02312945906
893,241,158,38078,35.02155801620582,1.8664408831319055,0.05964131833620838,0.026695963036867595,0.01579239999409765,0.08911519999674056,0.10490759999083821,362967.0300657477
894,154,158,24332,38.97551719616193,0.6357230207675177,0.06916803776739855,0.030181476380893007,0.008838699999614619,0.05357039999944391,0.062409099999058526,389879.0400817679
895,246,158,38868,27.413973069698162,0.3118055109697453,0.11348727332608051,0.05268940997079101,0.014751199996680953,0.08066700000199489,0.09541819999867585,407343.67238681286
896,223,158,35234,28.626796600329897,1.1894301682179433,0.08937537890513876,0.039910771110323574,0.011368799998308532,0.08648769999854267,0.0978564999968512,360057.8398076137
897,205,158,32390,26.43550856717101,1.5153392571162971,0.10041821518049916,0.0453578068545072,0.013351599998713937,0.07360260000132257,0.08695420000003651,372494.94561489153
898,150,158,23700,28.511324637005785,0.6918903905663321,0.09694560347555137,0.04382513554095508,0.00880440000037197,0.04960420000134036,0.05840860000171233,405762.16514871444
899,221,158,34918,32.87093636634168,0.9805096917195109,0.07383148880368756,0.03261593979921116,0.02169970000250032,0.3034112000023015,0.3251109000048018,107403.3506704459
900,209,158,33022,38.11476842051444,1.4271887609637897,0.05811939188497905,0.02577375175006471,0.012544900004286319,0.11140250000607921,0.12394740001036553,266419.46500885393
901,162,158,25596,32.23564839271181,1.4594716461020005,0.0706922517300246,0.03140067680257971,0.007580400000733789,0.0596019999939017,0.06718239999463549,380992.6409601896
902,191,158,30178,31.677697727750576,0.7031069862215035,0.08265043063872972,0.036894483781304145,0.010308700002497062,0.07416609999927459,0.08447480000177165,357242.6332985351
903,204,158,32232,30.806781999067034,1.6470446478317706,0.07495120506782596,0.033378024607810725,0.011104100005468354,0.06120750000263797,0.07231160000810632,445737.6132790134
904,213,158,33654,42.052829249752,1.2093464437717514,0.05732394753991742,0.025120426484561607,0.011611100002482999,0.0834063000002061,0.0950174000026891,354187.7592845895
905,164,158,25912,27.704971603975913,1.850730288616795,0.08998624299006917,0.04039963981362052,0.00927380000211997,0.055872099997941405,0.06514590000006137,397753.3505558383
906,238,158,37604,39.933606146688405,1.2386355164280791,0.05823507385961722,0.025601888245337864,0.014121399995929096,0.0845569000011892,0.0986782999971183,381076.6906310521
907,207,158,32706,30.36121208224453,1.2681021130588728,0.07964955867651848,0.035313372741043896,0.013116699999955017,0.07823450000432786,0.09135120000428287,358024.8535155162
908,232,158,36656,41.017953013986954,0.6102935628369263,0.06791650927267692,0.029694362941377634,0.01437889999942854,0.07750739999755751,0.09188629999698605,398927.805355122
909,230,158,36340,36.41579247432246,0.5053042927564384,0.07529243511177917,0.03335271854497486,0.014148299997032154,0.08748819999891566,0.10163649999594782,357548.7152887875
910,204,158,32232,42.88921858709709,1.283349736369513,0.055874384168350506,0.024589858356855874,0.013059899996733293,0.06346040000062203,0.07652029999735532,421221.5582154539
911,163,158,25754,38.68114058112141,1.8519206807787025,0.05389091718485323,0.024345228626517102,0.010465100000146776,0.06789190000563394,0.07835700000578072,328675.1662021264
912,230,158,36340,32.503124478704315,1.6078253333531283,0.0684787010924325,0.030398836336398182,0.015133699998841621,0.09156299999449402,0.10669669999333564,340591.60219828563
913,222,158,35076,28.049052889158208,1.4587009548222374,0.09012951047711058,0.04041937518351154,0.013214699996751733,0.08872120000160066,0.1019358999983524,344098.5952992708
914,221,158,34918,28.654101740999767,0.5395822683795464,0.09962473316971059,0.045143076377066896,0.01178799999615876,0.07997510000132024,0.091763099997479,380523.32583532267
915,216,158,34128,27.07216205292021,0.6738078016270495,0.10591466159360297,0.04800655143075573,0.01353670000389684,0.46487590000469936,0.4784126000085962,71335.91381035278
916,217,158,34286,35.78129372843612,1.0059761282842041,0.06660677983881905,0.029239960705031848,0.01205570000456646,0.08125719999952707,0.09331290000409354,367430.44100543344
917,235,158,37130,30.9608280010795,1.6048314868935918,0.07401461673661963,0.03305312116933352,0.014107100003457163,0.08260490000247955,0.09671200000593672,383923.40141575766
918,183,158,28914,27.221499445845595,0.7050842338668075,0.10442016853309556,0.04713841179717012,0.013791700002911966,0.0652778000003309,0.07906950000324287,365678.2956615908
919,182,158,28756,26.599188159253885,1.7814145542033406,0.09721094474263749,0.044097905645964844,0.009410600003320724,0.07054120000248076,0.07995180000580149,359666.6991601615
920,160,158,25280,27.255327731576376,1.4049806407193992,0.0952212160745964,0.04279740854937981,0.0097989999994752,0.052550399996107444,0.062349399995582644,405456.98918980855
921,243,158,38394,30.637250530836095,1.3907909487120484,0.07708205621343726,0.03448301613103908,0.01708890000008978,0.10189939999690978,0.11898829999699956,322670.38020518114
922,173,158,27334,39.83821971343622,0.6208034635360213,0.06867489802939651,0.029833665295329655,0.01069409999763593,0.07354559999657795,0.08423969999421388,324478.83838472207
923,225,158,35550,35.744484844626086,1.739929693275453,0.0588461142429418,0.02638270696650463,0.012262699994607829,0.08706189999793423,0.09932459999254206,357917.37397048995
924,196,158,30968,31.602560279396737,0.598492097272781,0.0848857920685853,0.037729667992251546,0.01234670000121696,0.07088129999465309,0.08322799999587005,372086.3171232842
925,189,158,29862,32.810053734370385,1.7850512461451224,0.06594677002261809,0.029416966789650466,0.011353599998983555,0.08733560000109719,0.09868920000008075,302586.3012363619
926,187,158,29546,40.07261245344218,1.6022174113958416,0.054324442507658534,0.024235565596727026,0.010238599999865983,0.08142049999878509,0.09165909999865107,322346.60825204285
927,181,158,28598,26.96314027187955,1.5322900356792817,0.09671301921693125,0.04353601546063013,0.010559100002865307,0.0684317999985069,0.07899090000137221,362041.70353171317
928,178,158,28124,32.95303952220986,0.43910604934975817,0.08452091669973877,0.0379660060887431,0.009255400000256486,0.06311119999736547,0.07236659999762196,388632.32486981817
929,204,158,32232,26.44594413772318,0.7739255075446714,0.10846038877509781,0.049302343521740635,0.013614600000437349,0.07058300000062445,0.0841976000010618,382813.76190762594
930,194,158,30652,39.73814132745741,0.630532940292632,0.06855603341095903,0.029895209547699295,0.009559999998600688,0.07732540000142762,0.08688540000002831,352786.54411431623
931,249,158,39342,25.487288624691622,1.0321850577518703,0.11182612036155076,0.05099570123533668,0.013689600003999658,0.1161982000048738,0.12988780000887346,302892.1884681417
932,161,158,25438,29.693051967310474,1.4069870205042698,0.08119936650079194,0.036472080153633644,0.010898199994699098,0.06815350000397302,0.07905169999867212,321789.4112388133
933,248,158,39184,32.310458535947475,0.9741731936675755,0.07568260777806667,0.03345763673128883,0.014745699998456985,0.09197100000164937,0.10671670000010636,367177.7706765759
934,180,158,28440,38.34599675140512,0.5302430247826085,0.0721337706724632,0.031715541045800606,0.011471300000266638,0.07447920000413433,0.08595050000440096,330888.12745177484
935,249,158,39342,32.718243047674214,0.9483909269192317,0.07491860463479943,0.03306013558199272,0.015643999999156222,0.0972914999947534,0.11293549999390962,348358.1336437315
936,194,158,30652,44.326319938698504,0.8321139926032017,0.06200440138209405,0.02694930376188205,0.011229399999137968,0.07403069999418221,0.08526009999332018,359511.6590574193
937,239,158,37762,29.819199647544558,1.1437678532725668,0.08380108684232837,0.037294989238980905,0.013078800002404023,0.1008164000013494,0.11389520000375342,331550.4077323325
938,202,158,31916,34.418535726731214,0.7236899924206516,0.0741843596579509,0.03258340377655613,0.009395699999004137,0.07673549999890383,0.08613119999790797,370550.9734077222
939,164,158,25912,36.2377369590548,0.6807415406389323,0.07130450450552807,0.03126021399048611,0.011975599998550024,0.07391680000000633,0.08589239999855636,301679.7760970181
940,237,158,37446,29.156041453660286,0.41774725707640065,0.10061249521611672,0.04577036739923574,0.016207200002099853,0.19374059999972815,0.209947800001828,178358.6205698462
941,185,158,29230,25.320583264642067,1.0629121103347867,0.112387686455323,0.051412310910490866,0.012859600006777328,0.12526290000096196,0.1381225000077393,211623.7397843377
942,248,158,39184,26.277648485537,0.6439644155610812,0.11206503728401469,0.05094595519934249,0.016608899997663684,0.09377049999602605,0.11037939999368973,354993.77603284764
943,186,158,29388,35.13460013824839,0.8008279388332544,0.07108011970525396,0.031152854596444592,0.014007300000230316,0.1045181000008597,0.11852540000109002,247946.85358353343
944,244,158,38552,41.20721555129285,0.395676055463466,0.07353028627973439,0.032830284063194326,0.014400900006876327,0.1665590999982669,0.18096000000514323,213041.55613894938
945,241,158,38078,43.709761943512405,0.47169092514550404,0.07027719508143081,0.03085852470576538,0.016299399998388253,0.12384790000214707,0.14014730000053532,271699.84723112435
946,174,158,27492,42.93744601420107,1.6692461226641695,0.052141562139350624,0.023436979765114472,0.012074699996446725,0.0631160999982967,0.07519079999474343,365629.8377184703
947,213,158,33654,34.058177835031536,0.5013065435208519,0.07993959783053937,0.03558513581917572,0.01182130000233883,0.08190120000654133,0.09372250000888016,359081.33048959746
948,208,158,32864,27.108397632415063,0.43755750066134314,0.1120729624963694,0.05118291928864181,0.012591899998369627,0.07460690000152681,0.08719879999989644,376885.92044889415
949,248,158,39184,32.581642729723505,1.6912019018868147,0.06730510056795559,0.030075804699820338,0.01452630000130739,0.1101898999986588,0.12471619999996619,314185.3263650642
950,219,158,34602,29.134588236805264,0.8093148579984637,0.09174710445491602,0.041036594637988824,0.01411309999821242,0.08871000000362983,0.10282310000184225,336519.71200420964
951,177,158,27966,42.491886224601544,1.2846992440476233,0.056071666123859894,0.024775272243794066,0.010682400003133807,0.0819093999962206,0.09259179999935441,302035.38542500517
952,232,158,36656,31.630777368399027,0.7537725828008126,0.08200734041331564,0.03613617769217409,0.01584770000044955,0.10304760000144597,0.11889530000189552,308304.86991004355
953,178,158,28124,27.250733139968002,1.9370255940630428,0.09230329707512783,0.041506818633168865,0.010571799997705966,0.06445370000437833,0.0750255000020843,374859.2145233112
954,224,158,35392,28.208297651110467,0.6453140655228687,0.09973752561842493,0.044986461657191223,0.012442799998098053,0.07120559999748366,0.08364839999558171,423104.3271822222
955,215,158,33970,25.108277691365725,0.5766985512655081,0.12179953785484623,0.056330010675312986,0.012868199999502394,0.0980649999983143,0.1109331999978167,306220.3199823729
956,233,158,36814,37.056809225047076,1.6871291216511686,0.0571689327435359,0.025509664442898736,0.01210469999932684,0.10145339999871794,0.11355809999804478,324186.47371375404
957,167,158,26386,29.936776328103527,1.821587093274636,0.07732051944950764,0.034658976745624334,0.010053600002720486,0.07819860000017798,0.08825220000289846,298984.047979919
958,249,158,39342,41.483382138287226,0.6302294579185119,0.0673779940258537,0.02925975204047959,0.015059299999848008,0.10880639999959385,0.12386569999944186,317618.1945460065
959,198,158,31284,36.23180803822239,1.6672405889254103,0.05868451282135293,0.02613675074267597,0.013975499998196028,0.09443769999779761,0.10841319999599364,288562.64736356906
960,238,158,37604,44.41637563135947,1.4179756040122113,0.05396061295936977,0.0238635732425112,0.014617599998018704,0.09065819999523228,0.10527579999325098,357195.10089128476
961,174,158,27492,44.34234441754926,1.5131394214932554,0.052901794455891334,0.02357711297309943,0.01168609999876935,0.0792753999994602,0.09096149999822956,302237.7599372822
962,237,158,37446,34.91179508461788,0.3310966513538448,0.08277666635239934,0.037568284125075485,0.038248500000918284,0.29894420000346145,0.33719270000437973,111052.22621816433
963,247,158,39026,29.210160924586575,0.4263959033764495,0.09995783056805253,0.04515757409761817,0.013395200003287755,0.10514400000101887,0.11853920000430662,329224.4253258176
964,193,158,30494,25.931296212198383,1.2150009459438018,0.10618587945634285,0.04844377709342048,0.011534400000527967,0.0794398999933037,0.09097429999383166,335193.5656780826
965,247,158,39026,44.64646856828421,1.7862013492861795,0.05054544615785131,0.022838587722917723,0.01636750000034226,0.08836180000071181,0.10472930000105407,372636.88384823746
966,219,158,34602,43.34609637033287,0.7461277918311876,0.06404489508305396,0.02781805432919239,0.01249870000174269,0.07639430000563152,0.08889300000737421,389254.49694722367
967,153,158,24174,42.24907421955835,1.0439564385505682,0.05944836090088786,0.025973555028827387,0.009596399999281857,0.05834820000018226,0.06794459999946412,355789.864097966
968,174,158,27492,35.40781426085318,1.5664991641690114,0.0612951450739687,0.027133645393428663,0.011837599995487835,0.06790309999632882,0.07974069999181665,344767.4776221096
969,244,158,38552,31.12187075932578,1.8207916734911433,0.07193575702909054,0.0321907588415361,0.015064600003825035,0.09768709999480052,0.11275169999862555,341919.4566509414
970,150,158,23700,31.47960132120762,1.5613262128077074,0.0723055087641401,0.032190399671437865,0.00979150000057416,0.054073899998911656,0.06386539999948582,371092.95487370016
971,238,158,37604,34.60948981053376,1.1762861955338428,0.06677935517000073,0.02919468137070723,0.01696119999542134,0.16213190000416944,0.17909309999959078,209969.00494818576
972,211,158,33338,34.33647526422047,1.7119598476418865,0.06225251405990052,0.027778599193846114,0.014263699995353818,0.16052960000524763,0.17479330000060145,190728.1343157048
973,153,158,24174,33.07047886633555,1.698276710636257,0.06591751924206916,0.02938143277508009,0.010854100000869948,0.21386550000170246,0.2247196000025724,107574.06118435274
974,169,158,26702,41.008933778326394,0.6138771688911919,0.06795162552995394,0.02957377925581753,0.01082239999959711,0.08356549999734852,0.09438789999694563,282896.43058976915
975,234,158,36972,28.91201774167948,0.9807529426501118,0.09052053572455818,0.040486704483803926,0.016969599993899465,0.27366040000197245,0.2906299999958719,127213.29525694232
976,172,158,27176,32.98775745892269,0.5412566620541249,0.081941100377516,0.03637905443329492,0.016397200000938028,0.35445639999670675,0.3708535999976448,73279.59065294928
977,201,158,31758,41.26028435338334,1.8285381312986078,0.051664238052674546,0.02338145970393573,0.012593600004038308,0.12645899999915855,0.13905260000319686,228388.39402693568
978,189,158,29862,40.3040578286478,1.6589788724369403,0.05379650612642372,0.024130989516120107,0.011803099994722288,0.19671350000135135,0.20851659999607364,143211.61960516477
979,215,158,33970,33.80580524795482,1.5345050100136322,0.06501255138781156,0.028889508299646323,0.012588600002345629,0.5434988000051817,0.5560874000075273,61087.519694818075
980,187,158,29546,35.7256759757419,0.8248809819109981,0.06969854094067417,0.030470145433989446,0.011824900000647176,0.14667399999598274,0.15849889999662992,186411.38834798362
981,245,158,38710,29.052263747427517,1.3188474580671328,0.08585114057115419,0.03834584678001348,0.022333000000799075,0.3211455999989994,0.34347859999979846,112699.88872675828
982,211,158,33338,26.563074121473548,1.8484271004130253,0.09744655937373836,0.04405031491445556,0.011759900000470225,0.0873418999981368,0.09910179999860702,336401.5588058804
983,183,158,28914,27.711969645989775,0.7032363762580689,0.10124692267517502,0.045792223013352465,0.01282329999958165,0.09937520000676159,0.11219850000634324,257703.9799851631
984,163,158,25754,40.34555291122502,1.3743434388725888,0.05656270217284188,0.024995276718591655,0.010261399998853449,0.3652894000042579,0.37555080000311136,68576.60801091792
985,226,158,35708,44.843436527271685,1.3149447160682668,0.05506441385295604,0.02427637959335358,0.013269399998534936,0.3149000000048545,0.32816940000338946,108809.65745018028
986,152,158,24016,38.6755446102571,0.6851456776632571,0.0680932766076359,0.0297545865550907,0.012210699998831842,0.0911543000038364,0.10336500000266824,232341.701730567
987,213,158,33654,27.11990726306086,0.8816923398001508,0.10195995568805545,0.04613989792645098,0.016465400003653485,0.5496529000010923,0.5661183000047458,59446.93891668557
988,182,158,28756,37.65879246196717,1.5970552317373305,0.05696949467367223,0.025326387334589424,0.011150999998790212,0.11661369999637827,0.12776469999516848,225069.99195464342
989,150,158,23700,30.59613848730661,1.0769455907896064,0.0807598161648691,0.035802981904555026,0.01569230000313837,0.27814349999971455,0.2938358000028529,80657.2922692534
990,170,158,26860,38.925399950250466,1.8787352442713192,0.05332119892315341,0.02412835091412238,0.011411100000259466,0.1383170999979484,0.14972819999820786,179391.72447355607
991,232,158,36656,28.38185164541021,1.9954185405167828,0.08451237597945847,0.03799494733133172,0.015204900002572685,0.7297853999989456,0.7449903000015183,49203.32519755666
992,226,158,35708,30.07771974896174,0.48535033315522974,0.09394345254426852,0.04227938167078371,0.017992100001720246,0.27416319999611005,0.2921552999978303,122222.667191953
993,250,158,39500,35.85860534654935,0.7817686308169951,0.07022878719182844,0.030810941638050714,0.014264700002968311,0.22518739999941317,0.23945210000238148,164959.9230894494
994,243,158,38394,37.6373251320513,0.8743584035952869,0.0659323448721831,0.02881310833440053,0.015473400002520066,0.1561026999988826,0.17157610000140266,223772.42517860077
995,201,158,31758,33.25032432069256,0.36827128818849625,0.0857845954827467,0.038870060925820966,0.012528799998108298,0.10873630000423873,0.12126510000234703,261889.03484502417
996,216,158,34128,26.410560265152053,0.522829248081751,0.11388680548844769,0.05195997786357325,0.01422370000364026,0.1679599999988568,0.18218370000249706,187327.40634607943
997,155,158,24490,37.277922406172586,1.5079635707372,0.058340921675925445,0.02579852308066807,0.009583600003679749,0.07452619999821763,0.08410980000189738,291167.0221478061
998,163,158,25754,27.547165626851523,1.7996225724129293,0.09119360829029305,0.04085904799943937,0.011017600001650862,0.10134850000031292,0.11236610000196379,229197.24008886938
999,184,158,29072,33.29082380458745,0.40352566955753144,0.0846557294797777,0.038145421565153464,0.010920699998678174,0.05842789999587694,0.06934859999455512,419215.3843377167
1000,207,158,32706,30.868021564426993,0.9375655357158197,0.08174433392200094,0.03604766011830102,0.012185500003397465,0.09052150000206893,0.1027070000054664,318439.8336847467
1001,219,158,34602,35.46556029080921,0.6288587456493643,0.07395480848025487,0.03241653226038234,0.01366299999790499,0.14233840000088094,0.15600139999878593,221805.7017454285
1002,230,158,36340,35.397607206064194,1.283981358557591,0.06376770157324001,0.028216075483209747,0.016274599998723716,0.5038464000026579,0.5201210000013816,69868.35755507559
1003,173,158,27334,39.90635063314561,0.5005229096733096,0.07161956437349692,0.03139083083058341,0.010032700003648642,0.13752540000132285,0.1475581000049715,185242.28760792574
1004,185,158,29230,28.589479138558108,1.2566094730973734,0.08843148909453695,0.03947765226581514,0.011610299996391404,0.22686699999758275,0.23847729999397416,122569.31792140628
1005,160,158,25280,32.2315338019947,1.1001979553060508,0.07422200076586988,0.03287564090570773,0.009432599996216595,0.20638429999962682,0.21581689999584341,117136.33177238153
1006,205,158,32390,26.802534873615606,1.0486787014508423,0.10243892888489747,0.04604047219928092,0.01379030000680359,0.15049829999770736,0.16428860000451095,197153.05869738164
1007,166,158,26228,43.90813790368729,0.783408919757788,0.06313657776886623,0.027440428005014304,0.011379499999748077,0.07795149999583373,0.0893309999955818,293604.6837189464
1008,194,158,30652,44.74879396903544,0.8726476581687257,0.06126141348247556,0.02659059231692794,0.009836299999733455,0.08105329999671085,0.0908895999964443,337244.30519222375
1009,240,158,37920,38.6456466354521,1.702435252453065,0.05494169758085459,0.02454212596162929,0.013956100003269967,0.31787070000427775,0.3318268000075477,114276.48399447385
1010,208,158,32864,29.8221181047969,1.4584444095216786,0.08061470626556055,0.035948267109233,0.011973300002864562,0.11542560000088997,0.12739890000375453,257961.41096219415
1011,225,158,35550,28.886525006589444,1.7922564616057863,0.0832082674267024,0.03723183465571343,0.014682499997434206,0.3997989999988931,0.41448149999632733,85769.81119860598
1012,233,158,36814,42.13194903249284,1.897534413079677,0.050613534021592986,0.022998188125719524,0.01571179999882588,0.38969490000454243,0.4054067000033683,90807.57668705063
1013,165,158,26070,42.83965766924653,1.744310153299339,0.05149143532481501,0.023179593902539812,0.010024399998656008,0.09221719999914058,0.10224159999779658,254984.2725520907
1014,208,158,32864,36.81764823159081,1.4678189013462632,0.0593801428678868,0.02633445108867288,0.013517599996703211,0.07842189999792026,0.09193949999462347,357452.45516803826
1015,208,158,32864,28.243513053540003,1.8562141003114723,0.08660877088009176,0.03882529079129745,0.013891800001147203,0.21357340000395197,0.22746520000509918,144479.24341509503
1016,156,158,24648,38.29281250575704,1.4466481902013382,0.05758284687255589,0.02557343112891186,0.010622499998135027,0.13064969999686582,0.14127219999500085,174471.69365856986
1017,227,158,35866,27.505404285449483,1.147100122570697,0.0965822624369975,0.043398961249478625,0.013968100000056438,0.311866199997894,0.32583429999795044,110074.35374429765
1018,210,158,33180,40.93047757668535,1.7081657434122446,0.05294526945413552,0.02388901684888997,0.013528399998904206,0.15041580000251997,0.16394420000142418,202385.93374887167
1019,238,158,37604,33.33745067542792,0.8459059482256386,0.07459319527223753,0.03275310583438946,0.016012699998100288,0.10668430000077933,0.12269699999887962,306478.56101081014
1020,165,158,26070,34.89338497576452,1.405610746324651,0.0635453125440127,0.028129287760378208,0.011513199999171775,0.08923720000166213,0.1007504000008339,258758.27788062597
1021,202,158,31916,41.421640042567525,0.9262885724629613,0.06171832173123167,0.02673965136817912,0.012086199996701907,0.3302196000004187,0.34230579999712063,93238.26823930084
1022,161,158,25438,25.867719289239915,1.7435407346354488,0.10290829387560001,0.046879358073066896,0.011113399996247608,0.12162960000569001,0.13274300000193762,191633.45712865226
1023,177,158,27966,41.40548238389033,1.3336367775775693,0.05619000156406721,0.024707547269063154,0.011920299999474082,0.09170470000390196,0.10362500000337604,269876.9601842112
1024,180,158,28440,42.656992684019755,1.5638628014301512,0.05322139928849493,0.02379004655230471,0.01542899999913061,0.10210910000023432,0.11753809999936493,241964.0950479348
1025,206,158,32548,38.95040866770272,1.0905142187533337,0.06119399902858177,0.02675910228873102,0.012745599997288082,0.08573489999980666,0.09848049999709474,330501.97755860497
1026,185,158,29230,34.038268345398954,0.47583992983105505,0.08075472383635056,0.03594767003685372,0.012974799996300135,0.08840559999953257,0.1013803999958327,288320.0303135667
1027,193,158,30494,39.0347033296498,0.7102247601006364,0.06741235650632611,0.029318090047429666,0.013641400000778958,0.09428859999752603,0.10792999999830499,282534.97637801256
1028,190,158,30020,27.737852759771968,1.116712083843853,0.09517371138416894,0.04284360624110309,0.013682400000107009,0.1526164000024437,0.1662988000025507,180518.44029866453
1029,244,158,38552,35.405829033963485,1.5570575690079116,0.06107168511691678,0.027142739598052752,0.017963099999178667,0.33946750000177417,0.35743060000095284,107858.70040197238
1030,203,158,32074,28.72075076049525,1.4201091169172468,0.08661157787598059,0.03877817545296125,0.01473739999346435,0.20658879999973578,0.22132619999320013,144917.32113498275
1031,223,158,35234,43.53855286450507,0.8076347789444187,0.06284706615263236,0.02728132069387578,0.016859999996086117,0.22526300000026822,0.24212299999635434,145521.07813190206
1032,200,158,31600,25.676223840524795,1.4029882609448285,0.10653836148950994,0.048510144508887555,0.012805500002286863,0.08512100000370992,0.09792650000599679,322690.99782045605
1033,152,158,24016,38.54667111523655,1.5454726969785193,0.05638580994458639,0.02511939874928094,0.009587499996996485,0.058286100000259466,0.06787359999725595,353834.18591279874
1034,160,158,25280,41.492378572544865,0.8365161754302439,0.06315910635993685,0.02742274424228467,0.01097719999961555,0.07021869999880437,0.08119589999841992,311345.7699279391
1035,235,158,37130,43.18253839229402,0.6528744753365187,0.06606130071441463,0.02875154271088207,0.016528200001630466,0.14368250000552507,0.16021070000715554,231757.3045891545
1036,177,158,27966,35.785272488557226,1.0763092564519954,0.06554027902868127,0.02879667427572779,0.010822800002642907,0.19877579999592854,0.20959859999857144,133426.46372728923
1037,168,158,26544,41.923248392929914,1.177709629131493,0.05760867063679436,0.025344266605154108,0.010843500000191852,0.16165960000216728,0.17250310000235913,153875.49556869984
1038,165,158,26070,39.08122952266675,1.8457431507300188,0.05335598523108553,0.023971077517855544,0.013733400002820417,0.6110492000007071,0.6247826000035275,41726.51415044659
1039,211,158,33338,33.20421703680234,0.4257484956731401,0.08417180095396118,0.03772153324506116,0.015336600001319312,0.27628440000262344,0.29162100000394275,114319.61346936354
1040,218,158,34444,40.829871825074264,0.9885473461485477,0.06062921410700931,0.026536866687127045,0.011972799999057315,0.12305299999570707,0.13502579999476438,255091.98983702052
1041,234,158,36972,25.016486888667878,1.2954224960838663,0.11265005248949779,0.051502726053580326,0.017738800001097843,0.10976060000393772,0.12749940000503557,289977.83517836005
1042,153,158,24174,37.32447497241115,1.5447004499776094,0.057952016195570104,0.02575060577427884,0.007155799998145085,0.07019900000159396,0.07735479999973904,312508.07965480554
1043,155,158,24490,34.28942081251422,0.42889596761762483,0.0813922725251961,0.03645504501337977,0.010782000004837755,0.07001600000512553,0.08079800000996329,303101.5618824737
1044,152,158,24016,38.511903761476766,0.9184547350487329,0.06422816259116311,0.028077304141678687,0.00956399999995483,0.06995539999479661,0.07951939999475144,302014.3512348577
1045,205,158,32390,35.53149136646683,1.1856462688753426,0.0649067643796816,0.028500436101262145,0.013200099994719494,0.10902359999454347,0.12222369998926297,265005.8867702858
1046,159,158,25122,31.66010628322114,1.6720886608256376,0.07101060004459915,0.03157387098559318,0.010578800000075717,0.07012440000107745,0.08070320000115316,311288.7716923373
1047,219,158,34602,40.93645820455433,0.9083644317981443,0.062106273843421135,0.02703307590211383,0.013689499995962251,0.1066863000014564,0.12037579999741865,287449.80303966417
1048,203,158,32074,39.94095336330594,0.5433874214799725,0.07056807534080935,0.030985350048987212,0.009826900000916794,0.08479429999715649,0.09462119999807328,338972.6615246172
1049,163,158,25754,32.98633331027926,1.0528124151396694,0.07277065466357778,0.032160347223506955,0.009328799998911563,0.06300870000268333,0.07233750000159489,356025.5745558276
1050,241,158,38078,43.185061545321645,1.4917472615585308,0.05356391453565123,0.023938312456611065,0.01423350000550272,0.10090420000051381,0.11513770000601653,330717.04574618244
1051,235,158,37130,30.948643863192242,0.8501743842222762,0.08297797944446417,0.036612014806940776,0.01678870000614552,0.1278119999988121,0.14460070000495762,256776.07368931826
1052,167,158,26386,42.072970362030404,1.1131815557107314,0.058568513390256816,0.025576638933477537,0.011524200002895668,0.07719119999819668,0.08871540000109235,297422.99532747536
1053,224,158,35392,40.95874682442256,1.1351566927820589,0.05905401196282758,0.025770856871566297,0.011847699999634642,0.0715799000026891,0.08342760000232374,424224.11766626645
1054,202,158,31916,41.71407099809464,1.6086008407382504,0.05316794257230482,0.023876048820647637,0.011917000003450084,0.07481200000620447,0.08672900000965456,367996.8637531524
1055,191,158,30178,25.288731766631702,1.4916556425970076,0.10941046089943028,0.04976197873617767,0.010530499996093567,0.07034580000618007,0.08087630000227364,373137.74244310905
1056,192,158,30336,41.79643866143155,1.8087463940149726,0.051631535655177085,0.02321948583252393,0.012748900000588037,0.06528280000202358,0.07803170000261161,388765.0787947039
1057,236,158,37288,37.78003429725831,0.44330007857373305,0.07497977756854332,0.03332059801880152,0.015071699999680277,0.08553879999817582,0.1006104999978561,370617.38089756604
1058,166,158,26228,31.361779553839177,1.9725558907817577,0.07014008292225445,0.03134629178397439,0.010475000002770685,0.057829199999105185,0.06830420000187587,383988.1002819693
1059,176,158,27808,43.42968081251314,0.4834857054489303,0.07031452738733782,0.030698708739410885,0.009887699998216704,0.06876069999998435,0.07864839999820106,353573.6264264252
1060,246,158,38868,43.42007947886998,1.9292281879825046,0.04992145132684243,0.022729008791302147,0.016712599994207267,0.09399779999512248,0.11071039998932974,351078.1281952381
1061,192,158,30336,42.53152100005363,1.2359220026910174,0.05670408891939882,0.024945819411381565,0.010132000003068242,0.0801253000026918,0.09025730000576004,336105.7775721633
1062,178,158,28124,34.41328511416446,1.1082851271710776,0.06806454820584316,0.02983581526600987,0.012376000006042887,0.08278099999733968,0.09515700000338256,295553.6639343429
1063,186,158,29388,30.85265782572027,1.7310183528056198,0.07375288911887731,0.03301676836093675,0.012448500005120877,0.07144440000411123,0.08389290000923211,350303.7801383187
1064,220,158,34760,33.277109886934625,1.7181400233694324,0.06483214598898353,0.028986527187307376,0.013139700000465382,0.08218749999650754,0.09532719999697292,364638.84390922834
1065,197,158,31126,41.39257642364616,0.665362991447069,0.06680944565639892,0.02909033481435584,0.013373699999647215,0.08202100000198698,0.09539470000163419,326286.47083608195
1066,159,158,25122,32.788293184406754,1.4335676877635999,0.06894192657756089,0.030648323923952014,0.00866709999536397,0.05311259999871254,0.06177969999407651,406638.4265771559
1067,198,158,31284,35.86140585607859,0.30071181174536593,0.082121249481386,0.0375418510119066,0.012809899999410845,0.08080619999964256,0.0936160999990534,334173.2885723324
1068,226,158,35708,39.28112805133707,1.513263868496409,0.05601959330711369,0.024779397000297257,0.013215400002081878,0.09523759999865433,0.10845300000073621,329248.6146050142
1069,151,158,23858,29.238831027977636,0.8962981632465474,0.08964751155754463,0.039949959804539914,0.009857299999566749,0.06926370000292081,0.07912100000248756,301538.1504183454
1070,164,158,25912,40.48925005860841,0.8743959788285833,0.06321918843724478,0.027636140679202153,0.008805600002233405,0.06788480000250274,0.07669040000473615,337878.01339411136
1071,225,158,35550,43.939723034676334,0.3451139885304304,0.07364330759384957,0.03335997152960176,0.010833699998329394,0.10769929999514716,0.11853299999347655,299916.47897173354
1072,168,158,26544,42.71414784305163,1.4573636906338758,0.054212939253739205,0.024155716253774207,0.01090249999833759,0.05860140000004321,0.0695038999983808,381906.62683127687
1073,209,158,33022,34.54626626541605,1.1414024017025814,0.06719566403385749,0.029555728385279208,0.012049800003296696,0.09905090000393102,0.11110070000722772,297225.8500428146
1074,166,158,26228,38.94300016391958,0.8118803101400311,0.06580563896789059,0.028539168288336466,0.010649900003045332,0.0640544999987469,0.07470440000179224,351090.43107729615
1075,186,158,29388,27.059051284886085,1.9557488770847844,0.0934896925201172,0.04215393706962328,0.012942399996973109,0.0745387999995728,0.08748119999654591,335935.03519796656
1076,188,158,29704,32.17329376936771,1.1472183485525325,0.07376580618237001,0.0327869457891716,0.008426799999142531,0.06028869999863673,0.06871549999777926,432275.10533955175
1077,161,158,25438,27.62231474437194,1.6982245088000154,0.0912162109701476,0.04112682785774794,0.009724399998958688,0.06415890000062063,0.07388329999957932,344299.7267331703
1078,211,158,33338,36.52255421942209,1.1256066113639212,0.06357404359006927,0.027748505622793587,0.012256099995283876,0.095408100001805,0.10766419999708887,309647.96098332986
1079,162,158,25596,43.99840456598948,1.2081374194912344,0.056364760812401535,0.02465000708409116,0.009809200004383456,0.057229599995480385,0.06703879999986384,381808.7435940379
1080,240,158,37920,37.970335792310266,1.8810883471272162,0.054323967679662875,0.02464557795634217,0.012868100006016903,0.08554200000071432,0.09841010000673123,385326.3028632862
1081,238,158,37604,43.61527897180957,0.8184503193357942,0.0625760080493495,0.027086473588237615,0.021334199998818804,0.5307711999994353,0.5521053999982541,68110.18330941684
1082,213,158,33654,35.43717507994649,1.557755392864996,0.061111882075724315,0.027153769034217224,0.014114000005065463,0.09132469999894965,0.10543870000401512,319180.718263014
1083,181,158,28598,26.40746055563103,1.770532397070834,0.0992024902736097,0.04480782454092132,0.012302600000111852,0.08428190000267932,0.09658450000279117,296093.0584014366
1084,229,158,36182,43.058182853858675,1.7649821250595783,0.05125047338053604,0.023154813233270084,0.012771199995768256,0.09630219999962719,0.10907339999539545,331721.57466006774
1085,155,158,24490,41.21785409871645,0.628024145797633,0.06762542900363364,0.029406663275696826,0.009667799997259863,0.07050580000213813,0.080173599999398,305462.14714299835
1086,231,158,36498,44.920179050528326,1.5657663531611616,0.052293682201402326,0.023460161849457678,0.01572180000221124,0.10784170000260929,0.12356350000482053,295378.4895909886
1087,250,158,39500,34.593989684124224,1.2494764106607095,0.06597314757900304,0.029091255522722487,0.01687810000294121,0.12196870000479976,0.13884680000774097,284486.21068543027
1088,175,158,27650,43.54627884415869,1.894945744516369,0.05002864065646589,0.02276507050317524,0.009814299999561626,0.07201970000460278,0.08183400000416441,337879.12113049504
1089,177,158,27966,34.58860807548543,1.9493264489219793,0.0598694252314464,0.026954255752221427,0.01155329999892274,0.06963199999881908,0.08118529999774182,344471.2281752716
1090,181,158,28598,30.859083482858185,1.1804248497871763,0.0785684567361895,0.034817766473259695,0.009211500000674278,0.06052140000247164,0.06973290000314591,410107.71097587846
1091,247,158,39026,33.542287320000675,0.8480547707050374,0.07369525893516933,0.03259307358135377,0.015377199997601565,0.10156419999839272,0.11694139999599429,333722.7021511355
1092,172,158,27176,25.019435043758374,1.3253870238288499,0.11223105234636738,0.05138187077414814,0.010710100003052503,0.06210250000003725,0.07281260000308976,373232.1054164637
1093,217,158,34286,35.44826258819362,1.8061179682774426,0.05924157766187575,0.02644613637741231,0.012215300004754681,0.09726659999432741,0.10948189999908209,313165.92057945154
1094,207,158,32706,27.630388962945943,0.5699942682597936,0.10518452837307364,0.04755896103474099,0.014001499999722,0.08000420000462327,0.09400570000434527,347915.073218839
1095,172,158,27176,29.145191416378974,0.7921735220208233,0.09233916006012781,0.04119731696749493,0.011910299996088725,0.08536789999925531,0.09727819999534404,279363.72179276246
1096,189,158,29862,41.19126475961457,1.303667990288109,0.056648109998326465,0.024971910188693946,0.011878600002091844,0.08361349999904633,0.09549210000113817,312716.96820620843
1097,210,158,33180,38.1214849688038,1.3697114502455001,0.058608413240147234,0.025921807340836742,0.01339179999922635,0.08264890000282321,0.09604070000204956,345478.53149021114
1098,210,158,33180,38.76654847402694,0.4691765169343439,0.07331362175437012,0.0323426058509683,0.011306400003377348,0.08356929999717977,0.09487570000055712,349720.73987127544
1099,160,158,25280,39.56238621875843,1.5467351816934196,0.05539154691711549,0.02461615421083055,0.009667199999967124,0.05273080000188202,0.06239800000184914,405141.1904107638
1100,220,158,34760,36.87645171593534,1.3771210270410637,0.06024814447560322,0.026545032669897887,0.01181699999870034,0.08029050000186544,0.09210750000056578,377385.1206447519
1101,233,158,36814,29.149471743069746,1.9311911045720846,0.08072992710182225,0.03610872941407694,0.016006099998776335,0.11236559999815654,0.12837169999693288,286776.6026381171
1102,189,158,29862,40.232241016351935,1.2452896085419884,0.057997880971437425,0.02551303458135812,0.012189400003990158,0.08161870000185445,0.09380810000584461,318330.71982205677
1103,246,158,38868,36.275349491537966,0.9235053365091492,0.06677941234790573,0.02923280213947849,0.014203500002622604,0.09357589999854099,0.1077794000011636,360625.499859717
1104,241,158,38078,39.44759452045349,1.4645193650558668,0.05622968673383797,0.024989902028100038,0.016032700004871003,0.09756560000096215,0.11359830000583315,335198.67813202075
1105,196,158,30968,28.6837128086681,0.9508481122071515,0.09161008530329,0.040955837380283154,0.012198899996292312,0.082947900002182,0.09514679999847431,325476.0013000603
1106,218,158,34444,39.74202883503327,0.8651828240076633,0.06404711208632649,0.02784330421323317,0.013466199998219963,0.08129600000393111,0.09476220000215108,363478.26453182945
1107,248,158,39184,39.257164881054635,1.1935060122422345,0.0595371353882641,0.02602902372831643,0.01304589999926975,0.08034739999857266,0.0933932999978424,419559.00477770076
1108,152,158,24016,34.05849782416647,0.8697897776653027,0.07227105092503569,0.031891136603119506,0.0093708999993396,0.05511169999954291,0.0644825999988825,372441.5578840835
1109,213,158,33654,33.7033398578664,1.9285456598853603,0.06240440295876696,0.028017256041085396,0.010179600001720246,0.09236430000601104,0.10254390000773128,328191.14542613126
1110,225,158,35550,43.37924592237802,1.8861492032311817,0.0501954217033765,0.022733509617743387,0.014629500001319684,0.08817950000229757,0.10280900000361726,345786.8474428231
1111,241,158,38078,40.08008974930387,1.3101186339049433,0.05759635960702883,0.025350627216019488,0.014340800000354648,0.0947528999968199,0.10909369999717455,349039.4037509608
1112,154,158,24332,30.416384068955217,1.1088314697559543,0.0812887988221848,0.036225705398924474,0.008790700005192775,0.06221660000301199,0.07100730000820477,342668.99314842955
1113,171,158,27018,37.468943695202846,1.4909419052854405,0.05819663628376553,0.025932869663771216,0.010632500001520384,0.06398859999899287,0.07462110000051325,362069.1734618515
1114,240,158,37920,29.55336710224865,1.8832342389351784,0.07908926188550677,0.03536463709252561,0.014750999995158054,0.09058489999733865,0.1053358999924967,359991.2280874908
1115,160,158,25280,37.84322402252114,0.8129904601328342,0.06673050982391009,0.029169003065378476,0.009477099993091542,0.10900430000037886,0.1184813999934704,213366.8238338946
1116,169,158,26702,37.4804711544322,1.4564938644835794,0.05850311060834525,0.025903969397003842,0.010606100004224572,0.09052670000528451,0.10113280000950908,264029.07857282035
1117,169,158,26702,41.376951000828086,0.9744201169894577,0.06093975365318296,0.026565006283625247,0.010999300000548828,0.07697340000595432,0.08797270000650315,303525.980196426
1118,168,158,26544,28.77251132204328,1.4172609182682632,0.08616878111547642,0.03866686703514425,0.009896600000502076,0.0633289999968838,0.07322559999738587,362496.176213614
1119,183,158,28914,37.709398424059685,1.5289154158420444,0.05755007848554712,0.025665255088219013,0.011401099996874109,0.07372110000142129,0.0851221999982954,339676.37115322455
1120,179,158,28282,42.90645082807541,1.9343770866523018,0.0501045376939112,0.022710969357550147,0.01165939999918919,0.09803119999560295,0.10969059999479214,257834.3085126963
1121,226,158,35708,30.64993252457949,0.43609833102515383,0.09250076312525055,0.04189596878372237,0.015492600003199186,0.12558749999880092,0.1410801000020001,253104.44208285763
1122,231,158,36498,30.909607336309307,0.5217299006556624,0.08966766790888042,0.0400775840442627,0.015936099996906705,0.14080960000137566,0.15674569999828236,232848.49281607056
1123,176,158,27808,31.860763563342367,1.0984784768297085,0.07552062555130154,0.033528499315601167,0.008976500001153909,0.06657380000251578,0.07555030000366969,368072.6615069601
1124,218,158,34444,39.89415316902845,1.2001087069029102,0.058767200624661724,0.025719519732731656,0.014705500005220529,0.08331680000264896,0.09802230000786949,351389.42870382295
1125,236,158,37288,37.73954378116109,1.026367790574343,0.0632983209629855,0.027701202160802123,0.014267299993662164,0.08045459999993909,0.09472189999360126,393657.6441405727
1126,230,158,36340,28.580029506974938,1.7120394780578454,0.08541608239678611,0.03827426260893832,0.012721600003715139,0.10649179999745684,0.11921340000117198,304831.5038380144
1127,232,158,36656,44.183928799089614,0.8887990196331734,0.06100688835750526,0.02647219133391616,0.011147199998958968,0.06922080000367714,0.08036800000263611,456101.9311019021
1128,229,158,36182,27.548302669550065,0.5533884768615915,0.10612527027717181,0.04806896202410057,0.013562799998908304,0.0860811000020476,0.09964390000095591,363113.0455517387
1129,173,158,27334,26.639132053520353,1.2997300492529429,0.10086440216912991,0.04538147106212149,0.009763000001839828,0.09049539999978151,0.10025840000162134,272635.50983815786
1130,204,158,32232,26.654212867864516,0.8718907670523663,0.10514669789277953,0.047636071419003834,0.011559699996723793,0.17276429999765242,0.1843239999943762,174865.9968370012
1131,235,158,37130,35.87859304382734,1.5105142084510894,0.06046422385885579,0.026902162504905746,0.01656860000366578,0.13521909999690251,0.1517877000005683,244617.97629097078
1132,243,158,38394,41.77338524581455,1.5254625825277974,0.05392472234108493,0.023986851627872258,0.013875099997676443,0.0930651000016951,0.10694019999937154,359023.0801908509
1133,199,158,31442,34.679444945942954,0.8887038865202945,0.07059848642450238,0.03087739470918819,0.012737899996864144,0.0795423999952618,0.09228029999212595,340722.7761795624
1134,245,158,38710,26.42331105304605,0.3442732743522185,0.11903012322461108,0.055322229829277265,0.013331699999980628,0.08494480000081239,0.09827650000079302,393888.6712457977
1135,188,158,29704,36.044017700152104,1.4104109686708388,0.061149539297305475,0.02715313398058047,0.012921199995616917,0.06667050000396557,0.07959169999958249,373204.7437126713
1136,244,158,38552,35.90608321353157,1.0121290479463665,0.06631693524999754,0.02911318405012749,0.014353599995956756,0.07234389999939594,0.0866974999953527,444672.5684369968
1137,161,158,25438,30.656924188048826,0.3849831455970031,0.09428639052171447,0.042898577281562426,0.01009679999697255,0.05262860000220826,0.06272539999918081,405545.44092715584
1138,212,158,33496,29.99823610190322,0.9025858760500696,0.08585854321866597,0.03829142203058057,0.012612800004717428,0.07123719999799505,0.08385000000271248,399475.25341581914
1139,214,158,33812,29.377970357692668,1.5318217396171598,0.08196784492751068,0.03674326808302896,0.012301299997488968,0.07331430000340333,0.0856156000008923,394928.0271311257
1140,180,158,28440,32.2815178681832,1.7856141698145613,0.06771218432228504,0.030432333860504576,0.01152679999358952,0.06778959999792278,0.0793163999915123,358563.9288097214
1141,171,158,27018,34.02073529006263,1.7040122184819693,0.06323601329298212,0.02814847548264612,0.009858299999905284,0.10222399999474874,0.11208229999465402,241055.01048148258
1142,207,158,32706,41.6755723340772,0.4943179082759174,0.07057001360266288,0.030838288802134406,0.016552100001717918,0.10506140000507003,0.12161350000678794,268933.9587971277
1143,212,158,33496,34.66040539407115,0.4457559449590185,0.07999386701572972,0.03574546239766619,0.012586899996676948,0.09699649999674875,0.1095833999934257,305666.7342134807
1144,154,158,24332,43.24551631021861,1.5501525444982145,0.05317800541972856,0.0236972390786933,0.009711400001833681,0.06113989999721525,0.07085129999904893,343423.4798843016
1145,209,158,33022,32.86375401886785,0.9909631966599302,0.07363380978025771,0.032667113123494046,0.012821199998143129,0.0917120000012801,0.10453319999942323,315899.6376288318
1146,232,158,36656,43.4127778162821,0.4702953599618651,0.07040505992876656,0.031061165936195484,0.014590300001145806,0.06873420000192709,0.0833245000030729,439918.63135870214
1147,248,158,39184,36.11756805787012,0.9939064084212952,0.0660838977243096,0.02895348995059169,0.014097999999648891,0.08631030000105966,0.10040830000070855,390246.62303538143
1148,165,158,26070,39.22432414283523,1.320484168177573,0.057925445678445334,0.02558024948123692,0.010527199992793612,0.06523909999668831,0.07576629998948192,344084.3752911137
1149,226,158,35708,31.33384114561723,0.6610650907855184,0.08495519955669342,0.03752218260868069,0.014089399999647867,0.06804570000531385,0.08213510000496171,434747.1421821232
1150,228,158,36024,34.585436927094165,1.7399761643831242,0.06137907815871474,0.027305961355050104,0.013533600002119783,0.07050129999697674,0.08403489999909652,428679.0369285535
1151,164,158,25912,26.286981177680623,0.8865453200141613,0.10741231104644385,0.04874484142912309,0.011103800003184006,0.062268500005302485,0.07337230000848649,353157.7992921434
1152,169,158,26702,27.23912166067372,0.48251971766420265,0.11018219238521519,0.05016681490428898,0.011217899998882785,0.07103330000245478,0.08225120000133757,324639.6405106038
1153,180,158,28440,43.03896030060234,0.5654858915851857,0.0679812995779999,0.02986934041739786,0.010657599996193312,0.057386100001167506,0.06804369999736082,417966.68907045166
1154,192,158,30336,36.88435465181072,0.38081981311669655,0.07815303326363639,0.03498237995835338,0.010295300002326258,0.07634320000215666,0.08663850000448292,350144.56619667157
1155,177,158,27966,26.054623606216158,1.1443568876308832,0.1065810570237487,0.04818380181220118,0.008666499998071231,0.08990869999979623,0.09857519999786746,283702.18879195786
1156,191,158,30178,41.22298301662575,1.9676825314586877,0.05089222794188256,0.023143209289752324,0.012236700000357814,0.06906389999494422,0.08130059999530204,371190.3725402253
1157,178,158,28124,38.35547475519096,0.5694986679447576,0.07140716015552181,0.03128780778126976,0.010123200001544319,0.07046239999908721,0.08058560000063153,348995.35400592163
1158,153,158,24174,34.66278565877976,0.5845736843848869,0.07651025361900572,0.033651137225332736,0.007392000006802846,0.05670100000133971,0.06409300000814255,377170.67381662375
1159,169,158,26702,35.728094398726974,0.46518682215359397,0.07751337954626207,0.0345295731484408,0.009323599995695986,0.06308859999990091,0.0724121999955969,368750.0172847068
1160,171,158,27018,30.8047454057562,1.9520571734811387,0.07250424024692916,0.03239286579306886,0.009860000005573966,0.07981160000053933,0.0896716000061133,301299.4080417665
1161,158,158,24964,44.34986535506895,0.5333115877300058,0.06860589192522316,0.029865408189440425,0.009823200001846999,0.057471499996609055,0.06729469999845605,370965.3212002246
1162,192,158,30336,36.46555158539376,1.7398843223092662,0.05765845791221982,0.02566937558132652,0.012911199999507517,0.08422889999928884,0.09714009999879636,312291.2165045732
1163,152,158,24016,37.20614356832808,1.3532142893891694,0.05980825399288656,0.026368456129305645,0.007651499996427447,0.048175700001593214,0.05582719999802066,430184.5695440839
1164,234,158,36972,30.328281489403082,1.6403330788691826,0.07652135694390778,0.03422094532264274,0.014474299998255447,0.09544500000629341,0.10991930000454886,336355.8537806369
1165,195,158,30810,42.77946131227831,0.3767419224110983,0.07322467116604944,0.03278576480576211,0.012016399996355176,0.07899650000035763,0.0910128999967128,338523.4400959951
1166,244,158,38552,30.166853060794743,1.2910630793346791,0.0804470618488842,0.035801859755690404,0.013348299995413981,0.08220719999371795,0.09555549998913193,403451.3974013504
1167,243,158,38394,36.7489046802953,0.9488795368493275,0.06606513198524952,0.028878097799427894,0.013231999997515231,0.09087740000541089,0.10410940000292612,368785.1433100267
1168,204,158,32232,36.53660865428294,1.5702999331459764,0.05899806839059224,0.026185739949803583,0.011972200001764577,0.0893558000025223,0.10132800000428688,318095.6892333448
1169,247,158,39026,38.141138265680524,1.6473309138802945,0.0559215416280279,0.024968001983151085,0.015278599996236153,0.09260489999724086,0.10788349999347702,361742.06437833066
1170,227,158,35866,42.44384971419633,0.6946463218130287,0.06559542058641243,0.028365145640969994,0.011070699998526834,0.078066599999147,0.08913729999767384,402368.0322484075
1171,154,158,24332,40.395507949020626,1.6524097712384285,0.05387745716907967,0.024096423589429913,0.01018369999655988,0.05629420000332175,0.06647789999988163,366016.375367503
1172,219,158,34602,37.506633513112504,1.8672253979772042,0.055134829665893594,0.02474162176397455,0.012854199994762894,0.0845164999991539,0.09737069999391679,355363.5744855665
1173,248,158,39184,40.75924467902885,1.2676090920292158,0.05746612425579216,0.02516110977788132,0.012237100003403611,0.08092960000067251,0.09316670000407612,420579.4559460158
1174,170,158,26860,25.78462650977108,0.4311868007730102,0.12070600116966093,0.05584759678388613,0.010671500000171363,0.07615359999908833,0.08682509999925969,309357.5475320964
1175,181,158,28598,33.93811325813953,1.7893519683347852,0.06255948584201472,0.027955302201077198,0.009261699997296091,0.08004259999870555,0.08930429999600165,320230.94074171566
1176,215,158,33970,34.29171004324999,1.9791183643161767,0.06057252171776251,0.027211833575315467,0.0198926000011852,0.08272390000638552,0.10261650000757072,331038.3807428026
1177,159,158,25122,32.530248059157785,0.8286605234492106,0.07739954847887397,0.03412187833343808,0.010504799996851943,0.12818649999826448,0.13869129999511642,181136.09145551734
1178,205,158,32390,33.60222545380768,1.537496816078605,0.06544040071681353,0.029098348348616493,0.013314900003024377,0.0967540999990888,0.11006900000211317,294269.9579298273
1179,163,158,25754,33.412852984493185,1.7420881812108995,0.06451628986233258,0.02888301440022988,0.012323399998422246,0.06992100000206847,0.08224440000049071,313139.86119232845
1180,178,158,28124,25.025434083674508,1.2710428147502437,0.11266040151715492,0.05152580514579713,0.011494699996546842,0.06776490000629565,0.07925960000284249,354833.9885514359
1181,212,158,33496,37.21812969394841,0.9355765239801035,0.06546367388021651,0.02855737198441952,0.011836999998195097,0.10357539999677101,0.11541239999496611,290228.7795892034
1182,210,158,33180,43.650176025885365,1.232923286027088,0.0563208293015279,0.02466235066996926,0.013292199997522403,0.07053989999985788,0.08383209999738028,395791.1110545586
1183,245,158,38710,27.265932043032425,0.8881684458111512,0.10141770324730653,0.04568264951377131,0.016230599998380058,0.10028649999730987,0.11651709999568993,332225.9136335518
1184,172,158,27176,35.26374017308254,1.1411518523630566,0.06573750803215488,0.0289919965769991,0.009110099999816157,0.05273719999968307,0.06184729999949923,439404.7921286789
1185,214,158,33812,35.25688749196166,1.914007116906753,0.05870802486803968,0.026381245047211625,0.01299230000586249,0.07038359999569366,0.08337590000155615,405536.8517685437
1186,224,158,35392,27.403928436525483,1.6475194677360936,0.09273362220729855,0.041736865979110714,0.014316900000267196,0.07244460000219988,0.08676150000246707,407922.8690028829
1187,204,158,32232,42.82604444881512,1.3142074409387021,0.055627873249859815,0.024518590523691028,0.014653900005214382,0.11429290000523906,0.12894680001045344,249963.55083947038
1188,225,158,35550,37.4600342932322,1.2320241029422867,0.06110394626919197,0.026827701861413474,0.012198000003991183,0.08176850000018021,0.0939665000041714,378326.318405196
1189,175,158,27650,39.8294219074501,1.9695841577911413,0.05177266111272897,0.023562495156557534,0.011214100006327499,0.06643899999471614,0.07765310000104364,356070.7814578992
1190,170,158,26860,39.15543449268921,1.2300348817807376,0.05917688134627696,0.0260023628854629,0.009675400004198309,0.05494860000180779,0.0646240000060061,415635.0581440897
1191,202,158,31916,42.05489645071872,1.6231148854539583,0.05302625877013396,0.023690313225505705,0.012758400000166148,0.07092160000320291,0.08368000000336906,381405.35371313366
1192,224,158,35392,27.941803951055093,1.9926289701935866,0.08784858730975485,0.03931571596109729,0.013369599997531623,0.07726179999735905,0.09063139999489067,390504.836094281
1193,225,158,35550,40.83409831708491,0.4136955207004043,0.07336597420024087,0.03273737508758785,0.012947600000188686,0.08343849999801023,0.09638609999819892,368829.1154083866
1194,184,158,29072,35.498739698985034,0.638459844429196,0.07360230009695035,0.032337932768929954,0.011106799996923655,0.058013399997435044,0.0691201999943587,420600.63487045374
1195,238,158,37604,30.477297756491655,1.6604075866788657,0.07584457669273854,0.03385070401203739,0.014015499997185543,0.074854200000118,0.08886969999730354,423136.3445712202
1196,200,158,31600,29.25341007588547,1.4544249083068208,0.08331939033365132,0.03731523195334557,0.011694599998008925,0.06574109999928623,0.07743569999729516,408080.510683106
1197,166,158,26228,43.252541683353556,1.9548440230803152,0.04984174206274403,0.022805259257098937,0.011221900000236928,0.05311819999769796,0.06434009999793489,407646.2424031333
1198,187,158,29546,44.11920462481956,1.1540841062464857,0.05725729338281883,0.02505342002921665,0.010495199996512383,0.07207870000274852,0.0825738999992609,357812.8197925066
1199,247,158,39026,30.938003460408716,1.4934956157717103,0.07537898004254974,0.03355768717706722,0.016571700005442835,0.09941750000143657,0.1159892000068794,336462.3602687607
1200,219,158,34602,26.21708402161713,0.7162154945540431,0.11065071851401072,0.05034452025064331,0.015374099995824508,0.17732980000437237,0.19270390000019688,179560.4551852072
1201,151,158,23858,30.594729359507213,1.6975150129816816,0.07470908180458219,0.03351333513631475,0.014849099999992177,0.17022890000225743,0.1850780000022496,128907.81183992699
1202,196,158,30968,28.559373939506322,0.8345831916980357,0.09436966136825978,0.04231997309124953,0.013303300002007745,0.06272790000366513,0.07603120000567287,407306.47415389214
1203,178,158,28124,25.073125409832954,0.6747515700626777,0.12014419743061748,0.0552064874568519,0.010605300005408935,0.05716660000325646,0.0677719000086654,414980.2498735321
1204,174,158,27492,37.85211768430391,0.9379009187908396,0.0645188812284646,0.02814838166277077,0.010110100003657863,0.06158979999599978,0.07169989999965765,383431.4971168896
1205,155,158,24490,26.55503382914119,0.41200636259352724,0.11590075729593348,0.05356642850961674,0.009300899997469969,0.08114789999672212,0.09044879999419209,270760.9166906864
1206,219,158,34602,38.78754967640913,1.5086724077022415,0.056620339126986274,0.02514139780868336,0.014056499996513594,0.07718200000090292,0.09123849999741651,379247.79562333645
1207,211,158,33338,41.54142504457347,1.9043796484080535,0.051012145687222114,0.0231228062256647,0.013116699999955017,0.0752007000046433,0.08831740000459831,377479.40947383223
1208,246,158,38868,27.402431063369605,1.0358541463325166,0.0981177962074644,0.04423204821562663,0.014985100002377294,0.0762685000008787,0.091253600003256,425933.88094949856
1209,163,158,25754,32.20557075993167,1.7976909921463664,0.06777002122631433,0.03042868658705604,0.011308500004815869,0.05932429999666056,0.07063280000147643,364618.1377414129
1210,175,158,27650,39.81171346481209,0.6408924720504858,0.06839201145763756,0.029711797481070248,0.00943820000247797,0.05810190000192961,0.06754010000440758,409386.4237422746
1211,163,158,25754,25.35438848872085,1.381304845655404,0.10904827183080483,0.04990255681341199,0.009396000001288485,0.05737770000268938,0.06677370000397786,385690.7734402283
1212,228,158,36024,30.108419865587187,1.7212167998394996,0.07762932290421991,0.03463145801350869,0.020603999997547362,0.11215090000041528,0.13275489999796264,271357.21544404654
1213,213,158,33654,25.075558888237783,1.0741426525088933,0.11424529922317693,0.052421686417741434,0.011165000003529713,0.14089189999504015,0.15205689999856986,221325.04345620965
1214,198,158,31284,34.94391495786094,0.47600706646580726,0.07868649981690984,0.03495015167761927,0.013769899996987078,0.28706290000263834,0.3008327999996254,103991.32009554461
1215,218,158,34444,27.74978045200266,1.5750926359091744,0.09138765689772535,0.040997405812294344,0.01594259999546921,0.07034350000321865,0.08628609999868786,399183.6460394407
1216,165,158,26070,25.83511746220791,1.9647736256477533,0.10212424825950882,0.04649792159208154,0.014662300003692508,0.08371210000041174,0.09837440000410425,265007.9695419982
1217,165,158,26070,29.240528183064065,0.45936756423412406,0.09835176607165447,0.04472955340041194,0.010119499995198566,0.1328159999975469,0.14293549999274546,182389.95911668657
1218,233,158,36814,41.1647372432907,0.7518352907499553,0.06486289182179715,0.028223779250811345,0.012522200006060302,0.08495369999582181,0.09747590000188211,377672.84015114687
1219,233,158,36814,28.72798064934135,1.0209577571970088,0.0908888986563918,0.04057136181257671,0.012166500004241243,0.10697809999692254,0.11914460000116378,308985.8877333963
1220,238,158,37604,33.39521611755234,0.5016580092398245,0.08176591980622089,0.036368599873333816,0.016485499996633735,0.08086449999973411,0.09734999999636784,386276.3225619211
1221,249,158,39342,26.195069226167625,0.7736997088999759,0.1098985702090077,0.05023402620806624,0.01945729999715695,0.10586889999831328,0.12532619999547023,313916.8027229899
1222,240,158,37920,32.558431068278885,0.8509711026141153,0.07679851007606893,0.03389669668071086,0.014138500002445653,0.0784196999957203,0.09255819999816595,409688.1745836824
1223,213,158,33654,33.54223905640608,1.4986433942392792,0.06616732442729484,0.029459120960699563,0.012072299999999814,0.07695220000459813,0.08902450000459794,378030.7667918588
1224,152,158,24016,35.86367663737271,1.7751592245270376,0.0584148416131561,0.026175769969462085,0.008049599993682932,0.05027630000404315,0.05832589999772608,411755.32655194856
1225,179,158,28282,39.114737009623845,1.477460365786166,0.05638907127483808,0.025089555303774994,0.0098982999988948,0.06288389999826904,0.07278219999716384,388584.02193258906
1226,243,158,38394,42.92869086209923,0.6480445271447077,0.06620533544189561,0.028857069541438827,0.01394090000394499,0.11098679999849992,0.12492770000244491,307329.7595268992
1227,163,158,25754,43.32014686837286,1.6355492690050446,0.052336795797944265,0.023420511165529716,0.011472899997897912,0.07447849999880418,0.0859513999967021,299634.4445929696
1228,200,158,31600,28.117790397125688,0.9092776718214091,0.09553356099568112,0.042996841467287314,0.012567999998282176,0.061584100003528874,0.07415210000181105,426151.1137139504
1229,203,158,32074,38.32998112358655,1.5726625155355871,0.056423152788274235,0.025069618200117393,0.011013099996489473,0.09434020000480814,0.10535330000129761,304442.2908404858
1230,233,158,36814,25.602125974522057,1.2890765357473308,0.10836812237684912,0.04911543485811535,0.014859199996863026,0.10275010000623297,0.117609300003096,313019.4635886013
1231,205,158,32390,44.3439695176192,1.5090482823917666,0.053088004149054346,0.023688228034894888,0.014122000000497792,0.10642060000100173,0.12054260000149952,268701.68720101507
1232,219,158,34602,37.65112542242696,1.267371734126587,0.06024411476777208,0.026603900239798993,0.010873500003071968,0.09069050000107381,0.10156400000414578,340691.58361808874
1233,219,158,34602,29.88845491501957,0.9520871501254955,0.08591428731390549,0.038248993791564906,0.011983799995505251,0.08003050000115763,0.09201429999666288,376050.24437782954
1234,162,158,25596,26.30981289890181,1.9208081617281951,0.0988160498690579,0.04475950492821075,0.01009850000264123,0.0658434000069974,0.07594190000963863,337047.1373082755
1235,211,158,33338,32.74389856800054,1.0435003538524266,0.07337792037855154,0.032459307999574825,0.010941200001980178,0.09236950000195066,0.10331070000393083,322696.48737963766
1236,223,158,35234,44.39658327839437,1.0758231069052926,0.05806235249906423,0.02534690573256961,0.013924999999289867,0.2697928999987198,0.28371789999800967,124186.73619199624
1237,174,158,27492,25.261054268213044,1.3969335847998345,0.10999887829779545,0.05008642840912901,0.012459099998523016,0.08476030000019819,0.0972193999987212,282783.06593500497
1238,211,158,33338,31.60351352006746,1.8208580439261937,0.06999138168671555,0.0312974167621832,0.01361670000187587,0.0898451999964891,0.10346189999836497,322224.8963195809
1239,239,158,37762,37.17764095420257,0.499426270256898,0.07412953587216009,0.0326672035354959,0.015677399998821784,0.10095079999882728,0.11662819999764906,323781.0409554567
1240,163,158,25754,27.797926058738273,0.6743348796133983,0.10122395151099371,0.04590655511030014,0.008924100002332125,0.06241120000049705,0.07133530000282917,361027.42960327625
1241,187,158,29546,42.05572193538064,0.9718327085276224,0.06049468820162406,0.02645055073818095,0.011584899999434128,0.07250680000288412,0.08409170000231825,351354.5331963258
1242,181,158,28598,37.36739246025484,1.3993591340935942,0.0589940254256598,0.02614766565378273,0.013030900001467671,0.2122525000013411,0.22528340000280878,126942.33130201092
1243,180,158,28440,28.107642150870205,0.46978405258682504,0.10434687396716895,0.04778461974812893,0.012291899998672307,0.09506259999761824,0.10735449999629054,264916.7012186978
1244,208,158,32864,30.279775743382253,0.3159581780497227,0.09766994601903278,0.044980721578261676,0.01254299999709474,0.09804210000584135,0.11058510000293609,297182.8935283998
1245,167,158,26386,37.091711496687324,1.4499333575465545,0.05899229056890089,0.02623522018091823,0.0110352999981842,0.14709189999848604,0.15812719999667024,166865.66258401857
1246,175,158,27650,32.88104940153449,1.7987671385401718,0.06595063234461811,0.029395628819714508,0.012091499993402977,0.11959249999927124,0.13168399999267422,209972.35808099853
1247,244,158,38552,39.51495494007327,0.6735808019940512,0.0677857410326756,0.0296899835811011,0.012633099999220576,0.07958350000262726,0.09221660000184784,418059.22143331566
1248,215,158,33970,40.650010519636886,0.42970890551059304,0.07295572103505502,0.032350708992266795,0.01549929999600863,0.12192610000056447,0.1374253999965731,247188.65654272857
1249,187,158,29546,36.7923639656493,1.858234124047514,0.056207265722120564,0.0252578224647153,0.011000999998941552,0.06838599999900907,0.07938699999795062,372176.80477613123
1250,174,158,27492,25.92589118911233,1.0011830814988094,0.10927593417605165,0.0494566557463761,0.009918300005665515,0.0719191000025603,0.08183740000822581,335934.42603548826
1251,215,158,33970,31.488187118062243,0.9930749836225619,0.07844613772627133,0.034840707832386075,0.015386999999464024,0.09769319999759318,0.1130801999970572,300406.26034340257
1252,156,158,24648,29.12215969762964,0.7664842437435792,0.0922230899732832,0.04124878469160669,0.009683899996161927,0.05588020000141114,0.06556409999757307,375937.44138808246
1253,231,158,36498,36.051573498086135,1.800079639280397,0.05786406872088814,0.025973883647943428,0.012424300002749078,0.08300140000210376,0.09542570000485284,382475.5804583451
1254,183,158,28914,25.422974426371052,1.3262772716475693,0.10959012404834659,0.04994320298595998,0.009077199996681884,0.0694833000015933,0.07856049999827519,368047.55571355595
1255,196,158,30968,34.59177005498126,0.3720112204614096,0.08268495178401576,0.037103795963707914,0.021645799999532755,0.3268491000053473,0.34849490000488004,88862.13255794087
1256,245,158,38710,31.13917702495922,1.9290933600670468,0.07102415812117815,0.03181761106352383,0.0156007999976282,0.12362179999763612,0.13922259999526432,278043.93827810086
1257,196,158,30968,42.587869213920825,0.6911645821919461,0.0651905050937076,0.02831596618014583,0.012763500002620276,0.0907223999965936,0.10348589999921387,299248.4966573731
1258,200,158,31600,42.35963451281171,1.38813216592265,0.05513608529899511,0.024393959286520484,0.010061100001621526,0.06720700000005309,0.07726810000167461,408965.6662880948
1259,165,158,26070,37.41231218221539,1.6685237690393868,0.05670110639566717,0.02537233002103001,0.01181650000216905,0.07109179999679327,0.08290829999896232,314443.7891058711
1260,198,158,31284,40.05482204023433,0.6979031396971802,0.0667621756358194,0.029079915156736805,0.0129778000045917,0.06809550000616582,0.08107330001075752,385873.0308973357
1261,180,158,28440,39.26836987312949,0.8037797101005266,0.06523303602388772,0.028418758793473324,0.012442400002328213,0.06600530000287108,0.0784477000051993,362534.5293503197
1262,156,158,24648,32.213157622506785,1.169108974948282,0.07325407910133655,0.03250554370918577,0.00968529999954626,0.05188749999797437,0.06157279999752063,400306.62891719246
1263,243,158,38394,38.871824640270084,0.687868831687398,0.06808398544679035,0.029498646890933646,0.014955500002542976,0.09901940000418108,0.11397490000672406,336863.6427646342
1264,171,158,27018,31.062637958279876,1.468473156425932,0.07480547769410452,0.03330322067245755,0.010573999999905936,0.06008809999912046,0.0706620999990264,382354.8974679816
1265,179,158,28282,41.77806899008489,1.0668619141455038,0.05927831927632518,0.02582078159652505,0.010274300002492964,0.06723110000166344,0.0775054000041564,364903.60669686645
1266,171,158,27018,31.86453464949264,0.4552998333096627,0.08743444181687446,0.039339237185855566,0.008696999997482635,0.06279690000519622,0.07149390000267886,377906.3668227309
1267,220,158,34760,27.3694646816233,0.9895995313023314,0.09921210902061094,0.04480029699376617,0.010473099995579105,0.08255450000433484,0.09302759999991395,373652.5504262408
1268,196,158,30968,41.943302772053464,1.8472074062026933,0.05129441949805285,0.02323253914690367,0.011862700004712678,0.068075700000918,0.07993840000563068,387398.29666116263
1269,233,158,36814,43.24139533390491,1.8525856677759374,0.050671784258493835,0.022966144922989724,0.01562749999720836,0.08332469999731984,0.0989521999945282,372038.21645234484
1270,214,158,33812,39.155074480016566,0.5801600240171783,0.07025801267756109,0.030672608197351188,0.0145699999993667,0.07324009999865666,0.08781009999802336,385058.21085229516
1271,179,158,28282,26.849866506580177,0.7327997916878628,0.1067749714558469,0.048088451774490025,0.00981090000277618,0.07236499999999069,0.08217590000276687,344164.1649078105
1272,187,158,29546,43.738551051527374,1.7742302358273798,0.051089862885798414,0.023053079787090123,0.009713100000226405,0.09901589999935823,0.10872899999958463,271739.8302211266
1273,213,158,33654,36.04388963672113,0.7561646929367446,0.07041952712927384,0.030658160168797535,0.011797900006058626,0.09673520000069402,0.10853310000675265,310080.51919558307
1274,202,158,31916,37.878489408071445,1.3112693797009194,0.0593810388590017,0.026304312580067747,0.012333800004853401,0.08965130000433419,0.10198510000918759,312947.6756616875
1275,212,158,33496,29.985573291637238,0.8853365734759511,0.08657308137005922,0.038502225511145814,0.01203249999525724,0.08154739999736194,0.09357989999261918,357940.1132363028
1276,219,158,34602,34.25456416129556,0.37198126483794486,0.08300286341579417,0.03722756305131176,0.013903600003686734,0.0998399000018253,0.11374350000551203,304210.7900523826
1277,202,158,31916,31.914249580146702,1.5994524776835266,0.07042974631627358,0.031454065227538394,0.012016200002108235,0.09035299999959534,0.10236920000170358,311773.46310676326
1278,154,158,24332,33.28490061929833,1.1344686132279251,0.07044306323083588,0.031132648500584014,0.009667300000728574,0.1815723000036087,0.19123960000433726,127233.0626054863
1279,183,158,28914,37.700926447595464,1.0250522379601612,0.06350058287219278,0.027811316802572324,0.012034899998980109,0.1551742999945418,0.1672091999935219,172921.10721850352
1280,239,158,37762,34.105857610061435,1.133909148028418,0.0685729633868025,0.030124402633698838,0.012876700006017927,0.10109760000341339,0.11397430000943132,331320.30639253947
1281,169,158,26702,32.24544411950839,1.959406623711079,0.06702334964833799,0.029883220107908684,0.011493400001199916,0.082611599995289,0.09410499999648891,283746.8784973833
1282,203,158,32074,25.95110801093534,1.392079353737499,0.10470546964934171,0.047477324258219475,0.014873599997372366,0.14065970000228845,0.1555332999996608,206219.50411950334
1283,189,158,29862,41.20377102585472,1.9705468984522945,0.050693835989224195,0.023160872061170533,0.012404900000547059,0.10241440000390867,0.11481930000445573,260078.2272565776
1284,163,158,25754,42.80024249504626,0.418241839092495,0.07220260317937299,0.03212905147601413,0.011049099994124845,0.08427550000487827,0.09532459999900311,270171.6031356998
1285,196,158,30968,25.277338164710287,0.8979069516788587,0.11531655506789483,0.0526377345100471,0.010710700000345241,0.06499839999742107,0.07570909999776632,409039.3361024456
1286,158,158,24964,43.71702200274909,1.98827273286871,0.04935991718041593,0.022582302160972893,0.008751599998504389,0.06398120000085328,0.07273279999935767,343228.9146055214
1287,198,158,31284,25.621838486400488,0.616736532498865,0.11670229734205773,0.05414443022483376,0.011773900005209725,0.06425929999386426,0.07603319999907399,411451.83946461556
1288,204,158,32232,35.12360951863163,0.9312340199183797,0.0688496286663605,0.03018626334528206,0.010825499994098209,0.08418369999708375,0.09500919999118196,339251.35674220533
1289,219,158,34602,39.93111225605456,0.9254396168107413,0.0626295307908005,0.02731274409044924,0.014261700001952704,0.07891640000161715,0.09317810000356985,371353.35447572253
1290,169,158,26702,43.14199537114868,1.9965118287213182,0.049494189643560865,0.02265091570802894,0.010282199997163843,0.06192450000526151,0.07220670000242535,369799.47842933005
1291,248,158,39184,41.53557864310844,0.9498068300018696,0.061309738892722246,0.026621355328316637,0.013615400006528944,0.08446710000134772,0.09808250000787666,399500.4205322384
1292,244,158,38552,36.92576843260017,0.7752422966690754,0.06840180846120417,0.029871044862702256,0.014644400005636271,0.09034199999587145,0.10498640000150772,367209.46712570725
1293,171,158,27018,35.72888367255347,1.0559460491019044,0.066079338019089,0.028961057214212004,0.011263599997619167,0.0809575000021141,0.09222109999973327,292969.8301156475
1294,188,158,29704,38.13848996885089,1.1320482775818361,0.06145460194566142,0.026976717263395428,0.012514800000644755,0.07269590000214521,0.08521070000278996,348594.71872696077
1295,207,158,32706,27.955701331023306,1.7161802900757412,0.08881570572004839,0.03991902584608198,0.012945400005264673,0.10564220000378555,0.11858760000905022,275796.12031531107
1296,243,158,38394,38.58545878997841,1.6572177010504126,0.05550054785847712,0.024765710748001064,0.012859199996455573,0.10538520000409335,0.11824440000054892,324700.36635833717
1297,231,158,36498,31.542933416169447,1.0747127271971935,0.07730980557499806,0.034286034756567524,0.014181799997459166,0.13606080000317888,0.15024260000063805,242927.10589303568
1298,223,158,35234,35.7047677803601,1.5619324243008235,0.06038784743969252,0.026965848027573902,0.01400199999625329,0.10916960000031395,0.12317159999656724,286056.20127514756
1299,152,158,24016,34.34536969344465,0.9898601676577772,0.06993626658373656,0.030672448076674925,0.009376500005600974,0.056136299994250294,0.06551279999985127,366584.85059491463
1300,212,158,33496,36.85742552607388,1.7526877628248758,0.057032124940823076,0.025470904328679926,0.009954000001016539,0.0656611000013072,0.07561510000232374,442980.30418488674
1301,161,158,25438,37.13476350677343,1.0108014532677763,0.0643158937768339,0.02818931934522678,0.009047999999893364,0.11245310000231257,0.12150110000220593,209364.35966043235
1302,181,158,28598,26.685241882031654,1.6783807703205478,0.097619431590893,0.04393879492866054,0.009849200003372971,0.06847650000418071,0.07832570000755368,365116.4304595047
1303,232,158,36656,41.36378499348707,0.558421536728785,0.06910008052773578,0.03029338778138549,0.016357699998479802,0.16180049999820767,0.17815819999668747,205749.7213189264
1304,243,158,38394,42.91688407599938,1.340513992311812,0.05535180114029916,0.02436137969816302,0.015400399999634828,0.12444529999629594,0.13984569999593077,274545.4454525036
1305,225,158,35550,44.18397322718771,1.8299624213539851,0.05043032408197201,0.022831131043471075,0.013772599995718338,0.25914849999389844,0.2729210999896168,130257.42605226379
1306,176,158,27808,38.320218797149245,1.899722999992528,0.05389592938041723,0.024366966310758194,0.011356199996953364,0.2975603000013507,0.30891649999830406,90017.85272121322
1307,212,158,33496,33.654980936602016,0.8009829097862435,0.07470553329828346,0.032788485526853504,0.010642900000675581,0.08204490000207443,0.09268780000275001,361385.20926169556
1308,180,158,28440,30.970399565540205,1.5973324306610195,0.07435984659724583,0.03302132678912958,0.01071819999924628,0.09782390000327723,0.10854210000252351,262018.1477909382
1309,185,158,29230,40.2130579935346,1.912905805186002,0.05178133024439799,0.023501473813966337,0.010194599999522325,0.08253849999891827,0.0927330999984406,315205.6816874615
1310,230,158,36340,25.839420874740185,1.7949761365861692,0.10311677343180368,0.04674208861463859,0.012899800000013784,0.1231430999978329,0.1360428999978467,267121.6211987189
1311,248,158,39184,43.86779450103619,0.43398468067717483,0.07139128972990343,0.031711116928769024,0.015902899998764042,0.1069089000011445,0.12281179999990854,319057.28928351495
1312,178,158,28124,34.56670461471329,1.163623045795813,0.06697704437712348,0.029670508002181857,0.010983400003169663,0.0669759999946109,0.07795939999778057,360751.878552178
1313,156,158,24648,28.31829935596798,0.9176989309750543,0.09421021832482601,0.04236586527849082,0.009316399999079295,0.04764509999949951,0.0569614999985788,432713.32392256125
1314,191,158,30178,39.17990625456968,1.272641677577372,0.05842939275530993,0.025767879387019174,0.011057900002924725,0.07029890000558225,0.08135680000850698,370933.9599989733
1315,177,158,27966,26.906681368551407,1.2572495593444206,0.0988605891127206,0.04470880187653686,0.011985600001935381,0.06502849999378668,0.07701409999572206,363128.3102906278
1316,242,158,38236,34.17117443707223,1.457833796559592,0.06459653703322542,0.02873995267066212,0.01662400000350317,0.09977050000452437,0.11639450000802753,328503.4945582732
1317,154,158,24332,42.23792132125055,0.3500962331924225,0.0743813154796278,0.033468272150492105,0.010123799998837058,0.06464420000702376,0.07476800000586081,325433.3404410001
1318,206,158,32548,44.0331573586915,1.757599736058065,0.05081943274421255,0.023072816120950093,0.013075100003334228,0.06611179999890737,0.0791869000022416,411027.58157067193
1319,156,158,24648,34.84493452048228,1.624553167505258,0.06171253966479321,0.02746915126442017,0.008743499995034654,0.0660513999973773,0.07479489999241196,329541.1853281517
1320,203,158,32074,43.92416692371401,0.6645203354516453,0.06549142961567098,0.028398527679187255,0.011054000002332032,0.06943589999718824,0.08048989999952028,398484.77883798047
1321,178,158,28124,28.22227482513868,0.8285535804809798,0.09592977747213427,0.04328187077446288,0.011041199999453966,0.08116380000137724,0.0922050000008312,305015.9969605387
1322,190,158,30020,31.015621197434776,0.5181190870096192,0.0893663241771597,0.039907723456200306,0.011666300000797492,0.12770019999879878,0.13936649999959627,215403.27123151522
1323,199,158,31442,43.38814330217779,0.7873434756754867,0.06331326551855238,0.027364257223828133,0.012670100004470441,0.07932930000242777,0.09199940000689821,341763.09842936415
1324,210,158,33180,39.02366594923554,1.370433130869237,0.05760369671519599,0.025411200942422888,0.013158799993107095,0.08693290000519482,0.10009169999830192,331496.0181569791
1325,212,158,33496,26.216865361637712,1.2073231777768811,0.10452709307793183,0.04741171769620547,0.24002979999931995,0.2503273000038462,0.4903571000031661,68309.40145413154
1326,160,158,25280,41.58369383454817,1.5649690370153335,0.05371089717276712,0.023928962675102805,0.009939800002030097,0.054192100004001986,0.06413190000603208,394187.6039478361
1327,222,158,35076,26.11259120627615,0.529514448594273,0.11587442601498629,0.05314748250743564,0.011161100002937019,0.08612259999790695,0.09728370000084396,360553.7207126755
1328,203,158,32074,38.29312113391168,0.9628390220760443,0.06361090080839236,0.02768319953794403,0.01206369999999879,0.08031309999933,0.0923767999993288,347208.38998788706
1329,173,158,27334,34.47728411092347,1.3177492167863145,0.06544293270928064,0.02882895831958709,0.012202400001115166,0.0723158999971929,0.08451829999830807,323409.24983757583
1330,237,158,37446,39.575044356337784,1.5713057069502434,0.0550513262056647,0.02457987859439998,0.015357500000391155,0.09090899999864632,0.10626649999903748,352378.2189150783
1331,233,158,36814,43.82714711047687,0.3278031091248197,0.07438697233601355,0.0336723395441617,0.013269200004287995,0.13252099999954225,0.14579020000383025,252513.54342769823
1332,206,158,32548,28.01176853995383,0.9519526297109875,0.09541192386784535,0.04294895804669694,0.013202699999965262,0.07864999999583233,0.0918526999957976,354349.953800913
1333,157,158,24806,35.3082381942977,1.9836375146120604,0.058358379337083356,0.026229869994140998,0.00969700000132434,0.07029850000253646,0.0799955000038608,310092.442684936
1334,205,158,32390,26.258840504629553,0.3405147558535927,0.120510368261892,0.056350871413402476,0.011131299994303845,0.08235130000684876,0.0934826000011526,346481.59122233064
1335,178,158,28124,40.75126608553367,0.7877417005666936,0.06456655300771158,0.027960895977435184,0.012214199996378738,0.06655789999786066,0.0787720999942394,357029.96368075383
1336,242,158,38236,30.1204826816644,0.6399233947862841,0.09017754326712141,0.04032439782032996,0.014797700001508929,0.09006009999575326,0.10485779999726219,364646.2161231528
1337,159,158,25122,35.60772116708215,1.900117908966095,0.058081765444425615,0.02595692880818404,0.010356200000387616,0.06199360000027809,0.07234980000066571,347229.70899392734
1338,236,158,37288,40.98137992230537,0.8701632771931773,0.06311508472627754,0.027240481466870074,0.012976899997738656,0.07517440000083297,0.08815129999857163,423000.00114126736
1339,217,158,34286,42.7545761684995,1.0115448774398923,0.059532663804260505,0.025924091456863977,0.014838199997029733,0.08416459999716608,0.09900279999419581,346313.43762004783
1340,225,158,35550,27.2808026105228,0.752237243881257,0.1030660500480395,0.04676969690584794,0.014159599995764438,0.0840362999952049,0.09819589999096934,362031.4086766289
1341,244,158,38552,30.021270117557883,0.3354791513696344,0.09846186220847981,0.045082136317130664,0.015945499995723367,0.08018169999559177,0.09612719999131514,401051.93954971206
1342,202,158,31916,30.84584506463855,1.908532454039255,0.07263180751230469,0.03246678017734442,0.01285920000373153,0.06706429999758257,0.0799235000013141,399331.8610856036
1343,166,158,26228,29.008439574325116,0.4488827062984613,0.0996962862687705,0.04540178044206844,0.010388299997430295,0.05599369999981718,0.06638199999724748,395107.10736476065
1344,211,158,33338,44.30421426658022,1.1963917178356909,0.05642417984184826,0.024738122533152676,0.013467299999319948,0.0820631999959005,0.09553049999522045,348977.55168943905
1345,224,158,35392,29.058160746111355,0.7552559436185534,0.09341562804531617,0.041758885555208285,0.014318800000182819,0.08141949999844655,0.09573829999862937,369674.41452905146
1346,202,158,31916,29.2739893668297,0.4178870131763633,0.0995783979114018,0.045313512309920215,0.012992499992833473,0.08263029999943683,0.0956227999922703,333769.7704164691
1347,175,158,27650,43.21648312985232,1.411071254631449,0.05450989419542373,0.02409779612762093,0.01103490000241436,0.08575530000234721,0.09679020000476157,285669.4169310505
1348,221,158,34918,43.81097683563823,1.5214836377754688,0.05298559787265295,0.02368415717336989,0.013935599999967963,0.0902669999995851,0.10420259999955306,335097.20486964594
1349,175,158,27650,42.02953418188994,1.7645581576463696,0.05178902283582523,0.023318558369309652,0.00822879999759607,0.07829029999993509,0.08651909999753116,319582.61240337684
1350,238,158,37604,27.6698519307091,1.8005561791884641,0.09067543805756736,0.04053155779636238,0.014929900004062802,0.08837150000181282,0.10330140000587562,364022.1719924526
1351,232,158,36656,33.24193859693498,1.0010691830636573,0.07245017178767728,0.032025854697523344,0.01838869999482995,0.07000139999581734,0.08839009999064729,414707.07696765405
1352,199,158,31442,37.64282551290583,1.9715278273404628,0.05421868371294257,0.02442774777654633,0.01502279999840539,0.07465640000009444,0.08967919999849983,350605.26856312243
1353,151,158,23858,29.95981291733331,0.9220799193184765,0.08611539984054818,0.03824456060113545,0.00974609999684617,0.06177210000168998,0.07151819999853615,333593.40699973336
1354,169,158,26702,43.70132049102345,1.6681683829124123,0.05185959320550844,0.023148627458332988,0.010011399994255044,0.06695390000095358,0.07696529999520862,346935.5670888348
1355,223,158,35234,33.603370711650875,0.7898433593714604,0.07463596418230839,0.03298325846455317,0.0143575999973109,0.08390979999967385,0.09826739999698475,358552.27675791894
1356,213,158,33654,27.619211450225492,0.3568602739251043,0.1107041856421018,0.051318332391892776,0.013124600001901854,0.08080039999913424,0.0939250000010361,358307.1599641071
1357,168,158,26544,39.605147042746125,0.6408233447326825,0.0684797167572883,0.029807947986710208,0.011028100001567509,0.05843520000053104,0.06946330000209855,382129.8440931842
1358,155,158,24490,44.62365253989684,0.6615273097663568,0.06538691556887334,0.028426942060685592,0.008934799996495713,0.056481699997675605,0.06541649999417132,374370.38059483597
1359,178,158,28124,44.16711950450778,1.928734121381194,0.049639607767880504,0.022755278231948114,0.011021400001482107,0.06741479999618605,0.07843619999766815,358558.93070847524
1360,165,158,26070,41.627151382612446,1.7093543572949703,0.052373699788539244,0.02356910811030395,0.010977600002661347,0.21280589999514632,0.22378349999780767,116496.52454383545
1361,175,158,27650,35.07317179191223,1.771742094515685,0.060069701224798745,0.02683900576289061,0.011935199996514712,0.09280239999498008,0.10473759999149479,263993.0645942366
1362,165,158,26070,36.886910646715954,1.6874129769958075,0.057271066018710355,0.025670595092381777,0.009542799998598639,0.07417200000054436,0.083714799999143,311414.4691293162
1363,194,158,30652,37.37168926696203,1.8569489155890198,0.05531546208428764,0.0249590428271046,0.012178500001027714,0.07004820000292966,0.08222670000395738,372774.293490129
1364,176,158,27808,39.791239798281275,0.8447642184410942,0.06426641572328513,0.02791165185995599,0.01157239999884041,0.060933300002943724,0.07250570000178413,383528.46740760707
1365,181,158,28598,28.708361714010444,0.5161995294755478,0.10034000637061741,0.04515968206441029,0.010267300000123214,0.06680239999695914,0.07706969999708235,371066.7097586035
1366,211,158,33338,31.89151251535879,1.3064978618816494,0.07303245370194028,0.03245079079765605,0.011393000000680331,0.09638750000158325,0.10778050000226358,309313.8369120559
1367,211,158,33338,26.348684979965963,1.041789229068283,0.10498857297569858,0.047545829444970614,0.011336300005496014,0.072549299999082,0.08388560000457801,397422.2035507953
1368,150,158,23700,32.29610160777333,0.6213589384455793,0.08222862338510906,0.03648261725843496,0.009664700002758764,0.0467791999981273,0.05644390000088606,419885.93983810395
1369,152,158,24016,37.68814122326323,1.9746818435442195,0.054097465746270085,0.02437752359410996,0.00991220000287285,0.046486300001561176,0.05639850000443403,425826.92798765696
1370,179,158,28282,43.85395855624884,1.9298382351237386,0.0497936524188755,0.02259911463418849,0.01011339999968186,0.06632019999960903,0.07643359999929089,370020.51454154175
1371,209,158,33022,36.988951703453964,0.8073450500134778,0.06815858807144429,0.029758387131623876,0.01250620000064373,0.09261519999563461,0.10512139999627834,314132.0416315716
1372,185,158,29230,34.009318552415806,1.2419797411873275,0.06731582201100617,0.029744938757958528,0.011027000000467524,0.07218460000149207,0.0832116000019596,351273.13979435136
1373,205,158,32390,39.396395069225335,0.8070700205715784,0.06508631635145457,0.028394869758578255,0.01165180000680266,0.0836425000015879,0.09529430000839056,339894.4112832362
1374,183,158,28914,44.96483260157337,0.530892482548148,0.06849569316603837,0.030005317562736267,0.01147800000035204,0.07603680000465829,0.08751480000501033,330389.83118677797
1375,250,158,39500,26.560892538563063,1.9159154173395827,0.09734166167583554,0.04398675975554173,0.014211000001523644,0.08865479999803938,0.10286579999956302,383995.45816168055
1376,199,158,31442,30.93299382442466,1.2263196377413623,0.07796591860355853,0.034651760249611224,0.010558099995250814,0.11135769999964396,0.12191579999489477,257899.30428473288
1377,244,158,38552,27.20110779018617,1.459373847704305,0.09541534382084642,0.0430241985243997,0.013310700000147335,0.08710730000166222,0.10041800000180956,383915.2343136219
1378,248,158,39184,40.58327827055332,1.1947916593954306,0.05833892120518066,0.025677297525248215,0.012608600001840387,0.08982649999961723,0.10243510000145761,382525.1305406294
1379,162,158,25596,37.38565685109854,1.802308914168511,0.055782342902176166,0.02503088640929037,0.010927000002993736,0.07870319999346975,0.08963019999646349,285573.3893376332
1380,164,158,25912,38.750908754883966,0.9065014037624244,0.06402409333142305,0.02792613465550297,0.0107376000014483,0.05746689999796217,0.06820449999941047,379916.28118707665
1381,230,158,36340,40.10495019739261,0.5150085543081268,0.07120914176378806,0.031190595802283845,0.015307199995731935,0.09524560000136262,0.11055279999709455,328711.71061207907
1382,192,158,30336,39.18857647680457,1.7099788096294735,0.05432858609266137,0.024384775236283927,0.012228600004164036,0.0782967000050121,0.09052530000917614,335110.73696441745
1383,183,158,28914,30.834911777517256,0.3798444893039391,0.09397433026587523,0.042452843789562426,0.010332699996070005,0.06625399999757065,0.07658669999364065,377532.9137095718
1384,159,158,25122,32.41996588692458,0.7531793703894922,0.07899289869368147,0.034970260741597335,0.00954039999487577,0.05934680000063963,0.0688871999955154,364683.1341909013
1385,156,158,24648,30.940862761343922,1.9667273803467795,0.07191940569398758,0.03217439937485051,0.00973570000496693,0.05108029999973951,0.06081600000470644,405288.0820522977
1386,213,158,33654,39.1053264745594,1.3055754222495515,0.05837754888939891,0.025678327045613833,0.013793999998597428,0.09072899999591755,0.10452299999451498,321976.98115980264
1387,184,158,29072,29.058259358854688,1.5073204921996308,0.08409562557830963,0.037491478631496294,0.010604199997032993,0.05664559999422636,0.06724979999125935,432298.68347234593
1388,217,158,34286,30.23622878564499,1.8937618257496458,0.07575609454630032,0.03383597780528678,0.013417800000752322,0.075007799998275,0.08842559999902733,387738.39250598405
1389,188,158,29704,28.421771367725725,1.514267238174238,0.0877374269453261,0.039283696405456106,0.011932299996260554,0.05158269999810727,0.06351499999436783,467669.05459551275
1390,195,158,30810,42.421649778043445,1.801160925449523,0.051269014899845325,0.023296379163041635,0.010478799995325971,0.0707027999960701,0.08118159999139607,379519.4970691063
1391,204,158,32232,42.21685017101146,0.9054231046440593,0.061592694506504155,0.026763640520376185,0.013559599996369798,0.07124509999994189,0.08480469999631168,380073.2742572267
1392,235,158,37130,29.083933723311432,1.1489812446495913,0.08698104153676142,0.038852870504629135,0.014771000001928769,0.10607850000087637,0.12084950000280514,307241.65179945424
1393,209,158,33022,36.78508394717168,1.296002217283952,0.06131787422415246,0.026969700189521852,0.014231299996026792,0.1124130999960471,0.12664439999207389,260745.83638966034
1394,158,158,24964,32.43947060158851,0.3887223288605213,0.08784394644695188,0.039514666691308986,0.01103230000444455,0.053241999994497746,0.0642742999989423,388397.8510915064
1395,236,158,37288,28.064757915647583,0.7204906092598962,0.09857718366439842,0.04462377551323451,0.012536899994302075,0.07500910000089789,0.08754599999519996,425924.65677523194
1396,184,158,29072,25.27736905738491,1.5417043924518352,0.10930877415325038,0.04952073314482075,0.01113430000259541,0.054473500000312924,0.06560780000290833,443118.0438714797
1397,219,158,34602,34.99361536741039,1.102855755491767,0.06674171233695339,0.029287586611932728,0.012996299999940675,0.09448990000237245,0.10748620000231313,321920.3953554536
1398,249,158,39342,37.43299797327641,1.4513730501072815,0.05860810220345845,0.025937220813349367,0.015751899998576846,0.09165590000338852,0.10740780000196537,366286.24736080726
1399,190,158,30020,29.63577961149561,0.9216121377160358,0.08780419622949391,0.03900888744556238,0.011345999999321066,0.06657059999997728,0.07791659999929834,385283.7521179099
1400,233,158,36814,43.14736525809756,1.2763754280748592,0.05593855948553766,0.024497085481577162,0.012603800001670606,0.08584369999880437,0.09844750000047497,373945.50394700107
1401,182,158,28756,33.9542669513204,0.8129740726008514,0.07363385570750629,0.032316249020281636,0.01276819999475265,0.06801620000624098,0.08078440000099363,355959.81401912135
1402,180,158,28440,34.717800895358295,1.3248003239360555,0.06473189180847053,0.028675644346344776,0.00972600000386592,0.07050390000222251,0.08022990000608843,354481.3093103913
1403,179,158,28282,29.14341088954144,0.6223847834912923,0.09531246173454573,0.042739607617772,0.012145300002885051,0.06179580000025453,0.07394110000313958,382493.63342983986
1404,243,158,38394,33.2343644481191,1.7667877809198105,0.06475741948253136,0.028938677136884323,0.01103010000224458,0.08987419999903068,0.10090430000127526,380499.14621591714
1405,245,158,38710,39.93466227199859,1.7535223451010518,0.05324608607931932,0.023937021944055788,0.012750399997457862,0.08945400000084192,0.10220439999829978,378750.8169965673
1406,237,158,37446,27.688631964042752,1.216515884830953,0.09430463493434131,0.04235009039931427,0.01465269999607699,0.08841960000427207,0.10307230000034906,363298.38375463814
1407,187,158,29546,29.45937773524703,0.6023922166408349,0.09407218440058174,0.042324573222571694,0.010027799995441455,0.06663829999888549,0.07666609999432694,385385.4572253749
1408,173,158,27334,36.65622824876851,0.943669048422993,0.06613864287404984,0.02896639445583328,0.009886500003631227,0.06403340000542812,0.07391990000905935,369778.63872448483
1409,236,158,37288,37.5182742514337,1.1754853637026248,0.06144181663478675,0.02695603018932773,0.011671600004774518,0.07569859999784967,0.08737020000262419,426781.67154109804
1410,175,158,27650,30.482474656934087,0.6030839386118012,0.08931955806477765,0.03993544927022773,0.010102699998242315,0.06483550000120886,0.07493819999945117,368970.69852495124
1411,233,158,36814,43.789269585110546,0.9310244464917612,0.0604878977266683,0.026265844377289255,0.015648199994757306,0.10243139999511186,0.11807959998986917,311772.73638425703
1412,194,158,30652,43.49741212676899,1.913570078543449,0.050057231196649274,0.022822664784017312,0.011995999993814621,0.06891860000177985,0.08091459999559447,378819.150087486
1413,195,158,30810,36.32696266667868,0.8078369424267442,0.06908373249085972,0.030026897825296835,0.011375200003385544,0.0650004000053741,0.07637560000875965,403401.0861645126
1414,222,158,35076,35.7599615336699,1.7248735730037343,0.05906013048315869,0.026352135414409963,0.012105599998903926,0.07482270000036806,0.08692829999927199,403504.957537347
1415,210,158,33180,35.61983031027556,1.9469708658423306,0.05761465776636726,0.025911574395095983,0.013752500002738088,0.07098799999948824,0.08474050000222633,391548.31514008396
1416,245,158,38710,37.33916351751043,0.984634300982381,0.06442171069847587,0.028185844835614173,0.011121499999717344,0.09049070000037318,0.10161220000009052,380958.1920277832
1417,234,158,36972,40.268942934961586,1.2079929578965485,0.05842255980919513,0.02567168731936603,0.01468860000022687,0.08031779999873834,0.09500639999896521,389152.73076763976
1418,188,158,29704,39.251560552153094,1.6400218496200178,0.05487791383637516,0.02451633254609479,0.010974799995892681,0.0606227999960538,0.07159759999194648,414874.24164135667
1419,175,158,27650,37.747309427914374,1.9693130340596972,0.05404938528113914,0.024447773169098387,0.009759000000485685,0.06244600000354694,0.07220500000403263,382937.4696829272
1420,190,158,30020,39.51599663590688,1.4568946379113281,0.056146011280556164,0.024923863860277107,0.012553200002002995,0.06586999999854015,0.07842320000054315,382794.8872245979
1421,235,158,37130,39.42453577663034,0.879977852609265,0.06375459723605141,0.027764458022886337,0.016569799998251256,0.09315210000204388,0.10972190000029514,338400.99378428666
1422,178,158,28124,42.86210885339223,1.4227555876233189,0.054576430470246726,0.024162542566167976,0.010920099994109478,0.06519529999786755,0.07611539999197703,369491.5878122485
1423,194,158,30652,29.764321929804005,1.4998561428103383,0.08050022185603262,0.0359710386561496,0.010032700003648642,0.07472489999781828,0.08475760000146693,361643.0856875312
1424,216,158,34128,34.02101810117688,0.9965150925397788,0.07039386532207137,0.030999046832160652,0.01111490000039339,0.0687065000020084,0.07982140000240179,427554.51544289006
1425,151,158,23858,35.07726275536605,0.6663296425174987,0.07362908309421397,0.03228835784984303,0.009187199997541029,0.05508009999903152,0.06426729999657255,371230.78145919275
1426,239,158,37762,33.104777653875416,1.9987935857120736,0.06391637904653272,0.02859174252756511,0.012279100003070198,0.08353360000182875,0.09581270000489894,394123.1172701449
1427,215,158,33970,33.02095433733922,0.832060239164887,0.07563732846086177,0.03331947397964674,0.014303299998573493,0.0800057000014931,0.09430900000006659,360198.9205693626
1428,231,158,36498,36.64705869531608,0.5979867682424984,0.07274381073813281,0.03192572104106669,0.015982299999450333,0.08979870000621304,0.10578100000566337,345033.6071510569
1429,224,158,35392,33.885022985017955,1.1263162070372807,0.06911152147602687,0.030436969227092735,0.013029100002313498,0.07604800000262912,0.08907710000494262,397318.7272378221
1430,151,158,23858,30.678409840078118,0.3004785252927804,0.09681248881723165,0.04445197171875277,0.009810399998968933,0.04786040000180947,0.0576708000007784,413692.8913709881
1431,178,158,28124,25.279771814317332,1.6030296536493442,0.10845947624762979,0.049550012561678174,0.013384099998802412,0.06944579999981215,0.08282989999861456,339539.22436789627
1432,234,158,36972,39.28972225166522,0.895577795893503,0.0638899256059118,0.02776860928075196,0.016030400001909584,0.07946240000455873,0.09549280000646831,387170.55105197104
1433,161,158,25438,33.49481089650928,0.734358110875708,0.07607139779175724,0.033479791882775195,0.008013500002562068,0.05774480000400217,0.06575830000656424,386840.90065376816
1434,215,158,33970,37.175578763169895,1.8762898879387788,0.05540370478710765,0.02489600898531528,0.010761799996544141,0.07242289999703644,0.08318469999358058,408368.36584878573
1435,245,158,38710,42.616013726516314,1.5602219693350659,0.05326187130693644,0.02365215408077795,0.014390600001206622,0.08209640000131913,0.09648700000252575,401193.94321501016
1436,183,158,28914,40.00512698254799,1.769375314855065,0.053056594717148214,0.023888203459384874,0.01117089999752352,0.06172010000591399,0.07289100000343751,396674.48654342
1437,240,158,37920,30.61130509454606,1.8689164299977876,0.07400402431193995,0.03317912269391369,0.014856599998893216,0.07911659999808762,0.09397319999698084,403519.30126055394
1438,178,158,28124,43.26126389765426,1.9369119911055945,0.04988805818748149,0.022756966963635192,0.009396399997058325,0.057785400000284426,0.06718179999734275,418625.2824591242
1439,228,158,36024,39.55965244984716,1.7588381628187668,0.05357864448634535,0.024095976804455237,0.01110309999785386,0.06763860000501154,0.0787417000028654,457495.83763989207
1440,228,158,36024,28.39105556773061,1.0062269249247942,0.09244755279895797,0.04150159970344644,0.014864600001601502,0.07425060000241501,0.08911520000401651,404240.80289755686
1441,175,158,27650,42.00668813272527,1.4935554485957148,0.054326154536785756,0.02406688480116631,0.009064800004125573,0.06900630000018282,0.07807110000430839,354164.3450454025
1442,158,158,24964,43.15252968158172,1.6706988461333414,0.05213712538538988,0.023358081004864376,0.00986439999542199,0.05869159999565454,0.06855599999107653,364140.2649403319
1443,198,158,31284,42.03608862017993,1.97412620267372,0.05029246292643038,0.02293770616045896,0.011228499999560881,0.0644828000004054,0.07571129999996629,413201.1998210826
1444,152,158,24016,28.529977110531625,1.0814963427042572,0.09057682313820925,0.04081955341503506,0.009391000006871764,0.05014849999861326,0.059539500005485024,403362.47361478594
1445,164,158,25912,27.285542379510893,1.5844190656707058,0.09451612514961677,0.042370086323796394,0.009098700000322424,0.05120280000119237,0.060301500001514796,429707.3870359623
1446,182,158,28756,36.50303557303856,0.7584999663313146,0.06950085063786236,0.030375222494476994,0.009798400002182461,0.058910799998557195,0.06870920000073966,418517.46199476114
1447,246,158,38868,32.88017666794477,0.7396272873830128,0.07781458408962294,0.0344139337383123,0.01492339999822434,0.08275619999767514,0.09767959999589948,397913.1773843428
1448,230,158,36340,38.005107952025824,1.0399018031151044,0.06288835806284758,0.027527554740175132,0.014127199996437412,0.09427789999608649,0.1084050999925239,335224.08080898563
1449,178,158,28124,39.32362088598788,0.6624720274140133,0.0684382004129355,0.029660110217383143,0.011070499997003935,0.07107740000355989,0.08214790000056382,342358.1126213448
1450,176,158,27808,30.15835174287658,1.4979937306684437,0.07866057211839177,0.03526715666588499,0.009115200002270285,0.06124820000695763,0.07036340000922792,395205.46187866246
1451,245,158,38710,43.67537288736854,0.879361562863265,0.06141271460241269,0.026776930915753217,0.014449700000113808,0.1194926000025589,0.1339423000026727,289005.0417174229
1452,153,158,24174,31.76439234640442,0.9577204534157766,0.077691185717874,0.03451982637244736,0.01090190000104485,0.0753779999940889,0.08627989999513375,280181.1314264786
1453,156,158,24648,27.323223883415515,1.2983950616302378,0.09635948638063266,0.04330764896133862,0.009531900002912153,0.05608500000380445,0.0656169000067166,375634.93547359
1454,150,158,23700,33.500638809562886,1.5504722794885808,0.06575639960068923,0.02919742735655932,0.009462900001381058,0.06988519999868004,0.0793481000000611,298683.9004334288
1455,179,158,28282,27.119636245149785,1.226632478127811,0.09805770146870585,0.044322792355585124,0.0130700000008801,0.07748789999459404,0.09055789999547414,312308.4789003882
1456,232,158,36656,42.70903999414387,1.0079864220118715,0.059925442229962746,0.02603367669626616,0.014501500001642853,0.07841750000079628,0.09291900000243913,394494.1292850523
1457,158,158,24964,38.316745791908495,1.2985603606183047,0.05905763508313619,0.026046883333890943,0.011013800001819618,0.06200839999655727,0.07302219999837689,341868.6372165573
1458,190,158,30020,41.84667202626768,1.5262104907493022,0.053911343987962566,0.024023267301443527,0.016084000002592802,0.08270189999893773,0.09878590000153054,303889.5226903322
1459,243,158,38394,44.87582821649302,1.7142351149904522,0.05100733990781237,0.02302839998253155,0.01227410000137752,0.1014288000005763,0.11370290000195382,337669.48775572353
1460,202,158,31916,36.80135030067204,0.9983250336085627,0.06492205437584597,0.02847416523904088,0.012852799998654518,0.07034359999670414,0.08319639999535866,383622.3682969518
1461,197,158,31126,42.35903234060138,1.4460932779607314,0.05449748567851583,0.02411903467236639,0.014037399996595923,0.07296759999735514,0.08700499999395106,357749.5546481697
1462,226,158,35708,37.100522475895836,1.9067170203168042,0.055559682162812235,0.024982787125641056,0.011943600002268795,0.07663460000185296,0.08857820000412175,403124.01920944906
1463,207,158,32706,40.14630512089429,0.691906376495638,0.06689096077384299,0.029084639494801296,0.011147899997013155,0.10837139999784995,0.1195192999948631,273646.18100512377
1464,196,158,30968,35.581654581278954,0.38192440792817894,0.0798535650047424,0.03597371304205184,0.012532200002169702,0.0691450000012992,0.0816772000034689,379151.0972301299
1465,204,158,32232,41.649345113307646,1.6332759832644912,0.05308639153194468,0.02372662525141131,0.009891000001516659,0.07933910000429023,0.08923010000580689,361223.3988071561
1466,193,158,30494,28.716470584092495,0.9004934148245889,0.09255168474980172,0.041235777565571764,0.012954800004081335,0.08132199999818113,0.09427680000226246,323451.7930102443
1467,240,158,37920,31.40796090560522,1.2120959606219617,0.07593758378097082,0.03381867452544004,0.016658500004268717,0.07902540000213776,0.09568390000640647,396304.9164745697
1468,180,158,28440,29.133661169441986,0.6358167625809024,0.09447522823513115,0.04252761840421398,0.012929099997563753,0.0710657000017818,0.08399479999934556,338592.38905529375
1469,170,158,26860,41.160142148358474,0.7933906392793064,0.06422890498850749,0.027816095221222147,0.010969399998430163,0.06202109999867389,0.07299049999710405,367993.0950064144
1470,157,158,24806,25.678432668513075,1.376627139122194,0.1074121895592507,0.04854804535035358,0.009273600000597071,0.05787830000190297,0.06715190000250004,369401.3125328767
1471,236,158,37288,35.984241841275164,1.1172651777550142,0.06490869498617546,0.028397091389551564,0.014576200002920814,0.07507089999853633,0.08964710000145715,415942.0661615815
1472,213,158,33654,32.609379154431466,0.9979122977350163,0.07467619601968657,0.03287238770835695,0.012584700001752935,0.07767099999909988,0.09025570000085281,372873.95698755875
1473,199,158,31442,37.99529914535723,1.5370003481428616,0.05711304763344079,0.025254179453703743,0.012524899997515604,0.0782416000001831,0.0907664999976987,346405.33677950763
1474,227,158,35866,31.48401018788519,1.554641793731532,0.07240667429132364,0.032238687285196896,0.014869799997541122,0.08775949999835575,0.10262929999589687,349471.34981368796
1475,233,158,36814,42.17242454102124,1.6463223690472009,0.05269151855426637,0.023743773424968924,0.011563600004592445,0.086903399998846,0.09846700000343844,373871.4493049901
1476,171,158,27018,32.04706874926873,1.3853454752450636,0.07168116608958978,0.03194778865887799,0.009384500001033302,0.061683599997195415,0.07106809999822872,380170.56880194333
1477,213,158,33654,39.74267956669985,1.1187097464426237,0.05998587664588645,0.026248803180071643,0.011042700003599748,0.06915809999918565,0.0802008000027854,419621.7493944099
1478,180,158,28440,29.54822107395725,0.9131804377323389,0.08807170508585273,0.03915408494935355,0.00894210000114981,0.05785000000469154,0.06679210000584135,425798.85940871394
1479,197,158,31126,28.986252827299108,1.9417738431993097,0.0816491990638698,0.03659050448300609,0.011648299994703848,0.07079630000225734,0.08244459999696119,377538.3712353176
1480,180,158,28440,30.21570325496667,1.638484084664467,0.07728268894859422,0.034463190200136794,0.010435500000312459,0.057839199995214585,0.06827469999552704,416552.54438120156
1481,173,158,27334,26.169224774000753,1.9179740231744025,0.09996414725318287,0.04535284428823967,0.010629399999743327,0.0879685999971116,0.09859799999685492,277226.7186035406
1482,250,158,39500,26.51550718926688,1.5530958974347815,0.09923258229230922,0.04496770174846685,0.014986200003477279,0.07893830000102753,0.09392450000450481,420550.54855874134
1483,203,158,32074,39.90351582440403,1.5243721491194584,0.05537194490561401,0.024602420254043203,0.010624999995343387,0.07056359999842243,0.08118859999376582,395055.4634821003
1484,202,158,31916,28.814624220234123,0.7511843243747478,0.09455053843035176,0.04222490528756263,0.01289330000145128,0.22256989999732468,0.23546319999877596,135545.59693474782
1485,215,158,33970,41.584946450681855,1.037721829841805,0.05986381197190955,0.02607822067092884,0.01083650000509806,0.4470404000021517,0.4578769000072498,74190.24632922547
1486,230,158,36340,32.416337036988324,0.9402337756849526,0.07584576818830446,0.033381914036624,0.03195599999889964,0.32573340000089956,0.3576893999997992,101596.52480621568
1487,193,158,30494,30.760160669970855,0.9731138037999894,0.08157603775483081,0.03626563233236567,0.013721000002988148,0.13929339999594958,0.15301439999893773,199288.43298546868
1488,207,158,32706,32.63637361495448,0.39792278294185107,0.08662829326235925,0.03905014945690496,0.01308430000062799,0.07974150000518421,0.0928258000058122,352337.3889366119
1489,160,158,25280,36.40776251480546,0.3833918901052703,0.07867321560278463,0.035209405122264635,0.009237999998731539,0.06229420000454411,0.07153220000327565,353407.2767067469
1490,236,158,37288,35.21358641113109,0.6917414094022697,0.07317165452059989,0.03213409767520831,0.015802100002474617,0.12499219999881461,0.14079430000128923,264840.26696860994
1491,222,158,35076,40.852991438585974,1.2995947492057496,0.05689579014169831,0.025126976446557543,0.014806399994995445,0.09724999999889405,0.1120563999938895,313020.9430421887
1492,249,158,39342,42.60305803235923,1.2605080842475476,0.056419827160806575,0.024822545480577267,0.01697530000092229,0.12402550000115298,0.14100080000207527,279019.6935011784
1493,166,158,26228,38.220328633421275,1.9892548613077536,0.05333690915895888,0.024122842942845474,0.012168799999926705,0.07118089999858057,0.08334969999850728,314674.1979931508
1494,249,158,39342,37.647008720351,0.3630411234429285,0.07729946902213795,0.034771690374864696,0.015903999999864027,0.10389220000070054,0.11979620000056457,328407.74582010607
1495,188,158,29704,30.29559021912642,0.8305852636814279,0.08572131389117416,0.03820240354208433,0.0101379999978235,0.08997629999794299,0.10011429999576649,296700.8709171026
1496,168,158,26544,32.9361515498187,0.9825698239107359,0.07378383618313913,0.03239966823286631,0.010970700001053046,0.05934300000080839,0.07031370000186143,377508.2238496522
1497,210,158,33180,36.83044534589102,0.953203950590706,0.06567175133050328,0.02861954856709299,0.012899599998490885,0.08227069999702508,0.09517029999551596,348638.1781034977
1498,196,158,30968,43.495532014818394,1.9262668435049026,0.0499132365057514,0.022703563195949197,0.013399999996181577,0.07372519999626093,0.0871251999924425,355442.51264486345
1499,203,158,32074,44.63428360236347,0.8766618296980109,0.06125944947583696,0.026633647144597625,0.01213129999814555,0.07132550000096671,0.08345679999911226,384318.5935758521
1500,202,158,31916,29.243168797948968,1.0291494560268262,0.08750994786738168,0.03921157805980297,0.01266399999440182,0.06873540000378853,0.08139939999819035,392091.34220534243
1501,164,158,25912,43.154104417852956,0.5175137699106017,0.06928383128246796,0.030389442156534732,0.008242299998528324,0.06210550000105286,0.07034779999958118,368341.2985218339
1502,177,158,27966,31.3762653364242,0.6759993205110968,0.08372850397518927,0.037217862314554755,0.012068700001691468,0.07871680000243941,0.09078550000413088,308044.78687375743
1503,202,158,31916,36.46399965067711,0.6519478117785886,0.071923482003713,0.03141713092554832,0.01297799999883864,0.06378989999939222,0.07676789999823086,415746.68579882366
1504,213,158,33654,35.86067468600277,1.8519075346197218,0.0578991477662068,0.026015658598539305,0.012319199995545205,0.08074259999557398,0.09306179999111919,361630.6583712283
1505,221,158,34918,31.524081335272705,1.5193578509982524,0.0724175580639751,0.03233646781604977,0.014912499995261896,0.08471899999858579,0.09963149999384768,350471.48745282576
1506,238,158,37604,31.310756510274377,1.1004465630053695,0.07772636043294558,0.03444615341778719,0.015127500002563465,0.08079559999896446,0.09592310000152793,392022.3595713756
1507,221,158,34918,29.51033656172733,1.448344428990368,0.0821396684284586,0.03661151234442542,0.01379859999724431,0.07602159999805735,0.08982019999530166,388754.4227448447
1508,182,158,28756,26.91348824778444,0.5779762398096204,0.10919696699021803,0.04965517594208026,0.011067899999034125,0.0566086999970139,0.06767659999604803,424903.1423221498
1509,189,158,29862,35.346141357708696,0.7575515271955812,0.07136412811218665,0.03137101859556943,0.010326099996746052,0.07595020000007935,0.0862762999968254,346120.54528414865
1510,185,158,29230,28.42608100632394,1.1773166015445429,0.09052419422506804,0.04062104757825523,0.01095510000595823,0.06495520000316901,0.07591030000912724,385059.7349303779
1511,249,158,39342,37.51979093598443,1.221054563354891,0.06091990235130008,0.026849399565789942,0.014559000002918765,0.09589350000169361,0.11045250000461238,356189.3121328817
1512,204,158,32232,43.066427784961164,1.2397237017110294,0.05631411921301243,0.024754597180806977,0.012147900000854861,0.06655719999980647,0.07870510000066133,409528.7344750107
1513,229,158,36182,39.646048977255816,1.4882538147922177,0.0558140537792912,0.024820058172108448,0.012974999997823033,0.08255099999951199,0.09552599999733502,378765.99042155436
1514,226,158,35708,32.70978514766922,0.5250235569292542,0.0831375732094613,0.03700734925347581,0.011699599999701604,0.08413589999690885,0.09583549999661045,372596.7934769781
1515,179,158,28282,32.36780131304521,1.295019156647773,0.07185335356786202,0.031747639046853855,0.012130199997045565,0.14546379999956116,0.15759399999660673,179461.14700184626
1516,169,158,26702,38.81406593429901,0.44167982588833615,0.0738427068046545,0.032839858850191826,0.0103986000031,0.15067419999832055,0.16107280000142055,165775.9721055604
1517,161,158,25438,32.21837239726912,1.0176033591125888,0.07524447481617828,0.03326242399972428,0.008703400002559647,0.0675554999979795,0.07625890000053914,333574.17953603
1518,210,158,33180,27.797481874618622,1.7748991867333495,0.08969552489881437,0.04026038057006262,0.01337010000133887,0.07567080000444548,0.08904090000578435,372637.7428557498
1519,191,158,30178,41.81412308255668,0.8095516523734749,0.06364579503120354,0.02748050107857654,0.01153360000171233,0.06725979999464471,0.07879339999635704,383001.6219809687
1520,229,158,36182,30.397264830233972,1.2864729513080966,0.07960048347582517,0.03534204231400915,0.014112199998635333,0.08863819999533007,0.1027503999939654,352134.88222065306
1521,208,158,32864,35.223001887885914,0.3254833605024225,0.08225015992107874,0.03752607762458116,0.01417829999991227,0.07680119999713497,0.09097949999704724,361224.2318441694
1522,189,158,29862,40.21231729338993,1.4051158271341657,0.056241056877211995,0.024907126418949547,0.01351490000524791,0.06690900000103284,0.08042390000628075,371307.5341741436
1523,171,158,27018,35.061913716231984,1.375448459547296,0.06351435305424809,0.027999033442062112,0.011883200000738725,0.06458349999593338,0.0764666999966721,353330.27319311345
1524,152,158,24016,28.936383351444526,1.0867351195876265,0.08872244878342699,0.039678991391384935,0.008570400001190137,0.04825089999940246,0.0568213000005926,422658.4045023527
1525,211,158,33338,37.01225064118866,0.4233719344970134,0.07669990926651515,0.034251715156099274,0.010348700001486577,0.07321589999628486,0.08356459999777144,398948.837197678
1526,231,158,36498,37.672426036580916,0.5872653163166973,0.07156079038492347,0.031429581847304225,0.01423330000397982,0.08539210000162711,0.09962540000560693,366352.35590467777
1527,206,158,32548,28.374529284562083,1.1566939191858954,0.09061162185176289,0.04072564121702367,0.011967200000071898,0.0720491999963997,0.08401639999647159,387400.5551459823
1528,201,158,31758,41.62142073457028,1.1319670665915964,0.05838533354855072,0.025594167847626133,0.012598699999216478,0.07831000000442145,0.09090870000363793,349339.5021458796
1529,231,158,36498,34.81445493908442,1.474291872693939,0.06310733245572495,0.027994361571819833,0.013603399995190557,0.08510229999956209,0.09870569999475265,369765.879801676
1530,240,158,37920,27.386198196225113,0.8267037565567454,0.10101173246529647,0.04562432931369449,0.01554290000058245,0.07697290000214707,0.09251580000272952,409875.9346931144
1531,176,158,27808,37.148866117840456,1.6278436844696371,0.05750385288851702,0.025650626046328374,0.011985600001935381,0.06924479999725008,0.08123039999918547,342334.8894044452
1532,221,158,34918,28.054695720534653,1.1426790505371138,0.0930783260821407,0.041723292684190554,0.012491000001318753,0.08519610000075772,0.09768710000207648,357447.40092865657
1533,161,158,25438,44.88109803803518,0.46411242817941106,0.06997992441240532,0.030914126858169126,0.010467000000062399,0.06661329999769805,0.07708029999776045,330019.47320831777
1534,222,158,35076,27.099458358593612,0.7324848896563547,0.10481721929317411,0.047409001682214166,0.01276779999898281,0.08134200000495184,0.09410980000393465,372713.57497873233
1535,237,158,37446,32.23648573833629,1.8352074406056162,0.06761801140169466,0.030245907717475814,0.01548449999972945,0.07792429999972228,0.09340879999945173,400883.0003192396
1536,214,158,33812,44.64749110887197,1.2411391226914459,0.05588539801001139,0.024526152973131723,0.01248430000123335,0.07645729999785544,0.0889415999990888,380159.5653816257
1537,246,158,38868,32.24442702397409,0.615514799363327,0.08244980014349337,0.03666284069861782,0.016046800003095996,0.08545840000442695,0.10150520000752294,382916.34317374224
1538,213,158,33654,33.87692738593344,0.41180960152013973,0.08295508033145337,0.03736435646651812,0.010623099995427765,0.08039809999900172,0.09102119999442948,369738.0390728713
1539,216,158,34128,41.69095418186163,0.43948127617827143,0.07169406598189618,0.03182162577345981,0.013034399999014568,0.07052720000501722,0.08356160000403179,408417.2634123012
1540,196,158,30968,37.26430685020851,1.846038463296187,0.055450093262393016,0.024857724790797904,0.011485400005767588,0.0661203999989084,0.07760580000467598,399042.33959490247
1541,173,158,27334,25.84217881394985,1.0009557057962921,0.10995202264727498,0.05003133110813498,0.009804799999983516,0.06787130000157049,0.077676100001554,351897.1729972688
1542,194,158,30652,36.761047357449726,0.9532345010870573,0.06578315394244594,0.028726515414872856,0.010899299995799083,0.07520289999956731,0.08610219999536639,355995.54949408426
1543,247,158,39026,28.711059966425477,1.0556649626572534,0.09039314168651161,0.04042754460478189,0.01205090000439668,0.09005919999617618,0.10211010000057286,382195.2970350735
1544,218,158,34444,32.25686821031429,1.5235837444214564,0.06988811073137492,0.031275525238085446,0.012270600003830623,0.07203089999529766,0.08430149999912828,408581.1047295264
1545,191,158,30178,44.0341234338454,0.9996615716098967,0.05930154066306383,0.025917687833293034,0.011279999998805579,0.06699590000062017,0.07827589999942575,385533.73388516
1546,214,158,33812,28.469398996638244,0.8576754069578985,0.09502146687505736,0.042416655559909,0.012129500006267335,0.07503580000047805,0.08716530000674538,387906.6554854216
1547,155,158,24490,30.948746812173734,0.7035492156473551,0.08523600507702017,0.03788341275452019,0.010249500002828427,0.05597410000336822,0.06622360000619665,369807.7422204234
1548,228,158,36024,25.267750435521826,1.7269713289070452,0.10768986194888945,0.04915290053614851,0.012717400000838097,0.07149800000479445,0.08421540000563255,427760.2433473049
1549,156,158,24648,29.128942930318278,0.9366920916284427,0.08998623142162439,0.04024447971812586,0.008738399999856483,0.056926600002043415,0.0656650000018999,375359.78069423366
1550,171,158,27018,25.75456205516501,1.4288997686512372,0.10571198163566976,0.04808684279216956,0.01104029999987688,0.06787299999996321,0.07891329999984009,342375.74654785375
1551,215,158,33970,36.94261599866495,1.7544930457569914,0.05674466716400682,0.0254034411164719,0.014959100000851322,0.10075219999998808,0.1157113000008394,293575.4762046021
1552,185,158,29230,37.30144231146941,1.3577985204510006,0.059640919902110054,0.026400177307180184,0.01179000000411179,0.07737069999711821,0.08916070000123,327835.021479158
1553,163,158,25754,44.577997416828936,1.9705802769993288,0.04905881322640701,0.022439034901525157,0.008917200000723824,0.06553229999553878,0.0744494999962626,345925.7617753358
1554,214,158,33812,39.01877841332297,1.1747168216353563,0.059959634767045314,0.026278531505987218,0.013650399996549822,0.10362210000312189,0.11727249999967171,288319.9386053393
1555,154,158,24332,26.47449840852252,0.4456433609452751,0.11558376093735931,0.05312451126612699,0.009708899997349363,0.06325890000152867,0.07296779999887804,333462.15728546196
1556,179,158,28282,33.98186322517467,0.9666467351522903,0.07098235699486606,0.03130461096559872,0.01164979999884963,0.1153476999970735,0.12699749999592314,222697.2971980386
1557,152,158,24016,33.22272856440406,1.184029937247739,0.06990146301328178,0.030903441735028372,0.01019079999969108,0.062404399999650195,0.07259519999934128,330820.7705222648
1558,193,158,30494,26.506145079554674,0.6680938925763025,0.11017648908022405,0.04995115106197686,0.015943200000037905,0.23049259999970673,0.24643579999974463,123740.1384053437
1559,169,158,26702,27.005867751688196,0.3368561328173895,0.11492806155224397,0.053434105064093435,0.012412900003255345,0.12902150000445545,0.1414344000077108,188794.23958064124
1560,180,158,28440,31.671347821495146,1.6889997420111258,0.07090965616058605,0.03149717077176969,0.010495000002265442,0.06682110000110697,0.07731610000337241,367840.592046928
1561,196,158,30968,38.62939001260345,1.162433643930684,0.06033484644217908,0.026564036024521162,0.012916300001961645,0.12920889999804785,0.1421252000000095,217892.39346715383
1562,245,158,38710,43.65209722355928,1.7693409530878768,0.05108482840105692,0.023046093557201636,0.015476299995498266,0.290211299994553,0.30568759999005124,126632.54905092597
1563,155,158,24490,41.49031499428551,1.3470535678191748,0.056033771036571395,0.02474869073358576,0.010658100000000559,0.07363299999997253,0.08429109999997308,290540.7569720625
1564,215,158,33970,38.00018853839468,1.9061577913347965,0.05409529067241365,0.02446847745716366,0.01364570000441745,0.10096520000661258,0.11461090001103003,296394.14747402526
1565,165,158,26070,38.22997319834581,1.4622539361486864,0.05750948674823262,0.025462279496674366,0.01238319999538362,0.28235520000453107,0.2947383999999147,88451.3181859152
1566,243,158,38394,39.742932784293174,0.8810098574667533,0.06353400004964063,0.02774627674404316,0.015548099996522069,0.10502390000328887,0.12057199999981094,318432.1401325366
1567,250,158,39500,41.866372213389006,1.4449103276804498,0.05458835879576913,0.024181411053345127,0.0152959999977611,0.10445620000245981,0.11975220000022091,329847.80237796996
1568,217,158,34286,33.93034790919732,1.9434440265890918,0.06202026641305868,0.02765377886601144,0.011867199995322153,0.3399573000060627,0.3518245000013849,97451.99666272542
1569,152,158,24016,42.39156434074633,1.003216621536196,0.05999070923200321,0.026190780201859797,0.01031890000012936,0.06345860000146786,0.07377750000159722,325519.2978818756
1570,189,158,29862,42.06579999666523,1.252239946264933,0.05668133853059547,0.02493096010596992,0.012382100001559593,0.06506700000318233,0.07744910000474192,385569.36101480405
1571,155,158,24490,36.88410312404338,1.5884741409167011,0.05810247881307,0.025913452288170623,0.009352799999760464,0.06257989999721758,0.07193269999697804,340457.12174058316
1572,203,158,32074,40.69737655858263,1.434169930767148,0.055758514771495064,0.024679715952598432,0.014015000000654254,0.3004796000022907,0.31449460000294494,101985.85285629597
1573,164,158,25912,43.701371532150986,1.9568519002151763,0.04952356606845284,0.022561528366920023,0.010852100000192877,0.06060750000324333,0.07145960000343621,362610.48198917985
1574,204,158,32232,28.947735660961293,1.6351045540356588,0.08375043107947981,0.037513657275759754,0.012767600004735868,0.06562510000367183,0.0783927000084077,411160.7330343652
1575,242,158,38236,27.38324845740085,1.5570072122242038,0.09361738419368645,0.04208729012411033,0.013761700000031851,0.10268519999954151,0.11644689999957336,328355.6711268406
1576,177,158,27966,35.031422256081164,0.7228882237533336,0.07284649556907621,0.03193237931499125,0.011614999995799735,0.09042700000281911,0.10204199999861885,274063.62086570746
1577,241,158,38078,35.60636451635465,1.601988345787407,0.0603841457483893,0.02695960607642984,0.014363300004333723,0.0816978000002564,0.09606110000459012,396393.5453391696
1578,154,158,24332,26.549079821662293,0.4423883816498362,0.11490205134530082,0.052807100156685736,0.009538699996483047,0.05464439999923343,0.06418309999571647,379102.91029295715
1579,186,158,29388,35.30876531592233,1.5118740254489673,0.06164183573059523,0.027352594207183074,0.012630999997782055,0.06541119999747025,0.0780421999952523,376565.49920155783
1580,232,158,36656,44.22255254650316,1.3849654246749923,0.05445043259162375,0.024116408446051608,0.014106400005402975,0.07462220000161324,0.08872860000701621,413124.9675651529
1581,207,158,32706,43.4780365067172,0.6474215795916861,0.06625993047136089,0.02856131341773917,0.014831000000413042,0.08823839999968186,0.1030694000000949,317320.174561702
1582,235,158,37130,33.21368928351011,1.2847384433782556,0.06925400588947912,0.03049566454314775,0.013559800005168654,0.07558660000358941,0.08914640000875806,416505.8824175986
1583,182,158,28756,43.8253741837097,1.1088475753055052,0.05780977971565514,0.025368777402058125,0.010381200001575053,0.07268399999884423,0.08306520000041928,346185.8877105557
1584,194,158,30652,32.8352000203185,1.275367664723889,0.07041934811681223,0.031215518985693934,0.01236070000595646,0.09196779999911087,0.10432850000506733,293802.7480363583
1585,203,158,32074,38.506421388061895,1.1029931240725825,0.06140009545771994,0.026817050493704545,0.011843799999041948,0.06627920000028098,0.07812299999932293,410557.7102809413
1586,171,158,27018,38.484724986283005,1.450543623574028,0.057375936252540054,0.02545033440965609,0.00907770000048913,0.0690623999980744,0.07814009999856353,345763.57082338876
1587,240,158,37920,37.93068380632586,1.9690323965517083,0.05393867824387885,0.024379808722984474,0.015536400002019946,0.07995569999911822,0.09549210000113817,397100.9120078837
1588,236,158,37288,40.3801211404114,1.2453064703162324,0.05769738588330869,0.025402352716921303,0.013560300001699943,0.08058429999800865,0.09414459999970859,396071.57500393456
1589,202,158,31916,40.487979599418125,1.4490509050873905,0.055530485014735606,0.024577308286132457,0.012606800002686214,0.07516639999812469,0.0877732000008109,363618.96341599873
1590,247,158,39026,40.890854301780266,1.8880000508501773,0.05154643612633422,0.023390651289852713,0.015700700001616497,0.198572499997681,0.2142731999992975,182131.96984096913
1591,154,158,24332,28.89847240221759,1.9618460217172249,0.08164852772433205,0.0368833181507406,0.010434199997689575,0.04985070000111591,0.060284899998805486,403616.8261120467
1592,162,158,25596,33.596375916012775,1.5457364983955237,0.06566374247107777,0.029132943646120492,0.011841899999126326,0.06255790000432171,0.07439980000344804,344033.1828689561
1593,211,158,33338,40.047926098669144,1.4596125068226216,0.05568789191035672,0.024796704833147696,0.012315700005274266,0.082088000002841,0.09440370000811527,353142.9382231221
1594,181,158,28598,44.701538026879376,0.892477904206521,0.060996131312128186,0.02642875484025928,0.011175100000400562,0.06787859999894863,0.07905369999934919,361754.0987991129
1595,190,158,30020,32.724744530996645,1.0642393703782793,0.07316506199785221,0.03238409962146235,0.012197999996715225,0.06414129999757279,0.07633929999428801,393244.37088427856
1596,225,158,35550,34.69059808664324,0.7934293715568947,0.07224144577107065,0.031671869003280416,0.01518930000020191,0.08398500000475906,0.09917430000496097,358459.8025720544
1597,190,158,30020,28.621080021388963,1.7779407328811176,0.08448518040168797,0.03785348881301672,0.013434100001177285,0.06615020000026561,0.0795843000014429,377210.077860278
1598,241,158,38078,33.95984559756118,0.500478217911487,0.08045188284692423,0.03554523010914726,0.01440089999960037,0.07740819999889936,0.09180909999849973,414751.9145773375
1599,247,158,39026,41.837044072887885,1.8353567775336501,0.05136363405052529,0.02315052912963831,0.015524100002949126,0.10259180000139168,0.1181159000043408,330404.28933416907
1600,185,158,29230,40.86390401373512,0.5437296297087818,0.06994164371833979,0.03053440914367532,0.012629199998627882,0.06588159999955678,0.07851079999818467,372305.46626293275
1601,232,158,36656,27.575608859385525,1.8179674963963628,0.09064480017265264,0.04093548923193654,0.014676599996164441,0.07743610000034096,0.0921126999965054,397947.2971847603
1602,194,158,30652,43.15945319018427,1.6988583632493486,0.051751164423365276,0.02331983566413631,0.012759500001266133,0.08204680000199005,0.09480630000325618,323311.8474083182
1603,244,158,38552,43.63851906908167,0.35941894653565865,0.07352139069218416,0.032827486469403686,0.015831700002308935,0.1013089999978547,0.11714070000016363,329108.4994365421
1604,156,158,24648,43.320113843869606,1.1200421962304965,0.05776784870712817,0.025252979474842292,0.009962500000256114,0.051284200002555735,0.06124670000281185,402438.00888649357
1605,185,158,29230,42.39119867359527,1.5802099538945578,0.05323416440740185,0.023763299439753995,0.012356299994280562,0.08663499999966007,0.09899129999394063,295278.4739849785
1606,207,158,32706,38.810921973338665,1.1513771205740324,0.06037647462889214,0.026324365558780195,0.014046899996174034,0.07682750000094529,0.09087439999711933,359903.33912561473
1607,227,158,35866,34.916311441046346,0.855565564452889,0.07063161558552926,0.03109710961177294,0.014164700005494524,0.09078969999973197,0.10495440000522649,341729.3605433784
1608,180,158,28440,30.198704457898923,0.9488278972990962,0.08430982530193386,0.037678877529050574,0.0108098000055179,0.09472939999977825,0.10553920000529615,269473.3331176741
1609,210,158,33180,25.78049491719943,0.7961228421731024,0.1126811974599949,0.0514773325973633,0.013452299994241912,0.07507800000166753,0.08853029999590944,374786.93737096887
1610,151,158,23858,37.508029399854195,1.9997058693410805,0.05446916307075932,0.02450365460507164,0.009964000004401896,0.05403850000584498,0.06400250001024688,372766.6887415383
1611,229,158,36182,25.862525678427346,1.8563233031529658,0.10295486163901336,0.04653145854606753,0.012670899996010121,0.1833377000002656,0.19600859999627573,184593.94128975706
1612,191,158,30178,32.22413407496897,0.4245982179115608,0.0871950596349765,0.039482040966664224,0.011479399996460415,0.07010079999599839,0.0815801999924588,369918.19096777926
1613,228,158,36024,44.87284659491026,0.432738595031629,0.07098864233705056,0.03144775992695356,0.01715140000305837,0.08417290000215871,0.10132430000521708,355531.69376097503
1614,153,158,24174,26.938643376897712,0.7386617822755016,0.10570087535207501,0.04786342625365643,0.011068400002841372,0.057998899996164255,0.06906729999900563,350006.44299615064
1615,163,158,25754,36.57711730825513,1.7846617323565026,0.05699121480007718,0.0255858854481881,0.011011800001142547,0.07208589999936521,0.08309770000050776,309924.3420677424
1616,153,158,24174,25.577851697549157,1.5260057932139175,0.10694909639842788,0.04860856737009295,0.009691899998870213,0.05876680000073975,0.06845869999960996,353118.0112993342
1617,244,158,38552,44.284033211770335,0.7052833673220497,0.0647417506072554,0.027996607906027052,0.01630009999644244,0.08191519999672892,0.09821529999317136,392525.400855879
1618,181,158,28598,33.490922768358736,1.3792913051144033,0.06734309301967444,0.029816221806187846,0.01184839999768883,0.08382239999627927,0.0956707999939681,298920.8828796567
1619,173,158,27334,38.668946223983156,1.783731941201192,0.05420608021116996,0.02441653897176753,0.011600799996813294,0.07504920000064885,0.08664999999746215,315452.971734571
1620,201,158,31758,44.573867997695395,1.5322080372636078,0.05279750707989804,0.02355486940615362,0.012806600003386848,0.08046299999841722,0.09326960000180406,340496.7963772303
1621,168,158,26544,43.473438308853545,0.32541436165822185,0.07424782286570396,0.033731188061858576,0.015026699998998083,0.07120949999807635,0.08623619999707444,307805.7706728787
1622,221,158,34918,30.44654059084345,0.5923173464720737,0.08993569756247335,0.040163322190655555,0.015810299999429844,0.09014569999999367,0.10595599999942351,329551.88946534396
1623,163,158,25754,41.26776132544565,1.647590581584175,0.05314942285870681,0.023800143212755823,0.00797700000111945,0.07991549999860581,0.08789249999972526,293017.03785966383
1624,169,158,26702,25.161504402990793,0.4881410998084589,0.12403845757642602,0.057421990454859705,0.010795600006531458,0.062070200001471676,0.07286580000800313,366454.4957588775
1625,173,158,27334,39.52724803961503,0.3191137641036758,0.07695219956172103,0.03505210188136698,0.00987149999855319,0.06542620000254828,0.07529770000110148,363012.4160445824
1626,217,158,34286,32.82513047289072,1.9616932095154154,0.06509105564670326,0.029070393304827857,0.015077999996719882,0.09270760000072187,0.10778559999744175,318094.4393389633
1627,199,158,31442,38.51294891220593,1.0903601644281449,0.061467903121306525,0.026829007241999953,0.012658100000408012,0.10824589999538148,0.12090399999578949,260057.56634267664
1628,167,158,26386,38.95239877362767,0.39139615857560184,0.07524815552724648,0.0336325970666181,0.010581400005321484,0.08202449999953387,0.09260590000485536,284927.8501544348
1629,228,158,36024,34.34929468887082,0.7569587710148226,0.07370024435410863,0.03227423059365874,0.012415699995472096,0.07631519999995362,0.08873089999542572,405991.5993397691
1630,166,158,26228,25.21246595872534,1.6501843979005137,0.10842885229033213,0.049586125958639427,0.01004589999502059,0.060265300002356526,0.07031119999737712,373027.34131942573
1631,170,158,26860,40.300877782460276,1.068165329060869,0.06017155432541263,0.026311462442901844,0.009664100005466025,0.06451509999897098,0.07417920000443701,362096.11317449337
1632,240,158,37920,36.39689203023764,1.1626587821098322,0.063279978858647,0.027858887707752168,0.016274499997962266,0.08753509999951348,0.10380959999747574,365284.13558015897
1633,183,158,28914,25.18624925395839,0.3168786705795221,0.12872679629156455,0.060694223764197745,0.011690799998177681,0.07062820000282954,0.08231900000100723,351243.33385544305
1634,226,158,35708,27.94799547561351,1.5330094897640567,0.0902508973551347,0.04047285895409007,0.01304149999486981,0.08584060000430327,0.09888209999917308,361116.92612008256
1635,244,158,38552,41.36008460121441,0.8691216397727406,0.0626588759831751,0.02717847242331813,0.01508299999841256,0.08426419999887003,0.09934719999728259,388053.2113743971
1636,204,158,32232,35.595095040382496,1.9104603184788869,0.05794725080045448,0.025998127616739922,0.011600899997574743,0.06635419999656733,0.07795509999414207,413468.7788537513
1637,224,158,35392,43.49051407783321,1.8659951401697992,0.050415573989267985,0.022813001058113493,0.012349399999948218,0.0846079999973881,0.09695739999733632,365026.28990641574
1638,246,158,38868,27.379849306228472,1.7479538877132983,0.09314127976848514,0.04155794696202885,0.014649100005044602,0.11941989999468205,0.13406899999972666,289910.4192623145
1639,166,158,26228,25.084150404413574,0.6249660565437889,0.11988674968193822,0.05576237566801685,0.012650100004975684,0.07244270000228425,0.08509280000725994,308228.1931933405
1640,150,158,23700,26.290327158274867,1.7821172572228567,0.10028428392659314,0.04509680920573392,0.009988100006012246,0.05444529999658698,0.06443340000259923,367821.6576968458
1641,200,158,31600,33.65544281259707,0.49482129521068763,0.08129045518713333,0.0358536693005234,0.014548500003002118,0.09408670000266284,0.10863520000566496,290881.7767938216
1642,150,158,23700,38.17419481071645,1.4044012415361158,0.05813115028449882,0.02578012061889634,0.00983020000421675,0.051146300000254996,0.060976500004471745,388674.32532634615
1643,244,158,38552,38.98516076654748,1.6651958434181002,0.05497285041315779,0.024502912353998395,0.016010999999707565,0.07834639999782667,0.09435739999753423,408574.2082868694
1644,202,158,31916,44.82022458039503,0.9674607250872829,0.05980349930274899,0.025856840844214652,0.014131299998553004,0.08606690000306116,0.10019820000161417,318528.67615871184
1645,211,158,33338,38.636941976772675,0.3130620011846544,0.07799963380832996,0.03559897628948453,0.013754999999946449,0.08418439999513794,0.09793939999508439,340394.1621214062
1646,242,158,38236,39.01791468391622,1.167185523930547,0.0599570059474298,0.02629915201155783,0.015865400004258845,0.08128810000198428,0.09715350000624312,393562.76405423315
1647,228,158,36024,25.11287752601701,0.3147546192488495,0.1290765704699596,0.06118655505706177,0.014719200000399724,0.07723580000310903,0.09195500000350876,391756.8375686523
1648,193,158,30494,39.78198293775196,1.508353882435292,0.055677856712813084,0.0246916895462028,0.011907500003871974,0.06528880000405479,0.07719630000792677,395018.93221396336
1649,246,158,38868,37.59097046835298,1.1309191352203245,0.06220417731205119,0.027162733962826546,0.01601959999970859,0.08423719999700552,0.10025679999671411,387684.42640572897
1650,219,158,34602,27.45128942059964,1.2306112885944114,0.0960246162142992,0.04305420410084168,0.013772199999948498,0.09612680000282126,0.10989900000276975,314852.72840633616
1651,243,158,38394,33.56386890535096,1.5836878937695356,0.06507974471698416,0.029082540537652083,0.015385200000309851,0.10220590000244556,0.11759110000275541,326504.30176348676
1652,250,158,39500,27.931701606451345,0.9485572454867088,0.09632969593007282,0.04331523471024429,0.018423199995595496,0.11666130000230623,0.13508449999790173,292409.56586887134
1653,221,158,34918,37.272207953068964,0.5254041839728683,0.07346187485984763,0.03237761931900515,0.013284900000144262,0.0853069000004325,0.09859180000057677,354167.3851151488
1654,167,158,26386,29.317284684006214,1.1454903028863113,0.08600649796855696,0.03832504266446529,0.011541100000613369,0.07604079999873647,0.08758189999934984,301272.29484854604
1655,221,158,34918,31.477464031071378,1.8611425346972201,0.07028348220177948,0.031479981771252843,0.018967800002428703,0.10046500000316883,0.11943280000559753,292365.24638427194
1656,185,158,29230,30.469720279597883,1.953214109524919,0.07399375345415164,0.03314591586728123,0.012329700002737809,0.07575989999895683,0.08808960000169463,331821.23655275634
1657,201,158,31758,27.370813927620105,1.2329968343171722,0.09650829599785452,0.043460902899184896,0.014932499994756654,0.07550730000366457,0.09043979999842122,351150.7102023046
1658,220,158,34760,29.03781992235883,1.0069097828410676,0.08915524983611113,0.03985043762508563,0.01602590000402415,0.08460390000254847,0.10062980000657262,345424.5163731783
1659,212,158,33496,38.48289686417402,1.7358944982013367,0.05484283056569449,0.024616528597711903,0.015007200003310572,0.07146849999844562,0.0864757000017562,387345.80927728536
1660,151,158,23858,32.81503838475517,0.4932588773300155,0.08390772175866361,0.037204133408512634,0.009355800000776071,0.06441579999955138,0.07377160000032745,323403.58620246954
1661,246,158,38868,31.912014890216334,0.489082481956427,0.08660886605634568,0.03864979035834839,0.01540690000547329,0.08928559999912977,0.10469250000460306,371258.6861359799
1662,206,158,32548,42.18402928239615,1.2272135444087506,0.057005694439200186,0.025034794564008193,0.013100500000291504,0.07370729999820469,0.0868077999984962,374943.2654734234
1663,214,158,33812,38.43429214720467,0.3560570053825279,0.07684434674560083,0.0344447671545477,0.01305069999943953,0.08165759999974398,0.09470829999918351,357012.004230796
1664,155,158,24490,28.533253891651537,1.3745371623536542,0.08812502004167899,0.0393433149794386,0.009436400003323797,0.056067800003802404,0.0655042000071262,373869.1564408959
1665,196,158,30968,36.255755801465604,0.4979870116668691,0.07556989370353784,0.03339464256743718,0.012726199995086063,0.06482940000569215,0.07755560000077821,399300.6307692708
1666,205,158,32390,27.345880189837306,1.7467337921513344,0.09297178793423697,0.0415890162262629,0.01325409999844851,0.09243940000305884,0.10569350000150735,306452.147005616
1667,159,158,25122,44.97285086642011,1.1222809325231116,0.057358749621106445,0.02509071766479172,0.010901699999521952,0.0616096000012476,0.07251130000076955,346456.34542110516
1668,225,158,35550,31.89235379632727,1.889786574219871,0.06884816106829027,0.030756229799534407,0.01096010000037495,0.09564939999836497,0.10660949999873992,333459.9637032364
1669,225,158,35550,40.618661667774774,1.2314100921487656,0.05787914018598433,0.025464733449566387,0.013742000002821442,0.08942389999720035,0.10316590000002179,344590.6060044306
1670,176,158,27808,41.9067937418084,1.5293495824622332,0.053910563985479304,0.02413760069272265,0.011270100003457628,0.06111770000279648,0.07238780000625411,384153.1307429907
1671,240,158,37920,41.004508245951726,1.909388075604199,0.051309223932679636,0.023202389001256003,0.016439399994851556,0.10348979999980656,0.11992919999465812,316186.55007862166
1672,176,158,27808,39.384381426789126,1.7281253848901295,0.05396840226698658,0.024216647299739356,0.012027999997371808,0.059564299997873604,0.07159229999524541,388421.659897039
1673,177,158,27966,30.832039617800454,1.292053347117025,0.07767763476823397,0.0344130494687094,0.01120939999964321,0.05956499999592779,0.070774399995571,395142.8765450514
1674,227,158,35866,32.57520705018405,1.4472353913976814,0.06958419273226087,0.030788335387214483,0.013707899997825734,0.08419560000038473,0.09790349999821046,366340.32491847157
1675,172,158,27176,43.41232311855834,1.364406781728768,0.054830925540382935,0.02410553544258318,0.011363799996615853,0.061828300000343006,0.07319209999695886,371296.90227673703
1676,169,158,26702,34.93321959991838,1.330342817574565,0.06408040469398227,0.028271338787167234,0.009221799999068025,0.062068100000033155,0.07128989999910118,374555.1613950455
1677,209,158,33022,35.205696092902066,0.38131537465199344,0.08066880174284823,0.036292480394872526,0.011303399995085783,0.09156760000041686,0.10287099999550264,321003.9758672869
1678,175,158,27650,35.60099514982136,1.579147650089913,0.060564402319153464,0.026938306342273396,0.011999700000160374,0.06266619999951217,0.07466589999967255,370316.3023565143
1679,151,158,23858,26.699512671554718,0.7586150594655942,0.10677317676423492,0.048310988339450474,0.008892699996067677,0.05942420000064885,0.06831689999671653,349225.447892786
1680,218,158,34444,42.5330072206434,1.5608261449825143,0.053284069356848686,0.02380548084820382,0.01161590000265278,0.0779781000019284,0.08959400000458118,384445.3869482196
1681,187,158,29546,26.937766740950558,1.228242148039734,0.098658641924801,0.04466104086549913,0.011600699996051844,0.07710679999581771,0.08870749999186955,333072.1754384694
1682,163,158,25754,25.67701098180318,0.38898974361030275,0.1220833697449307,0.057050872474959186,0.009616099996492267,0.06478429999697255,0.07440039999346482,346154.05296560476
1683,220,158,34760,44.26326765161896,0.6182545809538365,0.06644037004896737,0.029012276225386314,0.015309900001739152,0.07142259999818634,0.0867324999999255,400772.4901280357
1684,197,158,31126,36.13054731994891,1.5343513288532233,0.06000972041873654,0.026641641909476006,0.010754800001450349,0.07222059999912744,0.08297540000057779,375123.22929185344
1685,218,158,34444,27.812429706505092,1.662600053872545,0.09034987159201156,0.04053035717457382,0.013460799993481487,0.0855100000044331,0.09897079999791458,348021.8407926961
1686,188,158,29704,34.91028839368623,1.9932433295876784,0.05890975393273773,0.026470595485654218,0.01170060000004014,0.06925169999885838,0.08095229999889852,366932.13164300664
1687,153,158,24174,32.0428930413837,0.6338605578799203,0.0828364697683377,0.036584354157931424,0.009199200001603458,0.06341550000070129,0.07261470000230474,332907.79964983306
1688,237,158,37446,44.60262484327203,0.36129503779331806,0.0732384671177405,0.032840061094578196,0.014149900001939386,0.0886977999980445,0.10284769999998389,364091.75897959666
1689,165,158,26070,37.97859580516963,1.6060321744346198,0.05654140759233555,0.025246846797816292,0.008753900001465809,0.06232550000277115,0.07107940000423696,366772.9327828597
1690,167,158,26386,40.74775515109228,0.6055584772933207,0.06838116726304926,0.029783712871432833,0.011696800000208896,0.06830440000339877,0.08000120000360766,329820.05268433626
1691,154,158,24332,33.929053175386066,0.41549487988134265,0.08251824367738252,0.037186259987730334,0.008761299999605399,0.06120100000407547,0.06996230000368087,347787.3082891763
1692,193,158,30494,33.33046504482289,1.6911437797799809,0.0651104263489162,0.029000399930744797,0.01556690000143135,0.08839910000097007,0.10396600000240142,293307.42742142285
1693,179,158,28282,34.93667573471075,1.5594643253547296,0.061962880873394084,0.0276002457763112,0.011769999997341074,0.07778659999894444,0.08955659999628551,315800.28720577864
1694,241,158,38078,42.13835571006737,1.0812512372927119,0.05901826677577598,0.025769956184986217,0.012950799995451234,0.09430430000065826,0.1072550999961095,355022.744852051
1695,239,158,37762,25.528466898073216,0.3309091967678111,0.1258649281012657,0.05896002762524738,0.012189300003228709,0.09126630000537261,0.10345560000860132,365006.8241531677
1696,196,158,30968,27.144450057499046,1.9446170546511345,0.09330275584149701,0.041872978152973514,0.14675419999548467,0.07613669999409467,0.22289089998957934,138937.928831764
1697,230,158,36340,43.05423633757665,0.35895195294282756,0.07353723445384287,0.03297301910774383,0.013277300000481773,0.08486840000114171,0.09814570000162348,370265.8394550029
1698,244,158,38552,39.39013907049382,1.2424738424336519,0.05879600594972592,0.02579609229474994,0.014759000005142298,0.07978860000002896,0.09454760000517126,407752.28559890896
1699,167,158,26386,39.54649478816802,1.3323292538250555,0.05764320177338722,0.025385624135084783,0.011325100000249222,0.06397840000136057,0.07530350000160979,350395.3999407191
1700,162,158,25596,35.442037103151364,0.7318353740899683,0.07175876398092884,0.031526946059200395,0.010326600000553299,0.05962749999889638,0.06995409999944968,365897.0667938171
1701,233,158,36814,43.99807222375994,1.5357031749801573,0.052999191952334705,0.023720835824843387,0.012901500005682465,0.09591580000414979,0.10881730000983225,338310.1767519838
1702,220,158,34760,28.728689628992107,1.5764794364906674,0.08578941606091274,0.03817157390744781,0.011972799999057315,0.07781740000064019,0.0897901999996975,387124.65280305763
1703,172,158,27176,34.466101495229076,0.601833607493111,0.07652930452875414,0.03379929570536438,0.011997699999483302,0.05239099999744212,0.06438869999692542,422061.6350585997
1704,205,158,32390,41.17902140398357,1.4876874721868751,0.05469463075717339,0.024269092832310792,0.01120769999397453,0.08042939999722876,0.09163709999120329,353459.4613219895
1705,187,158,29546,29.293595243954677,0.5314664549225356,0.09611618702650153,0.04343764742554193,0.012209499996970408,0.072980800003279,0.08519030000024941,346823.5233343878
1706,213,158,33654,28.305916283426427,0.5796006858922428,0.10062424064654113,0.04561410276602721,0.0223682999931043,0.2447016000005533,0.2670698999936576,126011.95417678749
1707,185,158,29230,32.98600530452075,0.4478407007760884,0.083911024703095,0.03775018058566221,0.012050400000589434,0.0728508000029251,0.08490120000351453,344282.53073914157
1708,176,158,27808,32.76146167931066,1.5714796337695365,0.06782110902388726,0.03006407993054164,0.01049570000031963,0.06129289999807952,0.07178859999839915,387359.5529181528
1709,214,158,33812,32.47764079885575,1.3953600438579064,0.07073042149543543,0.031221476943152623,0.011986999998043757,0.07884390000253916,0.09083090000058291,372252.1740925501
1710,196,158,30968,33.919395373550984,0.6819427107025144,0.07617607248572487,0.0336227289939759,0.013836099999025464,0.12231330000213347,0.13614940000115894,227456.0152283917
1711,211,158,33338,37.2080917374645,1.9043241628167777,0.055250652769232134,0.024833562345021314,0.014332300001115073,0.10900109999784036,0.12333339999895543,270307.9619979856
1712,197,158,31126,42.001345378814875,0.5383979492127111,0.06896810219373016,0.030254310178466245,0.014805300001171418,0.15016859999741428,0.1649738999985857,188672.26876655544
1713,151,158,23858,44.47437369604289,0.37215109965225995,0.0728060660995229,0.03265896809208599,0.010977500001899898,0.06072169999970356,0.07169920000160346,332751.2719732779
1714,236,158,37288,28.230921459552317,0.3032530323450023,0.10848761482140937,0.05028462427400127,0.015451000006578397,0.08180290000018431,0.0972539000067627,383408.7887211425
1715,180,158,28440,39.48194318665639,1.540740369242697,0.055639531585436955,0.024662055200694876,0.011736000000382774,0.06425179999496322,0.075987799995346,374270.6066202977
1716,224,158,35392,39.99957135499249,1.1808849524308296,0.05875799250810865,0.025816151670129767,0.014736400000401773,0.07126240000070538,0.08599880000110716,411540.6261429736
1717,156,158,24648,44.457559894153505,1.708194552720498,0.05109911349209186,0.02313958448137581,0.009172700003546197,0.05731309999828227,0.06648580000182847,370725.779028336
1718,190,158,30020,41.764034322972535,1.572676528140827,0.05361471630123221,0.023903819452764444,0.012553000000480097,0.06656240000302205,0.07911540000350215,379445.72104383126
1719,207,158,32706,39.20779713700764,1.250640977420301,0.058684104115770394,0.025776719393560407,0.013347000000067055,0.07512899999710498,0.08847599999717204,369659.5687084111
1720,156,158,24648,41.34637124248952,1.7184618427511698,0.052579196427967975,0.023613850270825888,0.009643699995649513,0.056887700004153885,0.0665313999998034,370471.68705412536
1721,246,158,38868,33.547396619150575,0.38477639107184053,0.08469063908886826,0.0380922331687039,0.015739200003736187,0.08912770000461023,0.10486690000834642,370641.26046356355
1722,232,158,36656,34.2029742752744,1.2870506704911955,0.06603112243246816,0.02933778556988891,0.012714700002106838,0.08203140000114217,0.09474610000324901,386886.6370092595
1723,178,158,28124,36.72911153320548,1.6940286494070254,0.05745650104289355,0.025667615353033774,0.01053200000023935,0.060986600001342595,0.07151860000158194,393240.3598417463
1724,208,158,32864,37.576614732271025,0.8646694486945243,0.06600525842873356,0.028797176429231956,0.01276040000084322,0.07316639999771724,0.08592679999856045,382465.07493064535
1725,249,158,39342,39.96675862365752,0.913722728392254,0.06289407695464286,0.02736766319777388,0.015202000002318528,0.3608823999966262,0.3760843999989447,104609.49723017066
1726,205,158,32390,27.391968101193022,1.5331127437764582,0.09391688983902459,0.04208961269838858,0.01252280000335304,0.08713300000090385,0.09965580000425689,325018.714401133
1727,165,158,26070,33.07979431140976,1.9907131163155953,0.06383180146928019,0.02860420118426183,0.009797999999136664,0.06677420000050915,0.07657219999964582,340462.9878744582
1728,203,158,32074,31.53027872273654,1.1128388476825928,0.07655706020252011,0.03393016636074944,0.013580599996203091,0.08114849999401486,0.09472909999021795,338586.5589698632
1729,179,158,28282,31.266522094172785,1.248135478979525,0.07603594487862865,0.033792059748524936,0.012939000000187661,0.07324890000018058,0.08618790000036824,328143.5097023963
1730,179,158,28282,32.95280396710528,0.9084749092936095,0.07471736082831198,0.03293317702452239,0.011362400000507478,0.07222280000132741,0.08358520000183489,338361.3366885423
1731,245,158,38710,39.8205838687236,0.4437815617373071,0.07298564578969052,0.03252108340197677,0.015325499996833969,0.11825870000029681,0.13358419999713078,289779.7793513862
1732,247,158,39026,44.173278536545006,1.9135755977265265,0.04968959235238029,0.022686134410651627,0.013345700004720129,0.097455600000103,0.11080130000482313,352216.0840919846
1733,219,158,34602,33.819922127558044,0.9407882204675038,0.07193075839181458,0.03140600499131386,0.01024150000012014,0.09046569999918574,0.10070719999930589,343590.13059879025
1734,169,158,26702,32.82810419534609,1.1549065896066193,0.07165893929608527,0.031487731984949224,0.006835600004706066,0.07243409999500727,0.07926969999971334,336850.019617793
1735,186,158,29388,37.31327868875687,1.909260324444276,0.055225139013991384,0.024778001960476376,0.01183129999844823,0.06153850000555394,0.07336980000400217,400546.2737856304
1736,170,158,26860,31.981507080727322,1.2519357464415486,0.07377592288504249,0.03280148882829056,0.01092400000197813,0.05916260000230977,0.0700866000042879,383240.1628607566
1737,167,158,26386,29.05338297328946,0.372532885459454,0.102923104074452,0.04684010252174441,0.009337000003142748,0.06224610000208486,0.0715831000052276,368606.55654858577
1738,153,158,24174,37.08473085275178,1.7979991026651085,0.05627427719592426,0.025307104455973763,0.00895440000022063,0.06481769999663811,0.07377209999685874,327684.85648408195
1739,160,158,25280,41.43763251251963,1.0419628079114849,0.059829807647892884,0.02602182353704732,0.009180100001685787,0.05946609999955399,0.06864620000123978,368265.1042525797
1740,164,158,25912,35.023910596034774,0.66501681390021,0.0741971630748874,0.0326861526231905,0.008629199997812975,0.05345659999875352,0.06208579999656649,417357.9143931946
1741,203,158,32074,32.271765177819496,1.6846572798819708,0.06850134510286647,0.030639093651414918,0.010266999997838866,0.08666600000287872,0.09693300000071758,330888.34555582266
1742,160,158,25280,30.46820002738336,1.6372178447766181,0.0763524602543131,0.0339194526546287,0.010830999999598134,0.053953299997374415,0.06478429999697255,390218.00036708533
1743,208,158,32864,43.56728836856548,0.47731765901740575,0.07018113096674404,0.030863092200706852,0.011024400002497714,0.07411370000045281,0.08513810000295052,386008.14440140285
1744,203,158,32074,33.09624454602731,0.652821569355458,0.07910266723586373,0.03496227529760634,0.010058300002128817,0.08889379999891389,0.09895210000104271,324136.62771848217
1745,168,158,26544,43.806889202670504,1.792296659186794,0.050734817771799424,0.022992601658511438,0.011304899999231566,0.0578382999956375,0.06914319999486906,383898.9228437469
1746,209,158,33022,43.24266921413583,0.5717585903132412,0.06788307014842124,0.02955242392136258,0.014401700005691964,0.09651709999889135,0.11091880000458332,297713.2821364411
1747,248,158,39184,30.19372262206538,0.6345891933672272,0.09005978129052218,0.04008201146119277,0.013883899999200366,0.0800262000047951,0.09391010000399547,417250.1147196403
1748,239,158,37762,40.689248169235626,0.45938120897512663,0.07182617815623614,0.031780769255524914,0.014299800001026597,0.08028760000161128,0.09458740000263788,399228.6498936104
1749,237,158,37446,37.08610499246559,0.5701216598945738,0.07276940414533038,0.03196643828112459,0.01332449999608798,0.08948629999940749,0.10281079999549547,364222.4357911878
1750,162,158,25596,26.00391360891738,0.4010555164269022,0.11983445438329918,0.055258829180728226,0.011200599998119287,0.07365379999828292,0.08485439999640221,301646.1138265695
1751,173,158,27334,41.51877141839749,0.5633399216653274,0.06890697366531842,0.03014038651351262,0.011967300000833347,0.06973809999908553,0.08170539999991888,334543.37167466455
1752,163,158,25754,33.06652345550169,0.8400336252740295,0.07556070392251892,0.03334060559786552,0.010032400001364294,0.0686377000020002,0.0786701000033645,327367.0682876795
1753,241,158,38078,32.49425086467115,0.6899145689874641,0.07990669589236594,0.03548931367062842,0.014053200000489596,0.088184000000183,0.1022372000006726,372447.6022401777
1754,244,158,38552,27.85091468984674,0.49497142792297416,0.10608467567944352,0.04808049321439466,0.014994700002716854,0.08600519999890821,0.10099990000162506,381703.34821499535
1755,218,158,34444,41.47748904855388,1.019531440198871,0.06001532572213161,0.026334350152105664,0.013167799996153917,0.07837260000087554,0.09154039999702945,376271.02351658646
1756,179,158,28282,33.20530769456316,1.3464322248537182,0.06857348087270629,0.030358503375944135,0.01156500000070082,0.07268900000053691,0.08425400000123773,335675.45754011115
1757,183,158,28914,35.018973446163415,1.2309777437348421,0.06505652923529032,0.028848338330107658,0.009986199998820666,0.06618000000162283,0.0761662000004435,379617.20552990225
1758,154,158,24332,35.731443813860785,1.1157259733073301,0.06517011077141895,0.02854869888853992,0.01029450000351062,0.056300799995369744,0.06659529999888036,365371.1298005878
1759,175,158,27650,31.88790742422026,0.8170131594047723,0.07994387945524487,0.03525848920967062,0.00913589999981923,0.0605403999943519,0.06967629999417113,396835.07881895424
1760,215,158,33970,26.219548492706018,0.5254791073450978,0.1153083727455905,0.05289514570236075,0.014682199995149858,0.07947969999804627,0.09416189999319613,360761.62441979797
1761,217,158,34286,42.213906475504714,1.6156998614370304,0.052978128272333676,0.02367632417617553,0.013412300002528355,0.0853242999946815,0.09873659999720985,347247.1201253524
1762,194,158,30652,41.30969333559713,1.7445524629045648,0.05262985588804671,0.02365490528407668,0.01261799999338109,0.06535559999610996,0.07797359998949105,393107.410766351
1763,205,158,32390,28.364540469929473,0.4541668317203513,0.10403827791573787,0.04719877016627916,0.013725800003157929,0.07522109999990789,0.08894690000306582,364149.8466937418
1764,201,158,31758,36.43602338492643,1.6838602278593178,0.058201633235175285,0.025979336939981692,0.012113999997382052,0.07553589999588439,0.08764989999326644,362327.8520847115
1765,188,158,29704,25.811974225136826,1.9336631490442582,0.1030907782908793,0.04648577236922356,0.011952900000324007,0.06239189999905648,0.07434479999938048,399543.74751492403
1766,209,158,33022,25.995767558806794,1.2325615394230263,0.10558135071484338,0.04808276348510631,0.012865999997302424,0.09292280000227038,0.1057887999995728,312150.24653019366
1767,233,158,36814,26.096771068330792,1.8653171548788339,0.10078266484206615,0.04553232012900553,0.015137700000195764,0.09286950000387151,0.10800720000406727,340847.64718105533
1768,181,158,28598,27.126738561955925,1.2235626659486578,0.09860872512523317,0.04430414433704994,0.010787800005346071,0.06334240000433056,0.07413020000967663,385780.6939178222
1769,237,158,37446,40.58187959271974,1.5291387477654341,0.05457671502524032,0.024336251522786477,0.01286620000610128,0.08838120000291383,0.10124740000901511,369846.5342978268
1770,222,158,35076,26.314544878825473,0.3109245393005668,0.12096068514242365,0.05655683026692415,0.014494400005787611,0.0768679000029806,0.09136230000876822,383922.0334496142
1771,198,158,31284,35.74765604099859,0.9543939272925046,0.06731497621652494,0.029501032778203994,0.011701800001901574,0.06439150000369409,0.07609330000559567,411126.86659271544
1772,209,158,33022,39.745492309576065,0.5002907667040498,0.07154489234587152,0.03148393041497465,0.015683700003137346,0.0852694999994128,0.10095320000255015,327102.06312594196
1773,230,158,36340,26.162101764049265,0.4580038376949397,0.11701473254364779,0.05397958012700888,0.011928699997952208,0.08043290000205161,0.09236160000000382,393453.55645634653
1774,245,158,38710,26.497692529031376,0.3287233955703807,0.11888745718992631,0.05551909817988874,0.015409499996167142,0.09744320000027074,0.11285269999643788,343013.50345381064
1775,218,158,34444,41.49714665749801,0.30099212992527036,0.07603251019301749,0.034775475728845553,0.012333500002569053,0.08052840000163997,0.09286190000420902,370916.38226698793
1776,199,158,31442,30.402547270535678,1.7235904127269746,0.07596651844947137,0.03390292346650637,0.013070699998934288,0.0815297000008286,0.09460039999976289,332366.4593392714
1777,184,158,29072,27.441252352235928,0.6269838950759851,0.10484693678276323,0.04779239063613515,0.011239200001000427,0.0586607000004733,0.06989990000147372,415909.03562647535
1778,154,158,24332,33.63710595392544,1.0260583463932929,0.0711998100103656,0.03148480285106856,0.012768699998559896,0.1905311000009533,0.2032997999995132,119685.31203699297
1779,244,158,38552,41.09310283606722,1.429805272527911,0.055261921015413204,0.024524923245422027,0.013613899995107204,0.09166310000000522,0.10527699999511242,366195.8452633511
1780,249,158,39342,26.897390037121358,1.7991882422529255,0.09526407836824284,0.04309729671914921,0.015170999999099877,0.09790780000184895,0.11307880000094883,347916.67403323954
1781,165,158,26070,25.000932635158005,0.634104320846073,0.12110034385584102,0.05612830154652474,0.01090279999334598,0.08506840000336524,0.09597119999671122,271643.9932072682
1782,168,158,26544,43.948130068897186,0.4402087473459807,0.07104366458703258,0.03152453506182345,0.010833099993760698,0.06827319999865722,0.07910629999241792,335548.496169637
1783,192,158,30336,38.63034272726147,1.2937800572183473,0.05867543953203394,0.02580394313733662,0.011432799998146947,0.06634810000105062,0.07778089999919757,390018.62925619225
1784,245,158,38710,44.0223304154801,1.2230455135856984,0.05633532674685076,0.024708942298733896,0.01352480000059586,0.0878593000015826,0.10138410000217846,381815.2945005009
1785,179,158,28282,42.94658030537031,1.379063722351422,0.05488801991159069,0.02425811791681491,0.010327500000130385,0.06417209999926854,0.07449959999939892,379626.19933836133
1786,207,158,32706,32.843785474294776,1.2886087219219642,0.0701161584915994,0.03100126705110067,0.011394600005587563,0.07366499999625375,0.08505960000184132,384506.86341449997
1787,161,158,25438,38.74482183730919,1.530906989758454,0.056230710357707624,0.02506870118481433,0.010061699998914264,0.05848369999876013,0.0685453999976744,371111.7011624859
1788,213,158,33654,33.783742508462666,1.6289920148374093,0.06440356660942666,0.028608727230767267,0.010666099995432887,0.07592570000269916,0.08659179999813205,388651.1193984417
1789,170,158,26860,42.36938880980273,0.5393571271302536,0.06894800194138873,0.030328527955088037,0.010808400002133567,0.06004830000165384,0.07085670000378741,379074.9498433357
1790,164,158,25912,40.17465030007627,1.2726773321132496,0.05765177204490484,0.025400287238366896,0.009485999995376915,0.053716399997938424,0.06320239999331534,409984.43101433816
1791,230,158,36340,38.222558785441194,1.755545633595086,0.05503549304293182,0.02468040550760783,0.013057399999524932,0.08364900000015041,0.09670639999967534,375776.5773529156
1792,152,158,24016,37.44609918138186,0.8522997336163276,0.06649351524871781,0.02897402618130019,0.010930199998256285,0.04999669999961043,0.06092689999786671,394177.28459581715
1793,241,158,38078,38.2646678857002,1.3267647132182443,0.05896363364135008,0.02601286567229392,0.01335780000226805,0.08829330000298796,0.10165110000525601,374595.0609293074
1794,216,158,34128,25.518799472343794,1.8827311980608346,0.1054957566999861,0.0477464697373332,0.012324100003752392,0.07755500000348547,0.08987910000723787,379710.0771731327
1795,172,158,27176,42.49164836214878,1.0428719197886664,0.059369890514170055,0.025909005981638273,0.011336899995512795,0.07039349999831757,0.08173039999383036,332507.8551194103
1796,157,158,24806,40.953105823383424,0.5477699112857558,0.0696604358463879,0.03050364784708811,0.008719799996470101,0.060166700000991113,0.06888649999746121,360099.58411175216
1797,245,158,38710,26.89768134038768,0.7574380571516708,0.10591391641913292,0.047844741049769886,0.015069799999764655,0.08824319999985164,0.1033129999996163,374686.6318870207
1798,151,158,23858,44.92889907576499,0.8089806051631483,0.0623403169990439,0.027006571288702326,0.007961199997225776,0.05127209999773186,0.05923329999495763,402780.19293253904
1799,214,158,33812,31.255703959979087,1.7368949641993805,0.0721197047655102,0.03224562740742843,0.012707999994745478,0.07308850000117673,0.0857964999959222,394095.3302478194
1800,161,158,25438,25.248067896856988,0.3104450507048479,0.1284985310265898,0.060607248693909356,0.010743899998487905,0.05745020000176737,0.06819410000025528,373023.4727037203
1801,217,158,34286,33.410996695337964,0.9549266749327372,0.07272573997119934,0.03188617959697106,0.013361400000576396,0.08519430000160355,0.09855570000217995,347884.49576474656
1802,226,158,35708,35.93612898088699,1.3388005718163394,0.06199490471282477,0.02754429171738851,0.012475499999709427,0.09128500000224449,0.10376050000195391,344138.6654779765
1803,203,158,32074,28.946246606294213,0.6435552403641001,0.09621810149311531,0.043056410383441,0.011009699999704026,0.10329110000020592,0.11430079999990994,280610.45941957773
1804,174,158,27492,26.953047336834054,0.9229598485592116,0.10264746230353997,0.04639868731782407,0.009620800003176555,0.06363460000284249,0.07325540000601904,375289.7397016618
1805,225,158,35550,26.075383639765356,0.3271874487544447,0.122120835843743,0.05699706712807336,0.013660099997650832,0.08004039999650558,0.09370049999415642,379400.3233944009
1806,168,158,26544,29.35033760723963,0.8184489860948279,0.09007954145887168,0.040420291456635386,0.009703100004117005,0.057287899995571934,0.06699099999968894,396232.32971777185
1807,221,158,34918,43.066515036892305,1.7073649031017495,0.051760573802353854,0.023280785237309653,0.013316299999132752,0.08459530000254745,0.0979116000016802,356627.8152884928
1808,212,158,33496,38.096609744862945,0.6901432588989334,0.06873507893639283,0.030086966836153178,0.012397500002407469,0.08033350000187056,0.09273100000427803,361216.8530313995
1809,150,158,23700,35.79600123387385,0.4192785601626048,0.07833419600701023,0.034839397855365176,0.010037399995781016,0.05354549999901792,0.06358289999479894,372741.7277591719
1810,189,158,29862,40.37308983368092,0.761497304643579,0.06539290049594702,0.028323686944174423,0.011535300000105053,0.07230859999981476,0.08384389999991981,356161.8674707231
1811,232,158,36656,31.153887704946015,1.711377890245258,0.07255605983743547,0.03250767156359303,0.01464519999717595,0.09958609999739565,0.1142312999945716,320892.7850925441
1812,222,158,35076,38.54556267613154,1.5699020095668599,0.05617926954465878,0.025027599030084405,0.015030000002298038,0.07848179999564309,0.09351179999794113,375097.0465841988
1813,219,158,34602,27.780761178845953,1.3620479438768,0.09245264385112989,0.04162367074045188,0.013870399998268113,0.10193069999513682,0.11580109999340493,298805.451778702
1814,211,158,33338,31.11291973883645,0.9574756586725537,0.08024748563508315,0.0356724751011573,0.012950099997397047,0.07906219999858877,0.09201229999598581,362321.1244741673
1815,200,158,31600,25.932476782061556,1.784349761590968,0.10263732467198257,0.04637222190906732,0.011028100001567509,0.0620204000006197,0.07304850000218721,432589.30709123163
1816,217,158,34286,43.780219520018235,1.6052228656744196,0.0524972682698701,0.02344210518167792,0.012764200000674464,0.08554850000655279,0.09831270000722725,348744.36362219264
1817,242,158,38236,41.566081204772544,1.2902456320133022,0.05663159061282261,0.02485542489302632,0.015198699999018572,0.0782476999956998,0.09344639999471838,409175.74141070293
1818,246,158,38868,44.052664309503065,1.5041146712624724,0.05333412394674196,0.023703524494772622,0.012800600001355633,0.08088680000219028,0.09368740000354592,414869.0218591711
1819,217,158,34286,43.3026824564988,1.7145475391113751,0.05157640106571916,0.023258586126279047,0.01274560000456404,0.0816045999963535,0.09435020000091754,363390.85661362216
1820,194,158,30652,35.80038375038345,1.6773877301843678,0.05945947040027197,0.02657702237134071,0.012990900002478156,0.06505319999996573,0.07804410000244388,392752.30285236373
1821,232,158,36656,37.08415202245563,0.7066344270884376,0.06978172211631031,0.03051708760420825,0.01453159999800846,0.08129689999623224,0.0958284999942407,382516.68347311113
1822,180,158,28440,30.010877471256983,1.7452999148542525,0.07779494474189459,0.03469263358248818,0.011967999998887535,0.05906630000390578,0.07103430000279332,400369.9621011489
1823,223,158,35234,34.80944674066467,1.7284413008118626,0.06103026439066674,0.027315839496230718,0.010249200000544079,0.08454570000321837,0.09479490000376245,371686.66245337616
1824,233,158,36814,31.12834352572478,1.4952137234608827,0.07435211881468962,0.03316177879492415,0.014123300003120676,0.08469460000196705,0.09881790000508772,372543.8407222234
1825,250,158,39500,32.868921547944375,1.8974855320237296,0.0650983963687567,0.029246998486682114,0.015776699998241384,0.08698459999868646,0.10276129999692785,384385.9507536484
1826,191,158,30178,29.1255985822729,1.5784858551812202,0.08315922681051309,0.037248499329631805,0.011844799999380484,0.07468649999646004,0.08653129999584053,348752.4167723197
1827,158,158,24964,35.68599569191504,1.9655776927499813,0.05745106156475528,0.02585940327540357,0.01027559999783989,0.062430700003460515,0.0727063000013004,343354.014707852
1828,218,158,34444,34.12030407543132,1.6415728069576327,0.06361671849214692,0.02832208018143642,0.014298399997642264,0.07133739999699173,0.085635799994634,402214.9615249497
1829,168,158,26544,40.301311950337166,0.33207609341045946,0.07588114131402458,0.03440531918455091,0.009560800004692283,0.05792010000004666,0.06748090000473894,393355.74952521245
1830,250,158,39500,41.840173453162876,1.712360442884351,0.052395009346356956,0.02350225380719315,0.013897999997425359,0.08145520000107354,0.0953531999984989,414249.33825631265
1831,199,158,31442,26.630272222260388,1.7206173686734916,0.09784840006306003,0.044078861340383683,0.012461999998777173,0.07389120000152616,0.08635320000030333,364109.2628864889
1832,250,158,39500,35.43136793376322,0.8971025711980269,0.06913593490120698,0.030320545951851127,0.01602170000114711,0.08446549999644049,0.1004871999975876,393084.89042334026
1833,245,158,38710,31.96436659345757,1.9894692278615884,0.06773033522693642,0.030365672300217944,0.015074999995704275,0.09396439999545692,0.10903939999116119,355009.2902486428
1834,166,158,26228,35.815722625143906,1.1158246119904216,0.06520270500032065,0.0286004606955841,0.01033869999810122,0.07063560000096913,0.08097429999907035,323905.2390733988
1835,205,158,32390,40.2029899208236,0.5637285093330662,0.069583825375892,0.03045515437650335,0.011437799999839626,0.07441700000345008,0.08585480000328971,377264.8704412439
1836,193,158,30494,37.59419336616768,1.5028118542263698,0.05806323469851563,0.025773126683891014,0.012272200001461897,0.07477349999680882,0.08704569999827072,350321.72755926836
1837,222,158,35076,43.249097810276375,0.837880266887109,0.06232779556850505,0.02706443938723905,0.015235899998515379,0.07988160000240896,0.09511750000092434,368764.9486126017
1838,174,158,27492,32.5019261441038,1.2686094186441759,0.07161947999335251,0.031603044175955185,0.010237499998765998,0.06991759999800706,0.08015509999677306,342985.0377718547
1839,212,158,33496,43.00158718175728,1.0662864555595977,0.058849324327455606,0.025638965617026294,0.020136799997999333,0.10675600000104168,0.12689279999904102,263970.84783575695
1840,233,158,36814,32.223835274888884,0.9749822399189503,0.07591055272362654,0.03345398327924074,0.014565499994205311,0.11104940000222996,0.12561489999643527,293070.3284486531
1841,202,158,31916,43.950030163538386,1.3872407922433887,0.05441740688112916,0.024100635316424538,0.023128500004531816,0.3349778000047081,0.35810630000923993,89124.37452001403
1842,186,158,29388,41.98145871960785,1.501257783105937,0.054248707321963456,0.024163855172043124,0.010896799998590723,0.07942349999939324,0.09032029999798397,325375.3585922098
1843,150,158,23700,43.01828011080607,0.9754485274826525,0.06011275301057117,0.026146242489738635,0.009278300000005402,0.05862890000571497,0.06790720000572037,349005.7018696627
1844,237,158,37446,27.246103261256845,1.6728945568408036,0.09371530966701962,0.04215632744373769,0.01564700000017183,0.11592689999815775,0.13157389999832958,284600.5172794559
1845,247,158,39026,31.11327463855918,1.7339635172748018,0.0724966444694838,0.03233278410285042,0.015524599999480415,0.13322489999700338,0.1487494999964838,262360.5457559354
1846,239,158,37762,27.08771123602452,1.3285035338150866,0.0969368203958867,0.043728287876621946,0.014415999998163898,0.09562810000352329,0.11004410000168718,343153.3357937503
1847,220,158,34760,44.2091556020584,1.121862828019481,0.05747836295839889,0.025010212136734693,0.011851200004457496,0.07011179999972228,0.08196300000417978,424093.79839961184
1848,191,158,30178,27.024443961489688,0.773055705736457,0.10434242105080384,0.0474105069753759,0.01222319999942556,0.07315689999813912,0.08538009999756468,353454.72775108926
1849,224,158,35392,44.79964320001285,0.30406485076587897,0.0744720746135606,0.03394520114702149,0.013044999999692664,0.07878310000523925,0.09182810000493191,385415.7931842123
1850,167,158,26386,43.35201177353254,1.4099612605334837,0.05426958490789857,0.024084507751890888,0.008678800004418008,0.0644384999977774,0.0731173000021954,360872.1875562656
1851,166,158,26228,27.081236777719674,1.0975644859872515,0.09988629098967557,0.04498463956297277,0.011405999997805338,0.05721960000664694,0.06862560000445228,382189.7367498191
1852,202,158,31916,39.40265327935677,1.8227808213323125,0.05316150907552512,0.024056876023441243,0.015004499997303355,0.07723100000293925,0.09223550000024261,346027.2888412385
1853,170,158,26860,32.84654336009284,1.442186499863082,0.06865357011947547,0.030243172381069095,0.010066399998322595,0.05734739999752492,0.06741379999584751,398434.74187265063
1854,238,158,37604,39.98277615395005,0.928055645312976,0.0626730067508546,0.027279760121108734,0.015381900004285853,0.08048820000112755,0.0958701000054134,392239.0818188012
1855,185,158,29230,28.96203851498222,1.63425239314186,0.08367069986820798,0.03749470775976058,0.01172940000105882,0.069620299997041,0.08134969999809982,359312.9415435184
1856,231,158,36498,37.985775361196254,0.5300356676910859,0.07275757106409438,0.031924938666264155,0.013626299994939473,0.08388700000068638,0.09751329999562586,374287.4049143777
1857,207,158,32706,43.45337604409868,0.7734386341492783,0.06351008203992715,0.02756167178409446,0.011733799998182803,0.07000330000300892,0.08173710000119172,400136.53530065477
1858,204,158,32232,25.419421161257315,1.7760254082449913,0.10687209711762286,0.04824848486557273,0.013448199999402277,0.06427940000139643,0.0777276000007987,414678.9557334691
1859,208,158,32864,30.12132609511101,1.8836204760097393,0.0757846182108535,0.034094227176601856,0.013151299994206056,0.07611739999993006,0.08926869999413611,368146.954107753
1860,206,158,32548,26.63354536127947,0.693843742556983,0.10856381337066873,0.04933881695276054,0.012319200002821162,0.08118530000501778,0.09350450000783894,348090.19883825205
1861,208,158,32864,28.946659444571882,0.9822372642383566,0.0897057604878259,0.04021023227436338,0.016895500004466157,0.22057560000394005,0.2374711000084062,138391.57690698636
1862,164,158,25912,32.346405389831524,1.8513717632956044,0.06698224599707064,0.030177591985350177,0.011130899998534005,0.060916700000234414,0.07204759999876842,359651.11954378686
1863,153,158,24174,39.87515704408335,1.7833859704977788,0.053146388163493374,0.023879336713911233,0.008160299999872223,0.07478249999985565,0.08294279999972787,291453.8694145762
1864,171,158,27018,32.190874344071645,1.0349506588819866,0.07554068610627494,0.033309750576235475,0.010084900000947528,0.061182200006442145,0.07126710000738967,379109.01379736944
1865,187,158,29546,42.6964075867638,0.7096473658315852,0.06492925119473567,0.02822266670101871,0.013642099998833146,0.07720919999701437,0.09085129999584751,325212.73775224393
1866,240,158,37920,42.996323402667386,1.045093832803165,0.05899433309850162,0.025808010438570377,0.015401700002257712,0.08085640000354033,0.09625810000579804,393940.8735235364
1867,182,158,28756,31.7850616812891,0.531704946559338,0.08635481389874881,0.03843254738345234,0.010726900000008754,0.07514199999422999,0.08586889999423875,334882.5943028191
1868,158,158,24964,34.41219773484606,0.3160670267706948,0.08437251403712094,0.03840101803159727,0.01058519999787677,0.05842739999934565,0.06901259999722242,361731.04622930795
1869,248,158,39184,34.700488989489266,1.7059025694956402,0.06156632561355604,0.027465470007413072,0.01693420000083279,0.08060139999724925,0.09753559999808203,401740.49271005177
1870,220,158,34760,42.792392219952504,0.8814295403815624,0.061763368221336504,0.02669838444795611,0.014694500001496635,0.08575769999879412,0.10045220000029076,346035.22869483585
1871,247,158,39026,31.116800018230023,1.1653134412085604,0.07774114671120089,0.034459986579558836,0.018431900003633928,0.11570319999736967,0.1341351000010036,290945.47213747934
1872,154,158,24332,44.97900484309564,1.2945088904025968,0.055219111708840175,0.02437419556149613,0.00972600000386592,0.07902569999714615,0.08875170000101207,274158.1287989135
1873,189,158,29862,33.46694720503862,0.923526396798203,0.07315470515350334,0.03228862939166473,0.012181799997051712,0.10102290000213543,0.11320469999918714,263787.6342608957
1874,231,158,36498,39.60981233013915,1.9189091971385541,0.05232351072048107,0.023717969473968828,0.013332099995750468,0.12513860000035493,0.1384706999961054,263579.2265152595
1875,207,158,32706,43.04829395472224,0.6258586093027223,0.06665264743401095,0.029102301656459984,0.016561800002818927,0.15196070000092732,0.16852250000374625,194074.9751473717
1876,221,158,34918,25.965606195476557,1.0826874214658602,0.10748676837098435,0.0486735055473657,0.015162199997575954,0.08931529999972554,0.10447749999730149,334215.5009538119
1877,163,158,25754,42.288642590589404,1.4595577242508966,0.05440845082390117,0.024256892845576864,0.011819999999715947,0.07447890000184998,0.08629890000156593,298427.905796397
1878,188,158,29704,40.07878768763534,0.5373270682496544,0.07050809435668236,0.030954900745603,0.012296699998842087,0.07445490000100108,0.08675159999984317,342402.9066905244
1879,168,158,26544,44.879254707623026,0.6654057321718543,0.0651454996217909,0.02843353781943749,0.01102790000004461,0.087491799997224,0.09851969999726862,269428.34784044116
1880,241,158,38078,38.12916391380733,0.9030892003992728,0.06482283397868178,0.02836278789775853,0.015237599996908102,0.11187300000165123,0.12711059999855934,299565.8898662391
1881,184,158,29072,25.93516091317551,1.1140281619339512,0.1072917963785115,0.048746399931599294,0.011248599999817088,0.06796430000395048,0.07921290000376757,367010.92875803384
1882,201,158,31758,44.1368916244926,1.2971094293829983,0.05535944780328956,0.02434890417470561,0.00948719999723835,0.07812030000059167,0.08760749999783002,362503.2103505593
1883,207,158,32706,27.417962371529885,0.5132944863728248,0.1075402551785803,0.04914115974851176,0.01357310000457801,0.08485010000003967,0.09842320000461768,332299.70168075763
1884,181,158,28598,34.113931649354186,1.9168889600692804,0.061192132073007034,0.027466238807531254,0.010047000003396533,0.08526130000245757,0.09530830000585411,300057.81236517103
1885,238,158,37604,27.073063950052237,0.8022959236205001,0.10360201396792261,0.0469482776839741,0.013413000000582542,0.11820659999648342,0.13161959999706596,285702.12947644776
1886,183,158,28914,39.02740584508029,1.0469722922398454,0.061580538006908395,0.026830155805528437,0.015355199997429736,0.1083717000001343,0.12372689999756403,233692.10737979587
1887,229,158,36182,27.36492690856758,0.4588344711552701,0.10919169353182857,0.04983737826611525,0.015502499998547137,0.10751319999690168,0.12301569999544881,294125.0588448354
1888,170,158,26860,28.642541916472315,0.8921609128565038,0.09298758504616134,0.04151115304622083,0.012322700000368059,0.08547240000189049,0.09779510000225855,274655.8876608304
1889,221,158,34918,37.09356708028437,1.0294414418402202,0.06405324585851377,0.028017712616870673,0.013109800005622674,0.09376460000203224,0.10687440000765491,326719.9628489048
1890,210,158,33180,36.24338109490655,0.9486897102006642,0.06667618484537655,0.029201525628500157,0.0137377999999444,0.0765562999949907,0.0902940999949351,367465.8698836489
1891,240,158,37920,25.120683613059672,1.913888224177436,0.10794122252635514,0.049418568804484926,0.015635399999155197,0.0902429999987362,0.10587839999789139,358146.70415075397
1892,228,158,36024,37.79372227696133,0.5305527502665718,0.07284069959985819,0.03204228461448006,0.014139899998554029,0.09329439999419264,0.10743429999274667,335311.90692760254
1893,180,158,28440,42.93838777204016,0.7293147169442364,0.06444912644848,0.02802676032732828,0.01212179999856744,0.06390970000211382,0.07603150000068126,374055.4901553326
1894,181,158,28598,31.303800468152946,1.4375823479663734,0.0745151182592462,0.032945714539980936,0.0102100000003702,0.07840240000223275,0.08861240000260295,322731.3558729923
1895,230,158,36340,43.68550162579594,1.1764515702209684,0.057017536773090405,0.025048767052553052,0.019629700000223238,0.2950076999986777,0.31463739999890095,115498.03043162363
1896,185,158,29230,42.49107865834742,0.7852876977180375,0.06359603295357545,0.027511080307605858,0.01140799999848241,0.07598180000059074,0.08738979999907315,334478.39450725383
1897,196,158,30968,37.847641725614444,0.33177000739954604,0.07781928545600554,0.035240803502452185,0.01134730000194395,0.08037380000314442,0.09172110000508837,337632.23509401875
1898,195,158,30810,26.477395006060785,0.5706894031264249,0.1122712480872322,0.051319214185312524,0.012682599997788202,0.0873624000014388,0.100044999999227,307961.41736456647
1899,219,158,34602,28.620508857987133,1.0687463737656853,0.09072230321419521,0.04059852148202064,0.012147500005085021,0.10240429999976186,0.11455180000484688,302064.21896937396
1900,205,158,32390,44.139776248672646,1.383652272122088,0.0542258264933514,0.02407340534028525,0.013310899994394276,0.08970940000290284,0.10302029999729712,314404.05435481935
1901,159,158,25122,42.40411092379293,1.4662396558694797,0.05420583168394049,0.024140417466959753,0.009864899999229237,0.09381829999620095,0.10368319999543019,242295.7624871459
1902,180,158,28440,34.32154737997502,0.6659582436365632,0.07545207702281481,0.033232762647494696,0.012651099998038262,0.07475369999883696,0.08740479999687523,325382.5876956042
1903,240,158,37920,32.94298459068643,1.4113422397342061,0.06869127501506357,0.030300155618767935,0.01357329999882495,0.08699509999860311,0.10056839999742806,377056.809106735
1904,178,158,28124,32.78914282876505,1.211307725747997,0.07151709094983442,0.031701843042013816,0.01202470000134781,0.058627799997339025,0.07065249999868684,398060.932033866
1905,193,158,30494,28.40585977056979,1.0930066366684728,0.09174863215243129,0.04107764906298783,0.012599999994563404,0.0815632999947411,0.0941632999893045,323841.6665884017
1906,226,158,35708,42.75031295239506,0.665846767387839,0.06589104868781266,0.028665515192308574,0.014563199998519849,0.09331030000612373,0.10787350000464357,331017.3490103028
1907,180,158,28440,40.21583899605184,1.868977158457901,0.05225393604970044,0.02358690903731107,0.01156279999850085,0.10116070000367472,0.11272350000217557,252298.766445782
1908,250,158,39500,43.98070661938817,0.9146468519438853,0.060706053200944125,0.026413038813673094,0.016193099996598903,0.08727489999728277,0.10346799999388168,381760.5443454569
1909,199,158,31442,39.641134095984654,1.6811251931937763,0.05414980696567174,0.024232212432588777,0.011901500001840759,0.07996089999505784,0.0918623999968986,342272.790620118
1910,153,158,24174,31.412912906033263,1.9849338379480455,0.06995834858895003,0.03144491170807923,0.010092100004840177,0.08678540000255452,0.0968775000073947,249531.62497127597
1911,178,158,28124,25.652155718733674,1.1986307222409192,0.10883901160841826,0.049503453386882695,0.01377380000485573,0.1147140999964904,0.12848790000134613,218884.424134143
1912,225,158,35550,43.460562610367205,1.3281873689962005,0.05517187286006445,0.024379636178391458,0.01245059999928344,0.08656509999855189,0.09901569999783533,359033.9713881454
1913,164,158,25912,27.127211692636827,0.7191269091778809,0.10486111170145397,0.04752787508277933,0.010270099999615923,0.07023860000481363,0.08050870000442956,321853.41458220454
1914,241,158,38078,34.61403780356384,0.875771227008336,0.0711092092665996,0.0311353131559652,0.014929899996786844,0.10261840000021039,0.11754829999699723,323934.92718289164
1915,214,158,33812,26.224300126395164,0.7632093330581924,0.11049651334590303,0.0502348246865887,0.01608680000208551,0.08224280000285944,0.09832960000494495,343863.9026122308
1916,224,158,35392,43.9921143827999,1.3521144661198021,0.05480118057399406,0.0241162087977007,0.012801600001694169,0.07342369999969378,0.08622530000138795,410459.57508330274
1917,157,158,24806,33.04684771121914,0.5514728006435017,0.0815796829276084,0.03604492216406748,0.009516999998595566,0.06329279999772552,0.07280979999632109,340695.8953499857
1918,183,158,28914,32.52159537507757,0.5126846118107933,0.08394566023784931,0.03750857126212421,0.011902799997187685,0.07632100000046194,0.08822379999764962,327734.6929147271
1919,174,158,27492,37.21610848143206,1.44728872713143,0.05903023072636748,0.02609842988241208,0.011907300002349075,0.0716372999959276,0.08354459999827668,329069.7423958831
1920,180,158,28440,38.81920464332872,1.2609983555723094,0.05905169490616701,0.026057513561183444,0.011758900000131689,0.060960199996770825,0.07271909999690251,391093.9491991981
1921,159,158,25122,41.06172941936234,1.738629223666793,0.05249207909805081,0.023762377015801278,0.01122380000015255,0.058927400001266506,0.07015120000141906,358112.19194385584
1922,154,158,24332,35.11241013021932,1.6294719526424537,0.06110829954568838,0.027320821770698202,0.011213700003281701,0.05380860000150278,0.06502230000478448,374210.0786685429
1923,176,158,27808,39.02766754537599,0.6036768806493364,0.0698589463594054,0.030575776880528625,0.01135249999788357,0.060824100000900216,0.07217659999878379,385277.2228183176
1924,207,158,32706,36.66041278724103,1.0979639531932692,0.06394170699721813,0.028105552065563196,0.013810800002829637,0.08338550000189571,0.09719630000472534,336494.290404161
1925,183,158,28914,36.11232737001807,1.614645301755266,0.05925111907983718,0.026432321633092584,0.011688599995977711,0.06909669999731705,0.08078529999329476,357911.6497976722
1926,189,158,29862,44.83071152877045,1.8781841241780373,0.04984973909792737,0.02262546233450565,0.011535899997397792,0.08378179999999702,0.09531769999739481,313289.1372831717
1927,190,158,30020,35.50325586244748,1.8417849713134944,0.05857430914010385,0.02623905601600134,0.010354699996241834,0.06527819999610074,0.07563289999234257,396917.21463859465
1928,195,158,30810,41.32781746151814,0.98655522596213,0.060802215569846094,0.02653267192573298,0.011295099997369107,0.07926619999489048,0.09056129999225959,340211.54734564736
1929,176,158,27808,37.16632170098924,0.3386892538120143,0.07902598763439775,0.03565165879357043,0.011806399998022243,0.06317219999618828,0.07497859999421053,370879.1575482497
1930,164,158,25912,29.460505660444134,0.6190905653417138,0.09370776513384323,0.042039608380922494,0.011845399996673223,0.06362700000318,0.07547239999985322,343330.8070241624
1931,183,158,28914,31.91996263165549,0.4646661669687377,0.08732627779256745,0.0392445776121736,0.011276400000497233,0.07278500000393251,0.08406140000442974,343962.8652208544
1932,155,158,24490,40.2792247486821,1.4797201938596818,0.05545246810529285,0.0246946097240382,0.012231900000188034,0.06432939999649534,0.07656129999668337,319874.4013105956
1933,246,158,38868,41.75138637962426,1.909810940999707,0.050878117958658736,0.0230654445543557,0.01582609999604756,0.09165480000228854,0.1074808999983361,361627.0425778135
1934,222,158,35076,27.89210735506828,0.6147448728634632,0.10164950187280407,0.046123620075045724,0.013879900005122181,0.08689389999926789,0.10077380000439007,348066.66016833705
1935,181,158,28598,34.777563355872466,0.3314229493387222,0.08315287618031415,0.037786981310033795,0.01290080000035232,0.0719909999970696,0.08489179999742191,336875.88201532414
1936,242,158,38236,40.752050906215125,1.1093336604315946,0.05924157592218395,0.025836708922182223,0.016076200001407415,0.07549870000366354,0.09157490000507096,417537.9934663612
1937,191,158,30178,31.42380103919114,0.5942893192067427,0.08574517328828701,0.03818669481345224,0.012142299994593486,0.0739979999998468,0.08614029999444028,350335.4411575972
1938,216,158,34128,37.01091817908402,1.5085383974013038,0.05894909703402058,0.026082650728307955,0.012526999998954125,0.06454499999381369,0.07707199999276781,442806.72621967073
1939,215,158,33970,32.66764643327611,1.2735358605506744,0.0710046117397097,0.0313406027686233,0.012423000000126194,0.07994780000444734,0.09237080000457354,367756.9101741898
1940,234,158,36972,31.573544615228467,1.7798571375416634,0.07051988869621044,0.031534085152297345,0.014546500002325047,0.08719850000488805,0.1017450000072131,363379.03579909494
1941,215,158,33970,32.070525133341725,1.407407888236308,0.07160565493212373,0.03175412947976619,0.010932199998933356,0.08443030000489671,0.09536250000383006,356219.6880182006
1942,168,158,26544,34.43350181335575,1.2381139524206246,0.0665178748867812,0.02918322847643121,0.011065999999118503,0.05698929999925895,0.06805529999837745,390035.7503476269
1943,168,158,26544,25.733439818878246,1.598426218462646,0.10478748929092956,0.04758520002648498,0.010912899997492786,0.05540089999703923,0.06631379999453202,400278.6750599229
1944,183,158,28914,34.772218688724976,1.3863231065037502,0.06390275874390104,0.028301706771642378,0.009277099998143967,0.06784309999784455,0.07712019999598851,374921.2268835401
1945,240,158,37920,42.68198402498629,0.523024738776418,0.06929922229219912,0.03029896785906273,0.01801759999943897,0.08007979999820236,0.09809739999764133,386554.5875926554
1946,222,158,35076,37.530822254091035,1.260861943549084,0.06060352581175866,0.02669932326102461,0.013801799999782816,0.0682507000019541,0.08205250000173692,427482.40454900824
1947,170,158,26860,43.90521566408417,0.708001532668471,0.064561615188081,0.028031091621207063,0.011381700001948047,0.06730119999701856,0.0786828999989666,341370.2341976817
1948,226,158,35708,35.39139045173024,1.9068022064748837,0.058441733787653646,0.02622560642778423,0.014938400003302377,0.08157480000227224,0.09651320000557462,369980.4793327493
1949,200,158,31600,40.0354853143963,1.4001034310464426,0.05639729732393162,0.024872641554328195,0.01227100000687642,0.06247070000245003,0.07474170000932645,422789.42004338774
1950,250,158,39500,43.976529707108966,1.095889744518513,0.057970599649414964,0.025262559425325494,0.014784799997869413,0.08470040000247536,0.09948520000034478,397043.98242012993
1951,216,158,34128,30.665262304171065,1.5054127211845805,0.07647260637195945,0.0340307902962068,0.012626899995666463,0.0766626999975415,0.08928959999320796,382216.9659467176
1952,156,158,24648,31.503485115888047,1.7948395921043212,0.07052625512960117,0.03153947007500309,0.009504700006800704,0.05399249999754829,0.063497200004349,388174.59664854244
1953,246,158,38868,29.861586597362333,0.6061224130776646,0.09185438883549375,0.04115899907077292,0.014598100002331194,0.08503639999980805,0.09963450000213925,390105.83682525094
1954,164,158,25912,40.22077788736654,1.9713761419942752,0.051367516804974846,0.02337750331278264,0.010025000003224704,0.0545295999982045,0.06455460000142921,401396.64717040025
1955,197,158,31126,34.42486712811963,1.6030154185018624,0.06305061734535879,0.02803388073792659,0.01052019999769982,0.0747311000013724,0.08525129999907222,365108.8018638864
1956,165,158,26070,42.169379888364865,1.1326673303388244,0.058219035294509024,0.025446722774259366,0.00951780000468716,0.06403699999646051,0.07355480000114767,354429.62253439927
1957,173,158,27334,30.871633020110284,0.4423244826431644,0.09216595840666496,0.041249422988847706,0.010723699997470248,0.06559220000053756,0.07631589999800781,358169.1364540488
1958,175,158,27650,28.83566081700086,0.4325693776651297,0.10128455350401123,0.04609722162391041,0.011250399998971261,0.06960979999712436,0.08086019999609562,341948.201974953
1959,174,158,27492,35.44741682321415,1.8082025551875682,0.05896620730790382,0.026464717988335183,0.011434899999585468,0.05888859999686247,0.07032349999644794,390936.1735605968
1960,210,158,33180,26.144357643345337,1.7832576349763827,0.10028048478623626,0.04564602546044349,0.011783499998273328,0.06753749999916181,0.07932099999743514,418300.3240134754
1961,220,158,34760,28.318591357511707,1.350074718549635,0.08975998180099791,0.04012570343233568,0.013007599998672958,0.0714086000007228,0.08441619999939576,411769.3049467852
1962,175,158,27650,44.58902568837341,1.9935002931317198,0.04898615034824407,0.022366356987575158,0.010892600002989639,0.06745500000397442,0.07834760000696406,352914.4478904559
1963,173,158,27334,27.453242442435666,0.9002616623136241,0.09943390349690562,0.04487592677348555,0.00977749999583466,0.06441809999523684,0.0741955999910715,368404.5954650855
1964,195,158,30810,30.24610883398334,1.0216884515291411,0.08314149561163918,0.036922093895625376,0.010705399996368214,0.06669390000024578,0.07739929999661399,398065.61559791694
1965,181,158,28598,37.5699902260293,0.7962991455839087,0.06742623978666451,0.02929081909847865,0.011859799997182563,0.05718979999801377,0.06904959999519633,414166.0487821728
1966,186,158,29388,26.236225689792718,1.0802802449301845,0.10550697559474127,0.04796919138820812,0.010494599999219645,0.06168220000108704,0.07217680000030668,407166.84585455613
1967,176,158,27808,44.6572658110783,1.726548981016337,0.05097343988571277,0.023046996434904387,0.01132750000397209,0.0536742000040249,0.06500170000799699,427804.1958376297
1968,166,158,26228,39.454796553576855,1.2169590946008106,0.058954374048132537,0.025853497286641543,0.01114380000217352,0.05820809999568155,0.06935189999785507,378187.18738507794
1969,172,158,27176,40.671817172206204,0.46608655361141915,0.07168143071515398,0.031710399759670695,0.009842600004049018,0.05600589999812655,0.06584850000217557,412704.92113111354
1970,225,158,35550,42.246138254763494,0.658483938634988,0.06639506360502741,0.028823450878337643,0.013548399998398963,0.0794300999987172,0.09297849999711616,382346.4564507131
1971,244,158,38552,25.28202168212516,1.3351271043344626,0.1104936885856917,0.05033671560773987,0.014812699999311008,0.07295449999946868,0.08776719999877969,439252.9327645866
1972,230,158,36340,34.06777056613964,1.5142169547773592,0.06460548818350015,0.028682678647454732,0.013816800004860852,0.07536719999916386,0.08918400000402471,407472.19230310415
1973,244,158,38552,37.26084713202623,0.6716306508602233,0.07021428767672208,0.030586060090207142,0.014935100000002421,0.08208870000089519,0.09702380000089761,397345.8058707589
1974,165,158,26070,39.25521640845208,0.8109530154958666,0.06525753034863033,0.02848921358740027,0.009384999997564591,0.05609800000092946,0.06548299999849405,398118.5956752065
1975,220,158,34760,35.769950412486736,0.839417700658236,0.06941378831444314,0.03018615499274971,0.010346700000809506,0.0713848000013968,0.0817315000022063,425295.0208800973
1976,156,158,24648,36.36207527901175,1.1794625955249252,0.06304857792466899,0.02786267593421402,0.008112800001981668,0.05008329999691341,0.05819609999889508,423533.5357604371
1977,166,158,26228,31.665694713853043,1.9110075190177345,0.06942018350768966,0.031083720014537436,0.009695699998701457,0.05663259999710135,0.06632829999580281,395426.98971117433
1978,190,158,30020,29.533893579844964,1.8682793893651775,0.07909475866909196,0.03524677528655287,0.009593099995981902,0.06243440000253031,0.07202749999851221,416785.2556401387
1979,218,158,34444,27.920762458418142,1.1547459879739392,0.09414291771839904,0.04214825267971853,0.011511500000779051,0.07516210000176216,0.0866736000025412,397398.97730093275
1980,209,158,33022,44.79463733397989,1.586518506368501,0.05215991822887274,0.023223394872123125,0.012169300003733952,0.08627960000012536,0.09844890000385931,335422.7421403947
1981,243,158,38394,38.92099658739011,0.5489209531401498,0.07130784137463,0.03138954087445397,0.016265500002191402,0.08966099999815924,0.10592650000035064,362458.8747846186
1982,233,158,36814,36.14848904470009,1.975762672294329,0.05666088124651849,0.02547089530117722,0.014123400003882125,0.09612239999842132,0.11024580000230344,333926.5532041204
1983,236,158,37288,32.55624189199129,1.6081445464020727,0.06829835463739385,0.030327892561013363,0.012410700001055375,0.07841809999808902,0.0908287999991444,410530.58061266085
1984,200,158,31600,36.746401451223406,1.6371790079702417,0.05817852114355476,0.02578723800167128,0.011201000001165085,0.06272419999731937,0.07392519999848446,427459.10732264275
1985,213,158,33654,35.669114959169555,1.150654099684973,0.0645493016641953,0.0285027946013324,0.010959399995044805,0.07438990000082413,0.08534929999586893,394309.0336022547
1986,222,158,35076,29.380220002008528,1.182663179655844,0.08564651725667961,0.03808406827257848,0.013498600004822947,0.0768409000011161,0.09033950000593904,388268.69749881345
1987,220,158,34760,26.054364104169018,0.32199117352853884,0.1223730115520724,0.057292493318117775,0.011647999999695458,0.06847940000443486,0.08012740000413032,433809.1588920672
1988,186,158,29388,31.074960433696663,1.2886947406290383,0.07622089871469202,0.03384322173918493,0.0106794000021182,0.06069650000426918,0.07137590000638738,411735.6138048009
1989,215,158,33970,28.513467961583608,1.2204662333611873,0.08940574829046877,0.04007586831240019,0.009500899999693502,0.0785667000018293,0.0880676000015228,385726.4192439968
1990,235,158,37130,30.48541540733384,0.48267266134248954,0.09214914848069491,0.04139497944354638,0.013595700002042577,0.09232109999720706,0.10591679999924963,350558.17396544316
1991,171,158,27018,31.73085091739998,1.8012209124039,0.06969777278828984,0.03120833687636147,0.011873199997353368,0.08737060000566998,0.09924380000302335,272238.66880527476
1992,150,158,23700,44.48321954455575,1.2775684741451523,0.055413766079923696,0.024347127121587875,0.01112950000242563,0.062237300000560936,0.07336680000298657,323034.3970165693
1993,238,158,37604,32.082538803214206,1.6267182908327398,0.06953566656672347,0.03106797382203613,0.014176399999996647,0.08820189999823924,0.10237829999823589,367304.3994737944
1994,183,158,28914,37.61320825081283,0.8987321540660544,0.0653937038226231,0.02849437812163687,0.011346899998898152,0.07363569999870379,0.08498259999760194,340234.35386556666
1995,187,158,29546,39.12295893677158,1.9036270644027469,0.05279883161253386,0.02388052124344884,0.012903700000606477,0.17764149999857182,0.1905451999991783,155060.32164613652
1996,249,158,39342,44.68906964191796,1.1549966309481363,0.05685927512197849,0.0250186971023658,0.013980000003357418,0.20332390000112355,0.21730390000448097,181045.9913475494
1997,223,158,35234,42.44724100936195,0.3130871129604056,0.07528398307581691,0.03428942215716547,0.013705100005608983,0.08035169999493519,0.09405680000054417,374603.43111605063
1998,228,158,36024,35.25737765958131,1.607595217725379,0.060819256764446314,0.027053496278689335,0.01171539999631932,0.07573160000174539,0.08744699999806471,411952.3825951404
1999,200,158,31600,28.64159216050085,0.380287741885028,0.10381057588188117,0.047676576901748084,0.01121949999651406,0.06584849999489961,0.07706799999141367,410027.5082202812
2000,200,158,31600,44.32270471480325,1.6357966053118924,0.05177570838723794,0.02325857530910705,0.01301180000155,0.05992530000366969,0.07293710000521969,433250.019506377
2001,175,158,27650,38.28135320979569,1.9272662635994549,0.05369200226019724,0.02424788423429552,0.00883629999589175,0.0676445999997668,0.07648089999565855,361528.172413891
2002,205,158,32390,32.693531151229436,1.8215658505732297,0.06618949699428851,0.02952009036220123,0.011411400002543814,0.07650899999862304,0.08792040000116685,368401.41764107224
2003,176,158,27808,31.618199000847525,1.438718598515097,0.07307905436707308,0.032498337371386674,0.00996379999560304,0.06288979999953881,0.07285359999514185,381696.99234978564
2004,236,158,37288,40.15501454747988,1.0101151693726718,0.0612756370558438,0.026701828972416065,0.01446340000256896,0.07813290000194684,0.0925963000045158,402694.27610154526
2005,221,158,34918,32.748178015693256,0.8853062881301483,0.0757075085466614,0.033481840613323995,0.01432829999976093,0.0824365999942529,0.09676489999401383,360853.9873669082
2006,176,158,27808,33.60889844160627,1.5400539719178763,0.06512794344322383,0.02918551900315486,0.01175850000436185,0.0572732000000542,0.06903170000441605,402829.4247167763
2007,171,158,27018,32.14545503990375,1.2031244515099835,0.07321415314199047,0.032414449217510515,0.011363300000084564,0.061252500003320165,0.07261580000340473,372067.7868829264
2008,244,158,38552,28.84893129122788,1.4598236715814634,0.08541227887177955,0.038236986287655816,0.01389779999590246,0.0728677000006428,0.08676549999654526,444324.0689160441
2009,200,158,31600,26.83063732499978,1.2344259109410705,0.09959301116414725,0.04504962453744736,0.012487899999541696,0.06287370000063675,0.07536160000017844,419311.6918951452
2010,174,158,27492,27.39047192250902,1.2805031635511206,0.09577642917448653,0.043129054940466684,0.011244300003454555,0.05462380000244593,0.06586810000590049,417379.58127739007
2011,169,158,26702,27.687508915342796,0.45805527368497706,0.10719338817325372,0.04896681509013724,0.010591699996439274,0.0673162000020966,0.07790789999853587,342738.0278572752
2012,204,158,32232,43.772073392001,1.6399881068833517,0.052022395839493196,0.02336769471960519,0.013909499997680541,0.08074939999642083,0.09465889999410138,340506.80920662
2013,176,158,27808,29.71689727758777,1.4027009791170533,0.08173484164027604,0.036496753966276996,0.01041649999388028,0.06227470000158064,0.07269119999546092,382549.74469724565
2014,167,158,26386,44.43710365652256,1.5532730344996897,0.052695958022351504,0.023552731370759576,0.011084400000981987,0.061390700000629295,0.07247510000161128,364069.8667461429
2015,190,158,30020,37.086197571506005,0.9700785122763322,0.06490413096410162,0.02835587975588558,0.011277899997367058,0.0735052000018186,0.08478309999918565,354079.99943725043
2016,229,158,36182,28.457306899338242,1.9384814218792266,0.08480221987439203,0.03810768435687558,0.014856599998893216,0.09060759999556467,0.10546419999445789,343073.763437274
2017,183,158,28914,41.70974642174555,1.0550257713100877,0.05945329511195381,0.025941875662398972,0.01208250000490807,0.0645552000059979,0.07663770001090597,377281.67724090593
2018,240,158,37920,38.28235344970832,1.5642097100273007,0.05663397613209177,0.02523754984161099,0.014898000001267064,0.07971589999942807,0.09461390000069514,400786.77657005365
2019,175,158,27650,41.876999424778,0.3672471659115695,0.07419472039847123,0.033262557985505724,0.010620799999742303,0.06603760000143666,0.07665840000117896,360691.0658137237
2020,159,158,25122,25.296988808921764,1.5501418765249708,0.10871008043968938,0.049537700252211325,0.010729000001447275,0.05624099999840837,0.06696999999985565,375123.18948863895
2021,216,158,34128,34.33117898691795,0.998700991284434,0.06955427814302831,0.030542263587119485,0.01290339999832213,0.07845230000384618,0.0913557000021683,373572.74914635846
2022,236,158,37288,29.127637116440944,1.8807341982147154,0.08140697835061331,0.03644877598829823,0.013270399998873472,0.07658890000311658,0.08985930000199005,414959.8316387309
2023,178,158,28124,40.195266581018814,0.3973726560169153,0.07422690347266216,0.03303025856521437,0.01056570000218926,0.05798779999895487,0.06855350000114413,410248.92966122256
2024,158,158,24964,43.06157164130987,1.8619404394886103,0.05052943580062939,0.02295258206779375,0.008173900001565926,0.04865810000046622,0.056832000002032146,439259.57205636543
2025,152,158,24016,35.21655441378812,0.7076397251224376,0.07285649134241863,0.03194731845647151,0.010066800001368392,0.04850480000459356,0.058571600005961955,410028.06816879567
2026,181,158,28598,43.830636188958366,0.889050506566726,0.061072056503605136,0.02648742050167629,0.011931900000490714,0.06713599999784492,0.07906789999833563,361689.1304891363
2027,179,158,28282,31.659412796301844,1.7034131239209824,0.07077455340195508,0.03161029764623171,0.009220900006766897,0.06677290000516223,0.07599380001192912,372161.93946822546
2028,234,158,36972,30.211801891610435,0.6939678397619862,0.08870738336680448,0.039448457992047485,0.014871799998218194,0.082204800004547,0.09707660000276519,380853.88238717534
2029,225,158,35550,32.257244156647545,0.8530702926417277,0.07780584634027561,0.03441052011012987,0.014058400003705174,0.08106810000026599,0.09512650000397116,373712.89807273395
2030,152,158,24016,34.68573597860504,0.6291913107329083,0.07557552582321792,0.033248228966621204,0.008898000000044703,0.04703539999900386,0.05593339999904856,429367.7838359284
2031,161,158,25438,31.22095424568697,0.3731984751421891,0.09201415522352585,0.041585674904654896,0.009070700005395338,0.06499020000046585,0.07406090000586119,343474.0868391666
2032,211,158,33338,36.267385370162444,0.6370194384833876,0.07257512258138436,0.03186215139376841,0.010290500002156477,0.07597359999635955,0.08626409999851603,386464.35771744564
2033,201,158,31758,25.507901533972333,0.5327793165760522,0.12012227166322727,0.055546032532142735,0.012039500004902948,0.06529729999601841,0.07733680000092136,410645.3848571656
2034,179,158,28282,42.791741392871835,1.3785720068678056,0.05497036557588188,0.02428619999546028,0.009620199998607859,0.0646063000021968,0.07422650000080466,381022.9500204564
2035,212,158,33496,38.45898750732723,1.9421231263980505,0.053288081043881705,0.024099751748851327,0.01245290000224486,0.06384819999948377,0.07630110000172863,438997.60290796775
2036,176,158,27808,43.5185967557303,1.0148082440211676,0.05927922615513564,0.025854274962312525,0.010641900000337046,0.05285219999495894,0.06349409999529598,437961.95240282454
2037,226,158,35708,40.41329731749481,1.5235925212624546,0.05484161988941574,0.024542798667934955,0.01287219999358058,0.07246090000262484,0.08533309999620542,418454.26922950015
2038,165,158,26070,39.91719627497392,0.5369641828335847,0.07047646078922658,0.03088956473216579,0.008372700001928024,0.060993999999482185,0.06936670000141021,375828.7477920962
2039,173,158,27334,37.48791751942454,0.4256050822656209,0.075758704894849,0.03381697067483984,0.010944599998765625,0.06553990000247722,0.07648450000124285,357379.59978238505
2040,229,158,36182,42.593628636110665,0.7999144288194159,0.06322198997266286,0.0275755841660297,0.014160500002617482,0.08361510000395356,0.09777560000657104,370051.4238477532
2041,189,158,29862,28.902670307055132,1.6006439977435787,0.08410976626682588,0.03760192923369466,0.012791100001777522,0.06751190000068163,0.08030300000245916,371866.5554099538
2042,193,158,30494,30.80969208843829,1.1014958855483317,0.07979335140759702,0.03538842752320795,0.011873700001160614,0.0682913999989978,0.08016510000015842,380389.9701982501
2043,238,158,37604,37.37658644449665,0.3726496260000857,0.07748781950028795,0.034979744271495326,0.013768099997832906,0.08237790000566747,0.09614600000350038,391113.5148485736
2044,184,158,29072,37.65226463381899,1.4559174628473697,0.05834383543711471,0.025855571239870215,0.010129300004336983,0.05638149999867892,0.0665108000030159,437101.9443260605
2045,211,158,33338,27.12174983795968,1.968352766276222,0.09278359752776248,0.041823737535178776,0.012487300002248958,0.07100630000059027,0.08349360000283923,399288.0891333746
2046,165,158,26070,33.46557415509302,0.8096196490184078,0.07483599645238317,0.03284639878005415,0.00926179999805754,0.06364120000216644,0.07290300000022398,357598.4527374718
2047,219,158,34602,37.351683900989286,0.704274180243998,0.06925725681170747,0.03030969298567687,0.01113430000259541,0.07237900000473019,0.0835133000073256,414329.21459174517
2048,182,158,28756,25.662001040730534,0.8110658759280334,0.11307649745532918,0.05201657681101259,0.009940900003130082,0.06286220000038156,0.07280310000351164,394983.1806422111
2049,150,158,23700,30.679965563136065,0.9355643989108655,0.08252768158748441,0.036627413493117246,0.009469500000705011,0.04222909999953117,0.05169860000023618,458426.34036302194
2050,187,158,29546,26.32101658159375,1.9291656735328038,0.09933962853630829,0.044667492388452724,0.010781600001791958,0.06688840000424534,0.0776700000060373,380404.27446508803
2051,239,158,37762,35.39684475841992,1.4164035069335368,0.06217230603872928,0.027660440553210753,0.01397010000073351,0.0938869999954477,0.1078570999961812,350111.39740765333
2052,197,158,31126,31.980179686486018,0.5714384490241171,0.08466360139344102,0.037479322802362075,0.011256400001002476,0.07385599999543047,0.08511239999643294,365704.6446969477
2053,187,158,29546,27.423428643969196,1.9959469182320273,0.09110627565679784,0.04105345451847518,0.011026799998944625,0.059694700001273304,0.07072150000021793,417779.60026171606
2054,154,158,24332,38.89607978504671,1.8588958843453645,0.05338619162363176,0.024023458802523236,0.00898330000200076,0.05774099999689497,0.06672429999889573,364664.7473319718
2055,200,158,31600,27.128416944604975,1.9778746289749303,0.09311011821408907,0.04184381810642566,0.013971000000310596,0.07731539999804227,0.09128639999835286,346163.2839127206
2056,173,158,27334,36.927093799287086,1.9429456021325464,0.055334384846323886,0.024952208718974227,0.011711300001479685,0.07589780000125756,0.08760910000273725,311999.5525481483
2057,197,158,31126,29.896178027560214,1.8971255111881389,0.07724778262729208,0.03450823001864236,0.010763999998744112,0.0670137999986764,0.07777779999742052,400191.31424432533
2058,236,158,37288,27.856214105650366,1.2439958829995512,0.0930885940728625,0.04164334938238837,0.0145288999992772,0.07429830000182847,0.08882720000110567,419781.32823657466
2059,168,158,26544,44.563308777868265,0.5189965864371309,0.06891229791010427,0.030178305852175298,0.01045239999803016,0.06223889999819221,0.07269129999622237,365160.6175894425
2060,222,158,35076,25.86182746339074,1.3975912728407802,0.10569971145594544,0.04782401704209269,0.012604099996678997,0.0745256000009249,0.0871296999976039,402572.25723220216
2061,235,158,37130,33.81322587862638,0.9411200047509367,0.07182236084707697,0.03147347689491953,0.014496499999950174,0.10607850000087637,0.12057500000082655,307941.11548617436
2062,197,158,31126,27.067117888167346,1.3004218829528393,0.09721165784367067,0.04400075847103575,0.012810799998987932,0.08810860000085086,0.10091939999983879,308424.34655824077
2063,219,158,34602,39.814296498383435,1.764089500491941,0.05344248382208077,0.02393900659262288,0.013400900003034621,0.0845058999984758,0.09790680000151042,353417.7401310858
2064,249,158,39342,43.86741802249914,0.4353868815865108,0.07133829301135743,0.03150034323633249,0.013399399998888839,0.10451430000102846,0.1179136999999173,333650.7971510316
2065,179,158,28282,43.53164023301218,1.1415591253129527,0.05752501274654657,0.02523004867019077,0.011685799996485002,0.06691929999942658,0.07860509999591159,359798.53726375266
2066,231,158,36498,42.594852895798496,1.8977633045657,0.050465800900447395,0.02294674509651532,0.011605199993937276,0.0798244000034174,0.09142959999735467,399192.3840972289
2067,243,158,38394,37.817878942807006,0.7534546116798673,0.06793762526259298,0.02950592268448632,0.01426740000169957,0.0930240000016056,0.10729140000330517,357847.8796885608
2068,202,158,31916,35.781022388044974,1.115845455204497,0.06514088704727591,0.02859374639185983,0.012683500004641246,0.06906819999858271,0.08175170000322396,390401.6674728643
2069,156,158,24648,40.001154991789804,1.0840005205228447,0.060582684619200126,0.026347934200409512,0.01044019999972079,0.0652507000049809,0.07569090000470169,325640.2024347569
2070,229,158,36182,39.71306132267968,0.5223985574914475,0.07114580312330747,0.03098844211242281,0.014740099999471568,0.08230109999567503,0.0970411999951466,372851.94331695815
2071,204,158,32232,29.246775393677755,1.179700084115987,0.08617996638411395,0.038458608312509725,0.013120399999024812,0.06993990000046324,0.08306029999948805,388055.4247961862
2072,238,158,37604,27.941964927253256,0.46682502487529587,0.10568378067348785,0.04812945205857239,0.014200600002368446,0.08083269999769982,0.09503330000006827,395692.8781803114
2073,250,158,39500,40.839010672829794,1.5575105427410945,0.05426268172977226,0.024341525903746105,0.014475900003162678,0.08959830000094371,0.10407420000410639,379536.9073069164
2074,243,158,38394,25.147365050113677,1.9448305797960865,0.10770154853711914,0.04900252558165926,0.013045299994701054,0.07930349999514874,0.0923487999898498,415749.85277794563
2075,168,158,26544,36.212870824236106,0.39996484668407056,0.07854002019044261,0.035118264294051064,0.007951400002639275,0.05438030000368599,0.062331700006325264,425850.7308048133
2076,233,158,36814,36.095622228412466,1.2196922650610458,0.06328937214563152,0.027820771844333604,0.015050000001792796,0.08401199999934761,0.0990620000011404,371625.8504732006
2077,232,158,36656,36.34324530537024,1.8825831302819533,0.05680319131926743,0.025492563531680657,0.01288820000627311,0.07019550000404706,0.08308370001032017,441193.6396121839
2078,231,158,36498,41.71160829211486,1.1299357761441682,0.0584189708686596,0.025519182728661414,0.013049699999100994,0.08279749999928754,0.09584719999838853,380793.59648079064
2079,164,158,25912,41.81728059569201,0.33898114986342465,0.07457950973207692,0.03365197527703181,0.008039699998334982,0.05325730000186013,0.06129700000019511,422728.68166333623
2080,232,158,36656,37.032693982224664,0.8346898657163193,0.06737646874699019,0.029429772831611765,0.013288300004205666,0.06990810000570491,0.08319640000991058,440595.9872738897
2081,169,158,26702,44.056441605933294,0.6322649230015327,0.0662632977426272,0.028911768189274163,0.011614600000029895,0.06474669999442995,0.07636129999445984,349679.7461795082
2082,240,158,37920,40.11770850530296,1.3766002589529724,0.05659081588839623,0.02501116481999768,0.012777500000083819,0.07883809999475488,0.0916155999948387,413903.3090667559
2083,249,158,39342,40.6753828005249,1.3720885993555183,0.056262046349416735,0.024902013688717233,0.01292299999477109,0.08520999999745982,0.09813299999223091,400904.8944097772
2084,219,158,34602,41.49267622641439,0.5043236636873268,0.07028196945646259,0.030951522208957454,0.012304799995035864,0.22851309999532532,0.24081789999036118,143685.33236684217
2085,187,158,29546,25.61394049095592,1.1399337041635536,0.1097440772090543,0.049757369975826256,0.010109800001373515,0.07338820000586566,0.08349800000723917,353852.7868624207
2086,200,158,31600,25.572790748122582,1.9259774394902993,0.10473553912468803,0.04745499663517137,0.011653000001388136,0.06355569999868749,0.07520870000007562,420164.15653997776
2087,157,158,24806,43.57713127850535,1.714567330477327,0.051582762242339646,0.023282202685102914,0.009279400001105387,0.06217010000545997,0.07144950000656536,347182.27556134923
2088,180,158,28440,25.851444960254362,1.219590235840483,0.10646705409177731,0.04841484637725523,0.011677000002237037,0.05657280000013998,0.06824980000237701,416704.5178009238
2089,156,158,24648,35.86597938114987,0.9100163446741001,0.0677989087523923,0.02981163899965,0.00848289999703411,0.057980900004622526,0.06646380000165664,370848.4919517939
2090,225,158,35550,37.147193264330205,1.3791215488436708,0.05991288760584512,0.026346517695753597,0.013072199995804112,0.07496070000343025,0.08803289999923436,403826.2967630191
2091,250,158,39500,29.004029735676983,1.2380279668436196,0.08673591786338292,0.038821049668313755,0.017056600001524203,0.09225699999660719,0.1093135999981314,361345.7063043868
2092,176,158,27808,34.39146909207156,0.9757879198607153,0.07014752349941386,0.03074996646615807,0.009890000001178123,0.058511399998678826,0.06840139999985695,406541.38658065704
2093,242,158,38236,37.03042214567463,0.8958123057097216,0.06618847705927901,0.028993062589403977,0.01234199999453267,0.08029869999882067,0.09264069999335334,412734.3597656679
2094,153,158,24174,38.92365719779976,0.7344071056148224,0.06699879685866399,0.029146237905085262,0.008741300000110641,0.059728699998231605,0.06846999999834225,353059.73419870436
2095,217,158,34286,36.92007185137108,0.7704397602272304,0.06866080480378503,0.029900921170525358,0.01504209999984596,0.09099029999924824,0.1060323999990942,323353.9936877114
2096,219,158,34602,28.920565423764007,1.94511619053472,0.08195446529248088,0.03673973609140977,0.012300199996388983,0.08501889999752166,0.09731909999391064,355551.9934130616
2097,167,158,26386,43.38094991417664,0.7105621793191579,0.06474976633036586,0.028038837709125596,0.009748800002853386,0.06459650000033434,0.07434530000318773,354911.4738775503
2098,195,158,30810,37.21270552696373,1.3986581714673114,0.059418232032808806,0.02632304803578166,0.00984460000472609,0.0654497000068659,0.07529430001159199,409194.3214195049
2099,197,158,31126,37.76989000952059,0.8305511518070368,0.06655704608329442,0.028927203649035012,0.011673699998937082,0.06890910000220174,0.08058280000113882,386261.08796864987
2100,224,158,35392,34.89041879457304,0.8559557497995807,0.07086532520099391,0.03108118201891444,0.014033799998287577,0.07356330000038724,0.08759709999867482,404031.64032297203
2101,177,158,27966,36.942791536979,1.3744544169059403,0.06005836525781024,0.026652679517993508,0.011432300001615658,0.09332480000011856,0.10475710000173422,266960.42558964534
2102,157,158,24806,28.03314010462827,0.3919206091120919,0.10699528361098865,0.04896929879329051,0.010497600000235252,0.08995770000183256,0.10045530000206782,246935.70174484953
2103,205,158,32390,41.86971987616462,1.3288550107615567,0.05588610621137873,0.024695924074427337,0.011518300001625903,0.07275420000223676,0.08427250000386266,384348.3935864653
2104,169,158,26702,32.01140088381082,1.03242561440964,0.07614004484309103,0.03362117032321589,0.009821899999224115,0.062948899998446,0.07277079999767011,366932.8906766851
2105,216,158,34128,35.49439763513422,1.5467931097237946,0.0612464954212298,0.027125368386486298,0.012241899996297434,0.07032730000355514,0.08256919999985257,413326.03440581885
2106,190,158,30020,30.490669512467598,0.49102819256354935,0.09240852480769553,0.04146692776322384,0.010183999998844229,0.06499520000215853,0.07517920000100276,399312.5758135174
2107,195,158,30810,39.79222842472599,1.5752264106981582,0.054797682260951476,0.024499414743152505,0.010573800005658995,0.06961869999940973,0.08019250000506872,384200.51748047007
2108,217,158,34286,39.45859209425391,0.32709961380400737,0.07673603008516987,0.03472907880894145,0.013886100001400337,0.08646540000336245,0.10035150000476278,341659.0683584476
2109,169,158,26702,38.23501448619636,1.349147942816535,0.058762204007040665,0.02605573824551018,0.010034400002041366,0.061325799993937835,0.0713601999959792,374186.1710239675
2110,207,158,32706,30.44068942466523,1.9673295501320098,0.07414185251846142,0.0331717213189961,0.011036500000045635,0.06836540000222158,0.07940190000226721,411904.50101403275
2111,185,158,29230,28.68002376682699,1.382062037374413,0.0872327686730441,0.03882488020234676,0.015776899999764282,0.0659735000008368,0.08175040000060108,357551.76732817315
2112,239,158,37762,36.62919698576932,0.815627020548694,0.06817069047902222,0.029772239486497567,0.013424400000076275,0.08790850000514183,0.10133290000521811,372652.90935180435
2113,228,158,36024,27.52189586898192,1.5137349541601628,0.09299262330417515,0.04177770094201703,0.01314970000385074,0.07999809999455465,0.09314779999840539,386740.21287262504
2114,225,158,35550,44.6432227898504,0.5401473756788701,0.06831725112374909,0.029826299194648742,0.013487999996868894,0.094314599999052,0.1078025999959209,329769.41188195057
2115,225,158,35550,31.180377906173902,0.37468900066504424,0.09247196342930504,0.04205089644006951,0.014213000002200715,0.15137220000178786,0.16558520000398858,214693.10058594416
2116,173,158,27334,35.581228769066996,1.0722712306927698,0.06584154549449035,0.02903832194822483,0.010390600000391714,0.07488360000570538,0.08527420000609709,320542.4383699363
2117,241,158,38078,31.950841351243817,0.6236903357425228,0.08347107461667616,0.03700814110736267,0.01143700000102399,0.1246958000047016,0.13613280000572558,279712.1634051344
2118,222,158,35076,26.66558724302624,1.2945484185862044,0.10057907027805882,0.04530578895397294,0.013069300002825912,0.12524120000307448,0.1383105000059004,253603.30559504623
2119,190,158,30020,28.98978912440591,0.31104012516101487,0.10424693160464396,0.04789812509675008,0.012341200002992991,0.08430640000005951,0.0966476000030525,310612.98986267485
2120,168,158,26544,30.012825362183086,0.6845991132664464,0.08992030525194543,0.04026999362475036,0.011775200000556652,0.06717889999708859,0.07895409999764524,336195.3337545695
2121,231,158,36498,35.47575670812532,1.8894024574425874,0.058300061875388984,0.0262324692131697,0.018152600001485553,0.42688259999704314,0.4450351999985287,82011.49032732841
2122,229,158,36182,37.2859248190764,0.33728940173016436,0.07851175118529473,0.03570141474850977,0.014972800003306475,0.1887325999996392,0.20370540000294568,177619.24818623753
2123,196,158,30968,25.3689934550183,0.30042194304917313,0.12805430245249236,0.06018147939043731,0.013147199999366421,0.06820959999458864,0.08135679999395506,380644.27315603575
2124,235,158,37130,41.00085538197354,1.3619731405015927,0.05626011724825542,0.02480344736589604,0.014147599998977967,0.16947929999878397,0.18362689999776194,202203.48979617117
2125,198,158,31284,27.631185660758184,1.4614503006841713,0.09242904442621637,0.04162503622062347,0.012905099996714853,0.06977719999849796,0.08268229999521282,378363.9303915263
2126,195,158,30810,25.391051462922864,0.6746049109143019,0.11773839944922888,0.054125937503627854,0.0117030999972485,0.08108979999815347,0.09279289999540197,332029.71349668654
2127,194,158,30652,32.43658197324905,0.8130527133417296,0.07781275716039705,0.034345802518639446,0.01176850000047125,0.0723262000028626,0.08409470000333386,364493.83847953356
2128,223,158,35234,31.07860851361832,1.3397704642862411,0.07592048173502285,0.03372962484314653,0.013911599999119062,0.08612400000129128,0.10003560000041034,352214.61159682623
2129,198,158,31284,38.48616509910032,1.0817714685741269,0.0615960817325222,0.02693640344138427,0.012273000000277534,0.06648860000132117,0.07876160000159871,397198.63485969044
2130,170,158,26860,31.361749882666118,1.805004767580005,0.07111324227360231,0.031783669074846824,0.010652299999492243,0.05947020000166958,0.07012250000116182,383043.958780063
2131,214,158,33812,30.15437027893053,1.1240944779714193,0.08186736439757732,0.036554648502757386,0.013293400006659795,0.08406400000239955,0.09735740000905935,347297.6886898552
2132,241,158,38078,39.490112455063596,1.1854815152974076,0.05925741716633081,0.02606062376630477,0.01709339999797521,0.08618160000332864,0.10327500000130385,368704.9140597363
2133,189,158,29862,44.672251237465744,1.5430712321332412,0.052642318220890084,0.02349467774687681,0.01072270000440767,0.06075029999919934,0.07147300000360701,417808.12332619255
2134,215,158,33970,29.779501991388603,0.3221493014038569,0.1004803822764445,0.046214702541559925,0.013084599995636381,0.07767860000603832,0.0907632000016747,374270.6294993258
2135,168,158,26544,26.529314139985438,0.8613362788777033,0.10640629770028093,0.048205136983831304,0.00939249999646563,0.05091540000285022,0.06030789999931585,440141.34135496547
2136,181,158,28598,37.26943015784468,1.414183074990787,0.05923448535024938,0.026188021081662776,0.008913999998185318,0.06461819999822183,0.07353219999640714,388918.05224646244
2137,201,158,31758,34.87459005611524,1.6628290646555126,0.061444551900994626,0.027414172065561303,0.011435000000346918,0.07368500000302447,0.08512000000337139,373096.80449650076
2138,236,158,37288,43.43542427904334,0.4923787012615772,0.06979567563828523,0.030644757635480132,0.018214600000646897,0.3161993999965489,0.3344139999971958,111502.5088671906
2139,244,158,38552,27.440826566101613,1.5790376795543783,0.09353796946175094,0.0419629339270982,0.013929300002928358,0.08542700000543846,0.09935630000836682,388017.6697074421
2140,194,158,30652,40.013492346141774,1.2593027845545957,0.057870174197090875,0.02552123407674251,0.011364700003468897,0.068692299995746,0.0800569999992149,382877.1999987584
2141,243,158,38394,40.69495413535053,0.39314498953370286,0.07391242583460614,0.03292295937818575,0.016725000001315493,0.0958563000021968,0.1125813000035123,341033.5464131449
2142,159,158,25122,38.365715165516804,0.8199131704086045,0.06599588790613883,0.028561697117950174,0.009773899997526314,0.05991270000231452,0.06968659999984084,360499.7230465739
2143,208,158,32864,26.170107761660656,1.7679624284878306,0.1011484166614326,0.04567263201237657,0.011038399999961257,0.07244689999788534,0.0834852999978466,393650.1396155693
2144,230,158,36340,37.49868253997026,0.8558730455314847,0.06627753351139824,0.02884534935114907,0.013267999995150603,0.08720870000252035,0.10047669999767095,361675.8910358557
2145,195,158,30810,30.08581348877994,0.6240922031058014,0.09061110612592622,0.04064685376751517,0.013572700001532212,0.07584289999795146,0.08941559999948367,344570.7460463041
2146,158,158,24964,36.96880316215459,1.508188186843131,0.05903838674868193,0.026160144860020256,0.010237700000288896,0.05528680000134045,0.06552450000162935,380987.26429624396
2147,176,158,27808,31.417407960212415,1.9412138990250927,0.07031951610458943,0.031308305068662744,0.01120200000150362,0.06055880000349134,0.07176080000499496,387509.61525044875
2148,228,158,36024,41.00134174711252,0.6029150568674003,0.06820806822883335,0.029735738928179177,0.012625899995327927,0.07800760000100126,0.09063349999632919,397468.92706845736
2149,208,158,32864,31.39049633992605,0.5864493688711157,0.08625108466538883,0.03837266803137234,0.012786100000084843,0.0703196000031312,0.08310570000321604,395448.2063050816
2150,172,158,27176,44.8242267237694,0.5212424461792661,0.06879043438831638,0.030244689672540518,0.010631500001181848,0.06000510000012582,0.07063660000130767,384729.72933998663
2151,163,158,25754,38.04856175080145,1.3820393043087205,0.058641924128245294,0.02590673360879344,0.010736499993072357,0.08480859999690438,0.09554509998997673,269548.0982562345
2152,190,158,30020,37.53151352358903,1.9222560735548815,0.054673170031983964,0.024633598256680392,0.012642299996514339,0.06751210000220453,0.08015439999871887,374527.16258221405
2153,244,158,38552,39.156285541448746,1.8473334810100217,0.05333468701683763,0.024044120054179503,0.011169299999892246,0.07811679999576882,0.08928609999566106,431780.5347290728
2154,220,158,34760,26.828955442932283,0.638464789626582,0.10845564696727211,0.04947550008667398,0.01473930000065593,0.0668396999972174,0.08157899999787332,426090.0476949479
2155,201,158,31758,39.772349618253,1.7198441354029546,0.053508784627515814,0.024122124166592412,0.012957299994013738,0.07168539999838686,0.0846426999924006,375200.69660881924
2156,196,158,30968,40.89896006061689,1.2408858680556873,0.05755454111266536,0.02529040244013365,0.012047700001858175,0.062259099999209866,0.07430680000106804,416758.62773736566
2157,181,158,28598,26.223104474727823,0.6578872165464399,0.11183120944156057,0.05103623085810594,0.010959200000797864,0.06405979999544797,0.07501899999624584,381210.09346207127
2158,241,158,38078,41.861101790321385,1.783600471556387,0.05180501497693879,0.023249028234238578,0.01480930000252556,0.10115619999851333,0.11596550000103889,328356.27837295464
2159,206,158,32548,35.920513912383456,1.5056440396190263,0.060611484765361094,0.02693579752386396,0.012649500000406988,0.08067889999801992,0.0933283999984269,348747.00520472456
2160,154,158,24332,38.26106247679196,0.9856339264897593,0.06321314547891933,0.02769609289751396,0.010625299997627735,0.06597340000007534,0.07659869999770308,317655.52157842927
2161,231,158,36498,25.199941803831475,1.5333269107324408,0.10948053955540235,0.04989649825762329,0.015141500000027008,0.107035499997437,0.12217699999746401,298730.53030241025
2162,211,158,33338,39.10255114880119,1.993259809516503,0.052361794149725444,0.023779218305184875,0.011948999999731313,0.06774859999859473,0.07969759999832604,418306.1974350574
2163,242,158,38236,41.759070124522076,1.2672402465115857,0.05682732055355555,0.025013500274319835,0.015184299998509232,0.08658250000007683,0.10176679999858607,375721.74815884203
2164,151,158,23858,31.6622814307396,1.1170518270781433,0.07621337603026519,0.03370584767680975,0.00910269999440061,0.0524135000014212,0.06151619999582181,387832.7985412044
2165,174,158,27492,30.596218378870727,0.39369309361106697,0.09402108166286872,0.042816961594123855,0.011269599999650382,0.07326699999975972,0.0845365999994101,325208.2529956473
2166,201,158,31758,35.361020013270526,1.5118714580974606,0.061517076776092104,0.027382972862253933,0.01136910000059288,0.07296610000048531,0.08433520000107819,376568.7399756446
2167,223,158,35234,33.53984218882625,0.6135833604616808,0.07852837191950986,0.03482115176063942,0.013690599997062236,0.08437310000590514,0.09806370000296738,359297.06913907826
2168,225,158,35550,42.86866142107081,0.5479211286034308,0.06854002829283669,0.030049069918866043,0.014521400000376161,0.11866249999729916,0.13318389999767533,266924.1552516521
2169,201,158,31758,34.63888667081472,1.7186783265723635,0.061557491242783244,0.02750159307922124,0.01438860000052955,0.08181120000517694,0.09619980000570649,330125.4264366053
2170,234,158,36972,38.77835066673516,1.391186772648192,0.057795730138507986,0.02552944768772611,0.013335799994820263,0.07959639999899082,0.09293219999381108,397838.42416796536
2171,194,158,30652,35.92880865891401,0.8945950070272193,0.06797075180736482,0.029841939224605162,0.012524999998277053,0.06458379999821773,0.07710879999649478,397516.23681594554
2172,213,158,33654,40.55875079698289,0.605255577842065,0.06834108772573497,0.029626738519202323,0.013052200003585313,0.0720965000000433,0.08514870000362862,395237.97777964704
2173,186,158,29388,34.44596186426704,1.537004812376322,0.06343076598050892,0.02814230132070971,0.012415899996994995,0.06606769999780226,0.07848359999479726,374447.65533115395
2174,229,158,36182,32.92235967130709,1.4036210766882102,0.06905885266288679,0.030441639079517486,0.01362370000424562,0.08797670000058133,0.10160040000482695,356120.64517739124
2175,202,158,31916,35.10663642013321,1.904466572567306,0.05916999928468448,0.026437578125476053,0.013238499996077735,0.09431999999651453,0.10755849999259226,296731.54610930895
2176,152,158,24016,30.737691199459807,1.878350119475903,0.07355110972125707,0.03275356955208374,0.009456200001295656,0.054494800002430566,0.06395100000372622,375537.52089256875
2177,165,158,26070,39.72289649824907,1.4923217144791519,0.05580297217332219,0.024692164802479412,0.010429000001749955,0.07580530000268482,0.08623430000443477,302315.89980621747
2178,188,158,29704,37.64481553911756,1.8357578692683578,0.055151104030106216,0.024799790438174343,0.012547499994980171,0.06394589999399614,0.07649339998897631,388321.08396646945
2179,224,158,35392,37.15968943558341,0.4452982178041711,0.07590428076240364,0.03376303306823253,0.012599599998793565,0.0759808000002522,0.08858039999904577,399546.6265718066
2180,166,158,26228,43.887247531398486,0.8541877871533308,0.06191970806016541,0.026752244112232457,0.008162099999026395,0.06133620000036899,0.06949829999939539,377390.52610248275
2181,241,158,38078,39.35900366406953,0.7656177323709774,0.06608804235728821,0.02865186915198597,0.016199500001675915,0.0888106999991578,0.10501020000083372,362612.39384076674
2182,191,158,30178,39.8703601811176,1.033295442013433,0.0610229036232408,0.026633550002362328,0.011517799997818656,0.4260823000004166,0.43760009999823524,68962.50709294103
2183,224,158,35392,29.814232268659133,0.35226079015821843,0.0993454059344962,0.04540456276542796,0.014647299998614471,0.08109350000449922,0.09574080000311369,369664.7615107559
2184,202,158,31916,38.39554734972233,0.6544481876995338,0.0693784917193947,0.03020187568453594,0.011531899996043649,0.07252319999679457,0.08405509999283822,379703.31369208236
2185,155,158,24490,41.753013624284556,0.7256955469781773,0.06518065276229122,0.0282755640141702,0.009356800001114607,0.058942399999068584,0.06829920000018319,358569.35366643115
2186,217,158,34286,40.41543963836381,1.340432859995459,0.05690051142829422,0.025208995709090697,0.013188199998694472,0.08077849999972386,0.09396669999841833,364873.93939105136
2187,186,158,29388,33.17383366704774,0.9817654521422348,0.07305306563006854,0.03206361801695355,0.010285100004693959,0.0676448000012897,0.07792990000598365,377108.1445984598
2188,229,158,36182,39.08386197331826,1.2825976790889597,0.05831802105220016,0.02573052374944404,0.016286799997033086,0.0955684000000474,0.11185519999708049,323471.7742308304
2189,191,158,30178,36.98899954472355,1.5375460678565434,0.05857285064989434,0.025959563327740034,0.012811599997803569,0.09625290000258246,0.10906450000038603,276698.6507974014
2190,193,158,30494,32.23945251181526,0.70550472949659,0.08012015802923936,0.03559645420402913,0.010397400001238566,0.08572760000242852,0.09612500000366708,317232.7698188471
2191,175,158,27650,35.34408972702444,1.5713489654210353,0.06109056984773459,0.0270001179342305,0.010228200000710785,0.08296689999406226,0.09319509999477305,296689.418237126
2192,156,158,24648,35.52239095879015,1.2969353500713514,0.06345051866018978,0.028000323411108984,0.009681999996246304,0.05892660000245087,0.06860859999869717,359255.2537213709
2193,175,158,27650,35.32462617194274,0.4657469042378556,0.0779076765825591,0.03459525155611182,0.009395699999004137,0.06164520000311313,0.07104090000211727,389212.41143025964
2194,226,158,35708,26.084882806321065,1.4970003468799553,0.10293829857101121,0.04666954101370708,0.014379500003997236,0.0884347000028356,0.10281420000683283,347306.11138954456
2195,249,158,39342,30.964499766568608,1.6209881973510587,0.07404572437683651,0.03295978051960844,0.017198699999426026,0.11704670000472106,0.1342454000041471,293060.320866001
2196,239,158,37762,40.181823941277564,1.326500568805087,0.05709637068191563,0.02513347763297474,0.0152068999959738,0.0970995000025141,0.1123063999984879,336240.8553787534
2197,213,158,33654,32.74262326330988,1.1233131973948562,0.07243128579427166,0.032079760488352246,0.011877899996761698,0.0800290999977733,0.091906999994535,366174.5025079825
2198,155,158,24490,37.4038031869696,0.44073744649164903,0.07568884420404139,0.033599230219936556,0.010497200004465412,0.05188980000093579,0.062387000005401205,392549.72987769503
2199,219,158,34602,43.68585087170004,0.3543619925461164,0.07379835347679425,0.033071035389547455,0.013783599999442231,0.07533670000702841,0.08912030000647064,388261.70914469205
2200,238,158,37604,33.596462975172805,1.316432376331368,0.06762124939121264,0.029898869678828505,0.01417070000024978,0.08612800000264542,0.1002987000028952,374920.11360979284
2201,168,158,26544,30.83106084624416,1.6720750074647333,0.07428420614707056,0.03315215922812459,0.01046160000259988,0.0618730999995023,0.07233470000210218,366960.80856391997
2202,239,158,37762,40.65765328956256,1.8821706919391545,0.051690951849737383,0.02343903161720547,0.017118800002208445,0.09767879999708384,0.11479759999929229,328944.1591133682
2203,208,158,32864,37.758800768407156,0.5639319049545628,0.07207595827300813,0.03161644288318164,0.012109199997212272,0.0791633000044385,0.09127250000165077,360064.6415887109
2204,183,158,28914,43.76498075130729,1.7481691519310847,0.05106999542337316,0.02310593980633782,0.01030449999962002,0.06069800000113901,0.07100250000075903,407225.0977034739
2205,172,158,27176,37.732272033241884,1.5121319198890695,0.05771638816515103,0.025627313569938,0.010527700003876816,0.06468789999780711,0.07521560000168392,361308.0265183231
2206,179,158,28282,41.04282876280679,1.2908878429761637,0.05672720834712778,0.025014827815062594,0.011768199998186901,0.0713132000018959,0.0830814000000828,340413.1369954264
2207,163,158,25754,26.316009797958472,1.8567629754589126,0.09953461555029836,0.045018481630680854,0.010344100002839696,0.061922799999592826,0.07226690000243252,356373.3880813085
2208,162,158,25596,36.651832640471575,1.3908687074476942,0.060501706410790335,0.026597415844817653,0.009095200002775528,0.061153300004662015,0.07024850000743754,364363.6518543461
2209,174,158,27492,33.7509469512955,1.3497136710680646,0.0665079880458902,0.029671794750461354,0.009946499994839542,0.08010239999566693,0.09004889999050647,305300.7866048156
2210,205,158,32390,32.9837428022079,1.6107064783908855,0.0668131608989079,0.02982027775194016,0.012517299997853115,0.17883530000108294,0.19135259999893606,169268.66946244834
2211,163,158,25754,32.53686988620305,1.087261689876184,0.0733934941659975,0.032450941043398636,0.012769000000844244,0.08665779999864753,0.09942679999949178,259024.72975225636
2212,154,158,24332,40.110413375656236,1.6034803197844052,0.05442310382805652,0.024237245552847352,0.01235889999952633,0.07014840000192635,0.08250730000145268,294907.2385058243
2213,187,158,29546,43.60801996759718,1.6078438724458952,0.05233742071521239,0.02361633400474426,0.008878500004357193,0.07056569999986095,0.07944420000421815,371908.8366228275
2214,246,158,38868,40.633908196126676,1.5758111238094048,0.05413073931108217,0.024200594620959893,0.014676700004201848,0.10158360000059474,0.11626030000479659,334318.76572137186
2215,200,158,31600,40.2275591246402,1.359082037207682,0.056761417738510726,0.025052897336811934,0.011832100004539825,0.07106829999975162,0.08290040000429144,381180.3079160557
2216,216,158,34128,43.89860665373836,1.7744976268220822,0.0508278900786065,0.023040772344993247,0.013352699999813922,0.06682379999983823,0.08017649999965215,425660.8856728351
2217,178,158,28124,34.35740798443237,0.8330969163447424,0.07209652412531836,0.031786238075524775,0.011571899995033164,0.0578795999972499,0.06945149999228306,404944.4576880979
2218,204,158,32232,44.24053918514842,0.5938517608998057,0.06720359279661363,0.02923186993088932,0.013716900000872556,0.06232570000429405,0.0760426000051666,423867.6741433097
2219,179,158,28282,43.124660463862924,0.5080834001445644,0.06946405235363462,0.0306217643474652,0.011421899995184503,0.08786630000395235,0.09928819999913685,284847.54482653394
2220,162,158,25596,34.99884642155048,1.6756341920881785,0.06086742105872597,0.02718926620719279,0.010206699997070245,0.05998129999352386,0.07018799999059411,364677.72273650934
2221,240,158,37920,32.010666476604115,1.628887143930376,0.06995860365568254,0.03119544374772966,0.014810799999395385,0.07683180000458378,0.09164260000397917,413781.3636709728
2222,216,158,34128,33.295195430548674,0.7378992860937592,0.0767371687536509,0.033769921700896946,0.013147099998604972,0.07352320000063628,0.08667029999924125,393768.10741740564
2223,188,158,29704,38.61758688038856,1.4589769924548417,0.05703493246546964,0.02524140236882718,0.011510099997394718,0.06375939999998081,0.07526949999737553,394635.2772508879
2224,186,158,29388,37.87553415060023,1.9742110889868334,0.05379303415891188,0.02426888111629938,0.011614399998506997,0.0791761000000406,0.0907904999985476,323690.253941438
2225,198,158,31284,31.76897418243586,1.7988269900802014,0.06942508448621293,0.03119523262036805,0.011735399995814078,0.09218430000328226,0.10391969999909634,301040.1300260878
2226,215,158,33970,35.124566961262985,0.6576828886891316,0.07412916522216832,0.03245478728803943,0.012456500000553206,0.08112460000120336,0.09358110000175657,363000.6486284342
2227,182,158,28756,33.47735667129918,1.718190717371979,0.06458923996056384,0.02878790452028961,0.010840599999937695,0.060337900002195965,0.07117850000213366,403998.3983806628
2228,180,158,28440,39.76859488437011,0.3948518051365228,0.07443520967930786,0.033309927484019154,0.011141700000735,0.05943680000200402,0.07057850000273902,402955.57427398284
2229,199,158,31442,37.24498069133806,1.5188514447213146,0.05840943104524273,0.02598601582299918,0.01111730000411626,0.0680662000013399,0.07918350000545615,397077.6739830076
2230,206,158,32548,27.27540181821417,1.208019751906151,0.09744796899047961,0.043746910524662404,0.013031599999521859,0.07090000000607688,0.08393160000559874,387791.9639066675
2231,202,158,31916,34.55527929930304,1.0176015014616602,0.06880735121655286,0.030212211166290647,0.013026799999352079,0.07327359999908367,0.08630039999843575,369824.47358967626
2232,225,158,35550,33.92297484030202,0.7343815994300599,0.07527517731545967,0.032960535149756574,0.012292300001718104,0.0828269999983604,0.09511930000007851,373741.186068134
2233,233,158,36814,36.95602346473039,1.8991154441022629,0.05567242188944315,0.025046270457433517,0.013037099997745827,0.09248400000069523,0.10552109999844106,348878.0916853964
2234,208,158,32864,43.77899144718957,1.4455515819933118,0.05383196163068961,0.02387914143814719,0.012580800001160242,0.06600179999804823,0.07858259999920847,418209.62910785625
2235,160,158,25280,26.06539226215931,0.3477999180536053,0.12118169898929,0.05664287625618893,0.008892000005289447,0.0530536000005668,0.06194560000585625,408100.01029306464
2236,220,158,34760,33.2346805795029,1.5100231010099987,0.06696387106369395,0.029603548170200115,0.01252820000081556,0.07233770000311779,0.08486590000393335,409587.36074664793
2237,224,158,35392,40.32065585863928,1.3009403962677693,0.05725887872107149,0.025159327402838865,0.012391000003844965,0.07180779999907827,0.08419880000292324,420338.53212600714
2238,214,158,33812,33.20619613745413,0.6453252911396858,0.07868302648195359,0.03485974369101478,0.011619700002484024,0.07215930000529625,0.08377900000778027,403585.62404492765
2239,167,158,26386,35.34802300918175,0.4648504002494883,0.07821425967056493,0.034696987186016395,0.011237499995331746,0.06259969999518944,0.07383719999052119,357353.74585422105
2240,236,158,37288,42.90027838140445,0.7775416453664357,0.06347219712696146,0.02754440780896667,0.013778200001979712,0.07442530000116676,0.08820350000314647,422749.66411389376
2241,168,158,26544,36.76943444487891,0.4164570155104603,0.0767762171037407,0.034291883253520596,0.007493800003430806,0.07042309999815188,0.07791690000158269,340670.63755694625
2242,240,158,37920,42.72235979693271,1.4874881505409074,0.05405787488171365,0.023985133341313677,0.014060699999390636,0.0766903000039747,0.09075100000336533,417846.63528328954
2243,172,158,27176,42.275550874269165,0.4188919521436922,0.07219871234816853,0.03215223798215994,0.010600699999486096,0.0579409999991185,0.0685416999986046,396488.56098627934
2244,214,158,33812,29.890575715558636,0.9302977842288973,0.08601400653684471,0.03842551133565667,0.013320599995495286,0.06836539999494562,0.0816859999904409,413926.4990813207
2245,227,158,35866,27.817248524498602,1.8957336563715594,0.088965807060089,0.03991825767658124,0.01247739999962505,0.07614299999841023,0.08862039999803528,404714.94148971513
2246,172,158,27176,40.94634771428771,0.3288709620021909,0.07530829014342653,0.034154365995295324,0.009333300004072953,0.05712409999978263,0.06645740000385558,408923.61119188176
2247,160,158,25280,40.11858996192669,0.8540448854730187,0.06343588580931694,0.027792553022265035,0.010429000001749955,0.32673570000042673,0.3371647000021767,74978.19314962924
2248,233,158,36814,33.54368127520719,1.8592012295241296,0.06324978868208196,0.028244410455781938,0.010516999995161314,0.08805160000338219,0.0985685999985435,373486.07975099556
2249,236,158,37288,44.092336284655026,1.5171472026387702,0.05313450808658374,0.023726095749328522,0.014652500001830049,0.08022509999864269,0.09487760000047274,393011.6276108819
2250,241,158,38078,38.532308561632284,1.7370365750543353,0.05477184388129368,0.0246435980661885,0.01333850000082748,0.08519370000431081,0.09853220000513829,386452.34753729537
2251,240,158,37920,33.680773733461955,1.7834854238237854,0.0634879422947295,0.028360196896078604,0.015102999997907318,0.13438980000501033,0.14949280000291765,253657.70123551044
2252,237,158,37446,34.32966890371917,0.6931598512874457,0.07507185791054977,0.032988408202592814,0.014568800004781224,0.07456069999898318,0.0891295000037644,420130.2598849815
2253,237,158,37446,31.99211215203124,1.1409856804697176,0.07442272764824581,0.03304779135043001,0.01548759999423055,0.09643640000285814,0.11192399999708869,334566.3128638543
2254,152,158,24016,30.196692962236334,1.4989814776558579,0.07851276912452158,0.03484910062119278,0.009212700002535712,0.056215200005681254,0.06542790000821697,367060.5352912729
2255,163,158,25754,36.22776408659189,1.5158581433048604,0.060006372849284124,0.026563414766236193,0.009662600001320243,0.06888569999864558,0.07854829999996582,327874.6962061713
2256,184,158,29072,44.43815818105449,0.717436131476775,0.06432486947171617,0.02778179264993393,0.013904499995987862,0.06717239999852609,0.08107689999451395,358573.1571133967
2257,238,158,37604,33.131245239398744,1.0475595265623858,0.07222555606632415,0.03177240560858605,0.013125299999956042,0.0866048999960185,0.09973019999597454,377057.3006122301
2258,198,158,31284,28.33333965214932,0.8963355428607256,0.09458253849955989,0.04248884409020375,0.01348359999974491,0.0827184000008856,0.0962020000006305,325190.74447303556
2259,179,158,28282,25.649280207649678,1.1062502036211612,0.10976204333019673,0.05001350055966493,0.010881599999265745,0.07343109999783337,0.08431269999709912,335441.7543379951
2260,214,158,33812,27.44683055670467,1.136007032404246,0.09626976839144942,0.04359044462118129,0.012940200002049096,0.07860639999853447,0.09154660000058357,369341.9526206813
2261,235,158,37130,37.80290670733633,1.5553669431953407,0.05719352386787223,0.025382380417996713,0.014565999998012558,0.10081530000024941,0.11538129999826197,321802.5797989735
2262,177,158,27966,29.85095703226346,1.0635589569511485,0.08479587875712223,0.03738998039869109,0.011654100002488121,0.06778929999563843,0.07944339999812655,352024.2084384543
2263,226,158,35708,32.1478300343638,0.8945201835656369,0.07748180842883191,0.03422214277837436,0.015476399996259715,0.08044589999917662,0.09592229999543633,372259.6309898623
2264,193,158,30494,31.45625906449439,1.1581490216724517,0.07631887726400703,0.03372692584154466,0.01181180000276072,0.07322230000136187,0.08503410000412259,358609.07563579315
2265,249,158,39342,42.12096070076393,1.0105463021834147,0.059926056681948836,0.02610018967217333,0.014004900003783405,0.1065461000034702,0.1205510000072536,326351.5026638748
2266,245,158,38710,28.142428089567268,1.206763444380803,0.09189279696421096,0.04117207948802005,0.0158404999965569,0.10162030000356026,0.11746080000011716,329556.75425300514
2267,218,158,34444,36.41956918788016,0.3619345034184024,0.07923815679317177,0.03560556652677775,0.012570899998536333,0.07491830000071786,0.0874891999992542,393694.3074150137
2268,209,158,33022,27.847889124647914,0.538424195229301,0.10366591295567983,0.04719253557898157,0.010869199999433476,0.06683139999950072,0.0777005999989342,424990.28322114574
2269,217,158,34286,29.273921641682154,0.38601870635319324,0.10079353358191734,0.045619087612477384,0.0107064999974682,0.07865489999676356,0.08936139999423176,383677.9638883584
2270,248,158,39184,41.157972217123245,1.5370085383506318,0.05413064887975586,0.02414323704716935,0.016212100003031082,0.0767991999964579,0.09301129999948898,421282.1452900377
2271,158,158,24964,33.07728829055827,1.255776605637221,0.07013831301935237,0.030942908752047953,0.010496599999896716,0.07171260000177426,0.08220920000167098,303664.31007104536
2272,177,158,27966,32.5172906137716,1.927610854005038,0.0661704919937644,0.02958592329872551,0.009688500002084766,0.06595240000024205,0.07564090000232682,369720.61410083337
2273,230,158,36340,35.51056913695689,1.291581965749647,0.06360338081057487,0.027980057874592394,0.013879799997084774,0.07686040000407957,0.09074020000116434,400484.01920575113
2274,240,158,37920,35.63529491700699,0.6591140179824582,0.07306861703925942,0.032079717929701046,0.013281899999128655,0.07243509999534581,0.08571699999447446,442385.9911387988
2275,212,158,33496,28.07691990837337,1.2435418895465085,0.09207677544428755,0.04105000008590645,0.013482099995599128,0.06744450000405777,0.0809265999996569,413905.93451525224
2276,165,158,26070,42.68356304514417,1.6482525209028,0.05237419895713852,0.023533519506533145,0.008743100006540772,0.062389799997617956,0.07113290000415873,366497.0779832657
2277,172,158,27176,38.60904270934702,1.7466227183411083,0.05449647160269718,0.024469391905961525,0.009016100004373584,0.059007299998484086,0.06802340000285767,399509.5805099177
2278,225,158,35550,25.099166806803076,1.7264551111220745,0.10930659339818158,0.049760181560836135,0.014022499999555293,0.08176099999400321,0.09578349999355851,371149.51951422484
2279,220,158,34760,25.304858452269613,1.6615704889353906,0.10742825582249506,0.04909306241446747,0.013472899998305365,0.06919229999766685,0.08266519999597222,420491.3313183014
2280,155,158,24490,31.514700772313336,0.34696387433396614,0.09215386265052151,0.041862325217472594,0.008692499999597203,0.05115980000118725,0.05985230000078445,409173.91645231715
2281,185,158,29230,31.556945553881185,0.4401315786428852,0.08950590252573802,0.04009600104946637,0.01178980000258889,0.06862240000191377,0.08041220000450267,363502.0556378668
2282,209,158,33022,39.059011093016196,1.8115243268909609,0.05370335489557595,0.02418034017864816,0.014015399996424094,0.09265629999572411,0.1066716999921482,309566.64234685164
2283,222,158,35076,34.38366117464403,1.5097953160975175,0.06397152156600176,0.028419667318399438,0.014015000000654254,0.08912889999919571,0.10314389999984996,340068.58379459206
2284,229,158,36182,28.358479091510613,1.650204959314666,0.08674227120229147,0.03899513549309244,0.01352269999915734,0.08211029999802122,0.09563299999717856,378342.2040620651
2285,162,158,25596,32.12210376636277,1.0557852902364482,0.07514330180833709,0.033378686559036974,0.009430199999769684,0.05481629999849247,0.06424649999826215,398403.0258565426
2286,192,158,30336,26.129930634723532,1.1611286051081393,0.10514586186333684,0.047863202483782764,0.010789200001454446,0.05824690000008559,0.06903610000154004,439422.2732646148
2287,227,158,35866,39.94588571659871,1.6225882949431758,0.05443273076618045,0.024345719148229347,0.013930600005551241,0.07971320000069682,0.09364380000624806,383004.5341774572
2288,207,158,32706,34.28883590784098,0.44491596256772115,0.0807585356590505,0.03603987482380077,0.012446200002159458,0.07501159999810625,0.0874578000002657,373963.2142576264
2289,206,158,32548,44.38901816511441,1.0875953558454745,0.05798134591739267,0.02515820719827245,0.013380999997025356,0.06708150000486057,0.08046250000188593,404511.4183531101
2290,212,158,33496,39.45576301595,0.35997909605552614,0.07587208753680724,0.03426925674520397,0.011291900002106559,0.06487259999994421,0.07616450000205077,439784.9391658594
2291,183,158,28914,31.386192046179804,0.7313752967643633,0.08335092072276509,0.03677072463387791,0.00931289999425644,0.06213230000139447,0.07144519999565091,404701.78544898867
2292,197,158,31126,37.3149551288947,1.8169895570688266,0.05568022719114362,0.0250075875292895,0.012843700002122205,0.06969720000051893,0.08254090000264114,377097.89933237986
2293,193,158,30494,35.439132924834524,0.7460937580028097,0.0715508686462413,0.03137399196057617,0.010777700001199264,0.07224719999794615,0.08302489999914542,367287.40414398425
2294,169,158,26702,31.346482337574365,1.806517080792219,0.07117364151744214,0.03169474659086611,0.009133100000326522,0.061651600000914186,0.07078470000124071,377228.41234803526
2295,164,158,25912,26.227351777882177,1.0400756922992138,0.10607387786282582,0.04810560934210119,0.009003499995742459,0.04931320000468986,0.05831670000043232,444332.41249604156
2296,192,158,30336,30.747162605237598,0.5524432260677572,0.08983520250676791,0.04008804466488879,0.010922299996309448,0.06084489999921061,0.07176719999552006,422700.06356516166
2297,241,158,38078,36.575949618285044,0.4286884740931235,0.07712795133764212,0.03430283027866837,0.013456000000587665,0.08137010000064038,0.09482610000122804,401556.1116560406
2298,235,158,37130,26.903627592991025,1.9312101296057165,0.09469369036429064,0.04278040522002035,0.013690199994016439,0.08496590000140714,0.09865609999542357,376357.87347890675
2299,197,158,31126,40.45406721319985,1.873700416079979,0.05185909426017964,0.023373940769113907,0.012357599996903446,0.07265780000307132,0.08501539999997476,366121.9026201046
2300,177,158,27966,27.776053146032467,1.9768997817960279,0.08881566891974707,0.03986885304165826,0.01072079999721609,0.06811849999940023,0.07883929999661632,354721.56654359266
2301,237,158,37446,31.801548029013457,1.7921601396171416,0.06967287960827549,0.031002242260308756,0.013610200003313366,0.10318039999401662,0.11679059999732999,320625.1188096993
2302,227,158,35866,33.49438178942702,1.838471472483726,0.06360946077934782,0.028476040922280437,0.015348599998105783,0.09494120000454132,0.1102898000026471,325197.7970686244
2303,193,158,30494,44.97903660824431,0.42871208484114154,0.07123330696967121,0.03157559699532393,0.012520399999630172,0.0712028999987524,0.08372329999838257,364223.57934516564
2304,167,158,26386,26.811789668505877,1.8941243131399705,0.09525942185605668,0.042938385113209104,0.010630000004312024,0.05841340000188211,0.06904340000619413,382165.42055624165
2305,211,158,33338,39.20336324726296,1.3252806763364258,0.057810232820188504,0.025624328264031885,0.011489399999845773,0.07622569999512052,0.0877150999949663,380071.39023854694
2306,201,158,31758,34.1094582011896,0.3064433901428481,0.08548041567648491,0.03899430657099148,0.012440400001651142,0.0692395999940345,0.08167999999568565,388809.9902262177
2307,241,158,38078,44.91066338105025,1.642050686398548,0.05160469671177067,0.02314839112779287,0.00969529999565566,0.12105109999538399,0.13074639999103965,291235.5522034226
2308,173,158,27334,29.094350272088377,1.4470584540351807,0.08426289387723042,0.03758647282263627,0.009512799995718524,0.07171910000033677,0.08123189999605529,336493.42193556187
2309,196,158,30968,44.25081975725611,0.693447864173225,0.06470940243930011,0.028249255633835093,0.007387899997411296,0.044021899993822444,0.05140979999123374,602375.4226875145
2310,203,158,32074,43.47079770300961,0.6035842745885989,0.06714027320169332,0.029159825059399146,0.007605999999213964,0.039339400005701464,0.04694540000491543,683219.2290755151
2311,168,158,26544,34.50880904504835,1.0402291171659381,0.06857431988676062,0.030141429400563694,0.007468000003427733,0.03363489999901503,0.041102900002442766,645793.8490574261
2312,242,158,38236,39.26526205004129,1.3367891406047823,0.057589830273637226,0.02555857061967879,0.010485899998457171,0.05363570000190521,0.06412160000036238,596304.5214059523
2313,177,158,27966,25.912793833992723,1.8597117927923608,0.10236145474919338,0.0463547741357685,0.006820900001912378,0.04516709999734303,0.05198799999925541,537931.8304301096
2314,249,158,39342,33.315488562365886,0.38430018973128305,0.08514277786077228,0.03841360692731988,0.008705799999006558,0.04152909999538679,0.050234899994393345,783160.7110672244
2315,152,158,24016,40.22650284661126,1.5930850160401846,0.054142868399243205,0.024147398448011715,0.005346500001905952,0.023370700000668876,0.028717200002574828,836293.2318557063
2316,168,158,26544,27.99061399978975,1.8195283058775478,0.08839730790037434,0.039551821647886405,0.005820499995024875,0.03136169999925187,0.03718219999427674,713889.9797237866
2317,197,158,31126,37.4206640156557,1.5845783192154443,0.0576069969785553,0.025495170487000937,0.00706210000498686,0.03339319999940926,0.04045530000439612,769392.3910246039
2318,235,158,37130,30.367534447375846,1.3880884475461996,0.07867958019208703,0.0350107148162163,0.009083799996005837,0.05417160000069998,0.06325539999670582,586985.458979528
2319,187,158,29546,40.86047685580629,1.2269443434780443,0.05778166864210677,0.02531726186547978,0.006244199998036493,0.02936010000121314,0.03560429999924963,829843.5863258844
2320,242,158,38236,37.835473336332,1.66358452763631,0.056154624645923135,0.025063709467568456,0.009561399994709063,0.0439083999954164,0.053469799990125466,715095.2501610485
2321,201,158,31758,37.84738695211139,0.9246113851965649,0.06483591696348245,0.028262283059144237,0.008461500001430977,0.06476830000610789,0.07322980000753887,433675.9078507735
2322,193,158,30494,26.408472438713392,0.7197948637191133,0.10981610078469528,0.04973807497707555,0.01035000000410946,0.052269200001319405,0.06261920000542887,486975.2407784877
2323,200,158,31600,27.17870872689957,0.4970546725275615,0.1092682044001567,0.04976681168480284,0.008166100000380538,0.04126399999950081,0.04943009999988135,639286.5885376694
2324,158,158,24964,30.617070343967132,1.9859776503429774,0.07358146152882737,0.03287951511314132,0.006185199999890756,0.029228700004750863,0.03541390000464162,704920.9490264565
2325,226,158,35708,36.34302095740427,1.337131591298685,0.06159719678437027,0.027122024938223008,0.010765800005174242,0.05500929999834625,0.06577510000352049,542880.2084388894
2326,238,158,37604,31.365116100407686,0.6678870394322913,0.0844657049560448,0.037537758525481746,0.008903900001314469,0.04732789999980014,0.05623180000111461,668731.9274726156
2327,169,158,26702,40.413597913708216,0.8037510664697345,0.06441468585732794,0.02811103820364792,0.006560000001627486,0.037895000001299195,0.04445500000292668,600652.3450285026
2328,201,158,31758,44.51378763210694,0.7067775306543171,0.06449928832401826,0.02810959057619918,0.010001399998145644,0.04438829999708105,0.05438969999522669,583897.3188450593
2329,197,158,31126,44.04092726164508,1.759432448478246,0.051038626430341176,0.02311923866613862,0.008707600005436689,0.04365759999927832,0.05236520000471501,594402.3893195746
2330,248,158,39184,41.942428137126,1.6527697891133568,0.05277478562704052,0.023650772488968193,0.009797999999136664,0.07305110000015702,0.08284909999929368,472956.2542059486
2331,220,158,34760,42.284383233737344,0.3401244943632071,0.07451987285730052,0.03367386432889939,0.007623400000738911,0.04196399999636924,0.04958739999710815,700984.5243353582
2332,208,158,32864,44.243955971924834,0.44448832478230393,0.07067361369601168,0.03138366235961837,0.00815629999851808,0.04134189999604132,0.0494981999945594,663943.3353861807
2333,183,158,28914,33.042030089797265,0.6844521997738451,0.0784463552196049,0.034703661797016803,0.008539800001017284,0.04601080000429647,0.054550600005313754,530039.9995084105
2334,234,158,36972,39.24607240585497,0.9922627575681318,0.06230345685286006,0.027098631379364736,0.008958300000813324,0.048524199999519624,0.05748250000033295,643187.0569266446
2335,180,158,28440,37.58388342617966,1.6207047583189556,0.05711027342720133,0.025290105489336193,0.007802300002367701,0.03865590000350494,0.04645820000587264,612163.1917811062
2336,241,158,38078,36.20248335943222,0.5035225967868848,0.0756051401366614,0.03356873727121456,0.010415299999294803,0.0613971999991918,0.0718124999984866,530241.9495324973
2337,183,158,28914,44.9709352808796,1.837814326273796,0.04996292151297628,0.022700824446242548,0.008037299994612113,0.04364560000249185,0.05168289999710396,559450.03089262
2338,156,158,24648,42.3705710724922,1.4455285429725868,0.05437373329369055,0.02413782637443261,0.007313400004932191,0.03924620000179857,0.04655960000673076,529385.9912120557
2339,169,158,26702,26.489527448809753,1.331257301776059,0.10190103117522052,0.045990608902772324,0.0070393999994848855,0.05180819999804953,0.05884759999753442,453748.3262039362
2340,210,158,33180,36.983649823609596,1.8547984719506572,0.05593758092958815,0.025030044591606158,0.009406299999682233,0.0504683000035584,0.05987460000324063,554158.1905883994
2341,240,158,37920,32.6235494923282,1.7367880194003489,0.06704541162421669,0.029796132667057062,0.011421299997891765,0.05946820000099251,0.07088949999888428,534917.0187488531
2342,153,158,24174,34.084922508949376,1.3919389235640276,0.06538580159752275,0.02907892214592323,0.007745199996861629,0.04126179999730084,0.04900699999416247,493276.4707670234
2343,197,158,31126,27.37909780026896,0.6103626036096579,0.10599348645408464,0.047949512122306276,0.009518699996988289,0.057306400005472824,0.06682510000246111,465783.06652520766
2344,176,158,27808,26.91104688945814,1.55107128810714,0.09690825073913277,0.04375713651410632,0.008281900001748,0.052505999999993946,0.060787900001741946,457459.46149156545
2345,212,158,33496,38.748587364886255,1.6454665615481243,0.05524277156743383,0.024726208960227373,0.009769399999640882,0.04597049999574665,0.05573989999538753,600933.980914422
2346,201,158,31758,31.977584193870666,0.9881075589747756,0.07667623717302474,0.033882196258973166,0.008024100003240164,0.04566809999960242,0.05369220000284258,591482.5616815601
2347,196,158,30968,39.571404800058126,0.6660175928482369,0.06774925021138428,0.029557308182432643,0.009458399996219669,0.03903069999796571,0.04848909999418538,638658.9976657344
2348,178,158,28124,36.99630116976563,1.5674396297121054,0.058050619387027144,0.025849891214241482,0.007068800005072262,0.040273599995998666,0.04734240000107093,594055.2232114091
2349,173,158,27334,41.454024849692956,1.617571898573807,0.05321340613458015,0.02385715360606909,0.006349799994495697,0.041585099999792874,0.04793489999428857,570231.710158086
2350,243,158,38394,38.115104697344954,1.1305876999197155,0.061426207150110476,0.026927105546970722,0.009205499998643063,0.052716500002134126,0.06192200000077719,620038.1124562855
2351,221,158,34918,25.213664948239163,1.5486516281653293,0.10943548888214727,0.04998462448214822,0.008843300005537458,0.04867569999623811,0.057519000001775566,607068.9684960119
2352,234,158,36972,27.51599555277967,1.1718266750984718,0.09626943036936676,0.04312819485923187,0.010664899993571453,0.053653499999199994,0.06431839999277145,574827.7320977383
2353,173,158,27334,35.90773163730332,1.5470858158637064,0.059973046233704544,0.02660256587439977,0.006832300001406111,0.03908029999729479,0.0459125999987009,595348.5535729498
2354,189,158,29862,43.48800438823557,1.1854351210486762,0.056858078498859196,0.025133570968064407,0.006729299995640758,0.04509140000300249,0.05182069999864325,576256.206511719
2355,172,158,27176,32.950506518740795,0.9471851591849181,0.07386426526079475,0.03270657999833702,0.008019799999601673,0.052784899999096524,0.0608046999986982,446939.13464883185
2356,174,158,27492,27.446891233671675,1.5978951182586567,0.09319339814794994,0.04181030048894234,0.00878519999969285,0.05829959999391576,0.06708479999360861,409809.673765432
2357,250,158,39500,29.050768908981652,0.6839813793707964,0.09468152397401927,0.04230616258872564,0.010168200002226513,0.05089330000191694,0.061061500004143454,646888.7924030633
2358,219,158,34602,26.666705507725844,1.617054665283026,0.09828788429583349,0.044318732104968325,0.009276200005842838,0.0569141000014497,0.06619030000729254,522765.4202532352
2359,163,158,25754,31.631063001028988,1.5219646034055387,0.07208749971355333,0.03211286960765482,0.007940100003906991,0.05027170000539627,0.05821180000930326,442418.89094451745
2360,174,158,27492,37.186709265976056,1.039735885956243,0.06392850738702519,0.027918736110326654,0.008325300004798919,0.03651979999995092,0.04484510000474984,613043.5654528174
2361,168,158,26544,37.44714947733862,1.8650240615261011,0.0552598882100695,0.024870918394873785,0.007687099998292979,0.033856800000648946,0.041543899998941924,638938.5686147917
2362,169,158,26702,31.636026845272802,1.2572866439850918,0.07441226915219169,0.03309485092078104,0.0061480000003939494,0.034868000002461486,0.041016000002855435,651014.2383006893
2363,160,158,25280,43.38396285012657,1.902496834902864,0.05014980053918354,0.022874951379789423,0.006516900000860915,0.03355659999942873,0.04007350000028964,630840.8299703615
2364,203,158,32074,40.14989108307827,1.5855420805951788,0.05448426883458517,0.024325013983141092,0.012269199993170332,0.07514049999736017,0.0874096999905305,366938.6807582537
2365,209,158,33022,29.436929057105516,0.7816962516872759,0.09071722013236548,0.04068007697323535,0.008250900005805306,0.06048069999815198,0.06873160000395728,480448.5854846785
2366,182,158,28756,41.637114245291315,1.8743057442482813,0.051139366944708206,0.023295489141336962,0.008700999998836778,0.04518669999379199,0.05388769999262877,533628.2677481781
2367,221,158,34918,38.60783977503551,1.1012012489602787,0.06117664849362117,0.026864981289586143,0.010057699997560121,0.06833020000340184,0.07838790000096196,445451.4025706964
2368,170,158,26860,29.13995783821675,0.9852808475904329,0.08932930811509204,0.039737929457756144,0.007673499996599276,0.0492489000025671,0.05692239999916637,471870.4763044665
2369,207,158,32706,37.16976866009635,1.574832985422867,0.057647776571198996,0.02583899767206626,0.008651199997984804,0.04790740000316873,0.056558600001153536,578267.4960011907
2370,210,158,33180,35.44251023832329,1.864213410307787,0.0586092170656811,0.026277619528655302,0.008064400004514027,0.043994400002702605,0.05205880000721663,637356.2201856446
2371,210,158,33180,41.24810951683992,1.0854214688270645,0.05928718887308517,0.02590826487442451,0.009599899996828754,0.048685699999623466,0.05828559999645222,569265.8221244978
2372,243,158,38394,40.676367964778436,0.660122711688484,0.06729245012099148,0.029254417378388214,0.011660500000289176,0.07156049999321112,0.0832209999935003,461349.8997007803
2373,169,158,26702,25.60253391886102,1.1803111958031718,0.10914706082468148,0.04980089538216514,0.00776659999974072,0.03777730000001611,0.04554389999975683,586291.4682348804
2374,191,158,30178,35.29205086032129,1.9094809080402393,0.058575684177736335,0.026278856540614785,0.007408099998428952,0.04548540000541834,0.052893500003847294,570542.6942404067
2375,226,158,35708,37.787841341364604,1.8134207837338188,0.055153097367402606,0.024717526342526084,0.009266199995181523,0.05021430000488181,0.05948050000006333,600331.2009811952
2376,150,158,23700,37.3697793726796,1.1314120622167214,0.06238017209671918,0.02732768503394934,0.006107900000642985,0.03170259999751579,0.037810499998158775,626810.0131221247
2377,190,158,30020,27.66751309675189,0.7099286377682205,0.10151990544273806,0.045706752288083456,0.006901300002937205,0.037957799999276176,0.04485910000221338,669206.4708948416
2378,160,158,25280,26.23912006776883,1.555784939622257,0.10172281720925429,0.04582603734686021,0.005939999995462131,0.03082919999724254,0.03676919999270467,687531.9562300994
2379,151,158,23858,34.44413106392707,1.3089270375694968,0.06576785694960645,0.028940924021999926,0.005664100004651118,0.035492100003466476,0.041156200008117594,579693.946362742
2380,239,158,37762,26.37363671840822,0.6896845925893494,0.1104296802613635,0.05018902062503642,0.008742600002733525,0.05917330000374932,0.06791590000648284,556011.1843676586
2381,190,158,30020,31.350262209058858,1.3890719186893872,0.0746814457162713,0.03301995232505477,0.007201599997642916,0.04408430000330554,0.05128590000094846,585346.0697666381
2382,204,158,32232,44.871599356455306,1.8352493975739885,0.04991287021175639,0.022743576321779053,0.007869900000514463,0.03851269999722717,0.046382599997741636,694915.7658598132
2383,239,158,37762,32.818000333635084,1.0896426708179936,0.0724295979767494,0.03203821099383281,0.0093708999993396,0.07298140000057174,0.08235229999991134,458542.14150716685
2384,211,158,33338,29.548552658157433,0.7777401429202097,0.08984619962789826,0.040158479791111056,0.009819400002015755,0.06688549999671523,0.07670489999873098,434626.7318065932
2385,185,158,29230,27.68660315214988,0.8370933559244118,0.09918987990856719,0.04474162888852434,0.00793619999603834,0.04680959999677725,0.05474579999281559,533922.237027058
2386,173,158,27334,36.578496217721074,1.7586468166787188,0.05743102609256281,0.025617094882592804,0.008198199997423217,0.0414837999996962,0.04968199999711942,550179.1393580136
2387,231,158,36498,35.633409918382455,1.2189950490470793,0.0638104461349151,0.02810252922826453,0.010640499996952713,0.12505999999848427,0.13570049999543699,268959.9522568249
2388,178,158,28124,31.402312700902506,1.998349288393277,0.06989136599214629,0.03127503574222123,0.009466600000450853,0.06417879999935394,0.0736453999998048,381884.00090263
2389,188,158,29704,31.70525581519841,1.2990998539228191,0.07400676609278725,0.03283749536592961,0.009109399994486012,0.040099799996824004,0.049209199991310015,603626.9641702265
2390,237,158,37446,31.904009653280546,1.7394860626674329,0.06975324011138308,0.031131572641100076,0.012018499997793697,0.07560080000257585,0.08761930000036955,427371.5950691465
2391,201,158,31758,31.205394729876016,1.9869826769450767,0.07059153671351345,0.03162149131819997,0.010254400003759656,0.06268140000611311,0.07293580000987276,435424.03038975596
2392,182,158,28756,30.729655473797127,1.479368063664317,0.07638102193528774,0.03385059994283379,0.008501199998136144,0.05480640000314452,0.06330760000128066,454226.66471984866
2393,189,158,29862,32.549873305889804,0.9385417820022117,0.07528650981392916,0.03338473386321674,0.009279999998398125,0.05333900000550784,0.06261900000390597,476884.012809807
2394,160,158,25280,40.17154180716041,1.4436273728631062,0.05592935068095958,0.02479007417598969,0.007335700000112411,0.0446007999998983,0.05193650000001071,486748.24063991196
2395,248,158,39184,40.03948578934726,1.4916702613126531,0.05563278838909781,0.0246540880994304,0.010825899997144006,0.05381739999575075,0.06464329999289475,606157.1733544992
2396,225,158,35550,34.35521007976424,1.5592458648800587,0.06351739714105244,0.028274735639469455,0.00927879999653669,0.044751800000085495,0.054030599996622186,657960.489097335
2397,173,158,27334,42.58602615818838,1.0748541493800938,0.05883009587275191,0.025727951878496687,0.006463899997470435,0.04042249999474734,0.046886399992217775,582983.5518303156
2398,212,158,33496,37.34377889516533,0.6808001599260687,0.06997249207969021,0.030415096454975393,0.009367699996801093,0.04380010000022594,0.05316779999702703,630005.3792309064
2399,151,158,23858,33.70428887309823,0.7032435277179858,0.07631873491274976,0.03344772564918611,0.007254199997987598,0.03406790000008186,0.04132209999806946,577366.5907859143
2400,202,158,31916,40.08964387169136,0.8914605343607742,0.06314496827025562,0.027459868458270063,0.007444900002155919,0.044829499995103106,0.052274399997259025,610547.4190363446
2401,214,158,33812,38.38778878905367,1.3637100160847198,0.058200654075068796,0.02578330798546637,0.008280800000648014,0.04501499999605585,0.05329579999670386,634421.4741516431
2402,233,158,36814,29.32277175162922,1.0107044412388042,0.08775853440448933,0.03907932077502378,0.00928619999467628,0.04431559999648016,0.05360179999115644,686805.2939653855
2403,168,158,26544,39.2801268391579,0.8830955189509442,0.06385862847582496,0.027931390810199557,0.006417799995688256,0.03343170000152895,0.03984949999721721,666106.224716838
2404,208,158,32864,42.29509216937838,1.2964687506820423,0.056106294699261705,0.024716087639400898,0.007828400004655123,0.03862459999800194,0.04645300000265706,707467.7630749405
2405,201,158,31758,42.94728474759786,1.4498383208756842,0.05412474429034396,0.024049206575253307,0.008565300006011967,0.045439000001351815,0.05400430000736378,588064.2836898103
2406,198,158,31284,27.931662648506958,1.6530320881802305,0.08949473823017283,0.04023464694550855,0.009231900003214832,0.041626199999882374,0.050858100003097206,615123.2546653303
2407,205,158,32390,40.3232794982279,0.7567908705913763,0.0653794352465151,0.028426507166259118,0.007262999999511521,0.04724339999665972,0.05450639999617124,594242.1440835426
2408,213,158,33654,37.63960389358584,1.4403315464316409,0.05857063346728952,0.02586228517818503,0.007607100000313949,0.04898959999991348,0.05659670000022743,594628.3087152566
2409,191,158,30178,29.73595643873221,0.43073931220960016,0.09686275340606301,0.04392941902113687,0.00739169999724254,0.053601999999955297,0.06099369999719784,494772.4109438587
2410,236,158,37288,41.28525282345089,1.8540726238921676,0.05157212335007236,0.02327913126254486,0.009431799997400958,0.043513699994946364,0.05294549999234732,704271.3734951896
2411,234,158,36972,40.41242487101256,0.8315265572009651,0.06389505254618034,0.027689194275570185,0.00785110000288114,0.043370100000174716,0.051221200003055856,721810.5002966399
2412,172,158,27176,27.712621821219237,1.6671650530737838,0.09116569135985728,0.04071533989570934,0.008283399998617824,0.05435130000114441,0.06263469999976223,433880.8998862158
2413,203,158,32074,40.646569261898094,0.6303673972224602,0.0677971546547038,0.02960757287217207,0.009245799999916926,0.05178890000388492,0.061034700003801845,525504.3442173406
2414,219,158,34602,28.616215177775313,0.782136831989179,0.09500625540877604,0.042576564360296616,0.00971160000335658,0.05987450000247918,0.06958610000583576,497254.48037895706
2415,215,158,33970,28.53127936093695,1.2876883897088809,0.08881373717790728,0.039721950827486044,0.00848730000143405,0.05389869999635266,0.06238599999778671,544513.1920816395
2416,214,158,33812,28.117474424174887,1.2771686863569687,0.09139373897774303,0.040917764874493834,0.009461300003749784,0.04990870000619907,0.05937000000994885,569513.2220706417
2417,214,158,33812,35.821272576596435,1.3746490215650695,0.06216336863582285,0.02752810032696634,0.01074969999899622,0.06680480000068201,0.07755449999967823,435977.2804948815
2418,209,158,33022,32.87743592082461,1.2785563567183407,0.0702009798586713,0.030963752564543666,0.008082600004854612,0.05455789999541594,0.06264050000027055,527166.9287419062
2419,189,158,29862,36.8348787724887,1.9468816260201989,0.05537763121970594,0.02512556511921702,0.009134699997957796,0.061202699995192233,0.07033739999315003,424553.6514415969
2420,226,158,35708,39.653634329803495,1.2459121915967244,0.05850945716057257,0.025710077134208552,0.010097799997311085,0.05515169999853242,0.06524949999584351,547253.2356918391
2421,197,158,31126,25.698320821093915,0.7478219768180572,0.11369001959602418,0.05221577189636889,0.007211500000266824,0.044442400001571514,0.05165390000183834,602587.6071098647
2422,189,158,29862,41.468768247977025,0.6803102670069369,0.06631319295278645,0.028776502238563883,0.007998600005521439,0.0458920000019134,0.05389060000743484,554122.6112880574
2423,174,158,27492,28.628030169502917,1.2664503674618162,0.0883687851267977,0.03956823904044151,0.00666060000366997,0.03505890000087675,0.04171950000454672,658972.4228958602
2424,184,158,29072,41.68394283001821,1.9545441623272395,0.050572047801502984,0.023035990964685917,0.00743769999826327,0.035310800005390774,0.042748500003654044,680070.6456955213
2425,150,158,23700,40.17923358257959,0.8594237132419693,0.06346115750468254,0.02772401682507441,0.005322199998772703,0.02949129999615252,0.03481349999492522,680770.3908959099
2426,181,158,28598,44.502729913066446,0.3364385316649216,0.07364531656724205,0.033391572220911464,0.00888949999352917,0.05462660000193864,0.06351609999546781,450248.0473776036
2427,225,158,35550,33.06220570661775,0.733952700758219,0.07749203109772215,0.03410067299998313,0.0076102000020910054,0.0637879000059911,0.07139810000808211,497912.40937750187
2428,210,158,33180,30.781958393417238,0.8177224171458104,0.08402337789519845,0.037259996078085576,0.01036519999615848,0.07845930000621593,0.0888245000023744,373545.587074659
2429,156,158,24648,34.28100604972716,0.4594916194196416,0.08060280545155779,0.035693076569400004,0.007601000004797243,0.07587950000015553,0.08348050000495277,295254.58039347717
2430,181,158,28598,32.51690993108011,1.5603798903118353,0.06870983736564115,0.030594332363912746,0.00875590000214288,0.07520479999948293,0.08396070000162581,340611.7385806244
2431,219,158,34602,31.67394615617699,0.8123508357505504,0.08054906323338755,0.03570365712121778,0.010564399999566376,0.11097609999706037,0.12154049999662675,284695.2250563421
2432,175,158,27650,30.403997247013745,0.9572537482689876,0.08332709529952813,0.03696664173045979,0.00971179999760352,0.0761627000028966,0.08587450000050012,321981.49625137815
2433,241,158,38078,39.97002626253616,0.45623297949099884,0.07258554454956126,0.03216122542689032,0.01304320000053849,0.0764232000001357,0.08946640000067418,425612.296903788
2434,210,158,33180,34.36144283613233,0.34636174208671083,0.08362162964686168,0.03799842538497472,0.01049050000438001,0.09229590000177268,0.10278640000615269,322805.3516614443
2435,236,158,37288,36.63104542318332,0.8862447391909489,0.06700682329580482,0.029327362551931264,0.012376499995298218,0.21782710000115912,0.23020359999645734,161978.35307777044
2436,175,158,27650,33.236973192331234,0.5317118766416964,0.08151851342811041,0.03619795892511909,0.008995700001833029,0.06276990000333171,0.07176560000516474,385282.0849823609
2437,228,158,36024,25.57534675585297,0.9787126973191731,0.11143981722409313,0.050876247509551824,0.010349600001063664,0.06378640000184532,0.07413600000290899,485917.772722921
2438,208,158,32864,37.87717180245383,1.756267227549443,0.05528783679139997,0.024920533962911637,0.010766299994429573,0.05085750000580447,0.06162380000023404,533300.445605029
2439,245,158,38710,34.51260306479132,1.6589341629189565,0.06223899524824698,0.027615138249230127,0.013006299996050075,0.11338979999709409,0.12639609999314416,306259.44947747333
2440,158,158,24964,35.934129908582264,0.5557925793708797,0.07486316100047402,0.033007157728095336,0.007298999997146893,0.13563289999729022,0.14293189999443712,174656.60220686632
2441,188,158,29704,32.477348989145504,0.5138013690556145,0.08456741059477847,0.03764326328342549,0.009707599994726479,0.09841969999979483,0.10812729999452131,274713.2315474914
2442,240,158,37920,39.93476628996527,1.394012114995689,0.056644461213388404,0.02503453164419669,0.009599299999536015,0.04314950000116369,0.0527488000006997,718878.9128756862
2443,177,158,27966,25.004601687814162,1.142639317891006,0.11383848604858528,0.052182013825567856,0.00780319999466883,0.04362620000028983,0.05142939999495866,543774.5725740793
2444,195,158,30810,25.43218363792823,0.8528930292618386,0.11427115784271868,0.05238547450710712,0.01028079999377951,0.06273850000434322,0.07301929999812273,421943.23967488186
2445,231,158,36498,44.76204314515586,1.736132456307711,0.050760671031528516,0.02301961280724739,0.008882200003426988,0.06039860000601038,0.06928080000943737,526812.6233390531
2446,217,158,34286,33.99727230564167,1.3483332610780818,0.06609233983635347,0.029349662819967762,0.009681600000476465,0.056839500000933185,0.06652110000140965,515415.40953582316
2447,164,158,25912,29.268284731842456,0.7567581540048578,0.09164770848704147,0.04103400230134433,0.006172600005811546,0.03609290000167675,0.0422655000074883,613076.8592684127
2448,190,158,30020,38.21966011887839,1.6510941477758452,0.05586000073269835,0.024847960437274597,0.00801540000247769,0.03649959999893326,0.044515000001410954,674379.4226451417
2449,231,158,36498,29.032781798974977,1.7404581264913346,0.08244723809884105,0.03695374271724282,0.011366999999154359,0.05543310000211932,0.06680010000127368,546376.4275697805
2450,166,158,26228,34.47245854281837,0.8155301865966211,0.07235118811399359,0.03180666887497103,0.006604700000025332,0.03958489999786252,0.046189599997887854,567833.4517120596
2451,243,158,38394,38.38330046053471,0.8463592082997455,0.06551556104566646,0.028429489346799196,0.009955200002877973,0.0585785000002943,0.06853370000317227,560220.7380926877
2452,163,158,25754,44.58594429109884,0.4556279718555122,0.07056686137016173,0.031004117785074746,0.00782180000533117,0.05459739999787416,0.06241920000320533,412597.40590519406
2453,160,158,25280,41.662327175322616,1.3423434581993474,0.05591341746117495,0.024693803177028618,0.007546400003775489,0.03525850000005448,0.04280490000382997,590586.5916691329
2454,156,158,24648,29.244926804218537,0.5820957944239361,0.0957670264254764,0.043085222115255895,0.006757700000889599,0.033726599998772144,0.040484299999661744,608828.6076381693
2455,246,158,38868,42.24677584548766,1.9130574311999935,0.05045625824993076,0.02300616741328847,0.009352500004752073,0.05343010000069626,0.06278260000544833,619088.728351916
2456,231,158,36498,39.79458587317473,0.6350042778838008,0.06847538289494878,0.029865539264939737,0.009304600003815722,0.055496699998911936,0.06480130000272766,563229.4413609558
2457,194,158,30652,29.747077636320768,1.0559718489520005,0.08473974685048288,0.03788121506751794,0.008293900005810428,0.04097110000293469,0.04926500000874512,622186.1360917266
2458,229,158,36182,27.041882035288733,0.6780494893060534,0.10592199727110004,0.04812456189533557,0.010482300000148825,0.047754599996551406,0.05823689999670023,621289.9382015546
2459,218,158,34444,31.357802343175443,0.7527723674692999,0.08270512757111187,0.036693581030446905,0.009244000000762753,0.04692380000051344,0.05616780000127619,613233.916927802
2460,150,158,23700,43.71672786078203,0.856884443275771,0.06195492445676099,0.026831607242740755,0.006632800002989825,0.041231699993659277,0.0478644999966491,495147.76090127736
2461,235,158,37130,38.65083776529809,1.7316311111702358,0.054642650636317645,0.024516518805648282,0.009901299999910407,0.05831690000195522,0.06821820000186563,544282.9039608869
2462,213,158,33654,31.244281925069284,1.934298554463693,0.07085796506667529,0.03166161797624177,0.009135799999057781,0.044212000000698026,0.05334779999975581,630841.3842774031
2463,249,158,39342,39.879674040004566,1.0840028771330357,0.060406406294720036,0.026342386757179054,0.010346200004278217,0.06163580000429647,0.07198200000857469,546553.304927808
2464,249,158,39342,29.165381503022417,0.45714804293912786,0.09913169195708128,0.04488326310138474,0.009566299995640293,0.06383130000176607,0.07339759999740636,536012.076708097
2465,180,158,28440,39.14728438326394,0.9156580340482336,0.06349658435000603,0.027688141522736163,0.008542999996279832,0.07789889999548905,0.08644189999176888,329007.1134797835
2466,210,158,33180,37.5859737910616,0.744474845758645,0.06829398328596767,0.029823175418563632,0.00939749999815831,0.08313539999653585,0.09253289999469416,358575.1662587311
2467,208,158,32864,37.055067653618245,1.7216015665796733,0.05685150230648172,0.02542118927843346,0.00876560000324389,0.054594699999142904,0.0633603000023868,518684.4127752237
2468,221,158,34918,26.66445400902558,1.4756320560279905,0.09879689700860232,0.044681593419794566,0.010656400001607835,0.061225600002217107,0.07188200000382494,485768.3425355717
2469,182,158,28756,28.214228856620064,0.870131859624202,0.09606615823397745,0.04306418086506496,0.007483900000806898,0.043931599997449666,0.051415499998256564,559286.5964733413
2470,188,158,29704,32.47446372255325,1.7456263930220934,0.06733632470787342,0.030198240182247444,0.0069631000005756505,0.04765699999552453,0.05462009999610018,543829.1032444254
2471,159,158,25122,29.985265142842366,1.4648401216174107,0.07989731848047617,0.03540254222617449,0.006692299997666851,0.07982179999817163,0.08651409999583848,290380.4119930557
2472,228,158,36024,37.31091685276917,1.5379408583758702,0.05792912134013498,0.025732930029867117,0.010593000006338116,0.10257819999969797,0.11317120000603609,318314.2000621945
2473,219,158,34602,28.034782860362572,1.2187434324330557,0.09232587580983621,0.041397040978137324,0.008220399999117944,0.05133919999934733,0.059559599998465274,580964.2778140153
2474,235,158,37130,27.961312698166026,1.2189817107832444,0.09264678806145421,0.041545294957736005,0.0094119999994291,0.055891500000143424,0.06530349999957252,568575.9568819903
2475,230,158,36340,39.45729809164628,0.5592562473263567,0.07036351941626612,0.030764547865427077,0.01066529999661725,0.06496100000367733,0.07562630000029458,480520.6654280118
2476,236,158,37288,28.555332804393075,1.5275449804379273,0.08642246214405189,0.03883080768315237,0.011105700003099628,0.06974160000390839,0.08084730000700802,461215.1549497361
2477,181,158,28598,28.78861928828804,1.3118966282105842,0.0872942745716757,0.038981414918555196,0.007738899999822024,0.055097899996326305,0.06283679999614833,455115.47376303305
2478,182,158,28756,28.59432632572833,1.1580698523975603,0.0895219475986451,0.04019140171840501,0.008271899998362642,0.05324809999729041,0.06151999999565305,467425.2276012983
2479,154,158,24332,31.850680349009316,1.5983136391064565,0.07093186238719769,0.03154630656811831,0.006121899998106528,0.03447589999996126,0.040597799998067785,599342.8215607264
2480,156,158,24648,30.64892593197598,0.9785860820394379,0.08179100899920777,0.036300747825684494,0.0061407999965013005,0.0378019999989192,0.0439427999954205,560911.0025435041
2481,197,158,31126,33.301330307112025,0.724217871573611,0.07700085143502025,0.03394918478658544,0.011318899996695109,0.040905199995904695,0.052224099992599804,596008.3563797285
2482,159,158,25122,32.2628332634276,0.6360564898001912,0.0822231240288529,0.03631886195227738,0.006583299997146241,0.037307300000975374,0.043890599998121615,572377.684540087
2483,178,158,28124,44.98362232492745,1.2038948593668801,0.05626058978610804,0.024719549832470395,0.007945700002892409,0.041245500004151836,0.049191200007044245,571728.2765204469
2484,194,158,30652,34.515929888987316,0.6261582210766052,0.07566936936743492,0.03344602446286683,0.008116699995298404,0.04577679999783868,0.053893499993137084,568751.3337211963
2485,232,158,36656,40.95574940660974,1.9767502280546485,0.05085502774119921,0.02311070751453303,0.011524699999426957,0.05881359999330016,0.07033829999272712,521138.5547246689
2486,182,158,28756,27.853739691942327,1.432891201727723,0.09164143256571397,0.04096948170821833,0.006957799996598624,0.0361235999953351,0.04308139999193372,667480.6298166746
2487,163,158,25754,42.89168742371472,0.35350381741113024,0.07374958529095103,0.033150567670980714,0.00640719999501016,0.03699780000169994,0.0434049999967101,593341.7809457905
2488,158,158,24964,35.5886675744966,1.7892372789976398,0.05894222832212256,0.026381938417416165,0.005590599997958634,0.032407999999122694,0.03799859999708133,656971.5726873486
2489,185,158,29230,40.75847064884078,0.8807245784206448,0.06266987549019691,0.027303261713921542,0.007751999997708481,0.042298400003346615,0.050050400001055095,584011.3165805631
2490,248,158,39184,35.414794812967216,1.4917819480621561,0.061827057476406974,0.027439177182730763,0.008377699996344745,0.04417190000094706,0.05254959999729181,745657.4360607766
2491,154,158,24332,37.4476201931544,1.5994054921299805,0.05732452651392423,0.025478882432529246,0.006522999996377621,0.03328880000481149,0.03981180000118911,611175.5810908636
2492,159,158,25122,25.040796269559095,0.7234494243099081,0.1197287833359876,0.054973507193731445,0.0065007000011974014,0.03710750000027474,0.04360820000147214,576084.3143984829
2493,169,158,26702,39.167991742034964,1.1474417270433672,0.06004518977108761,0.026255774967153863,0.007925700003397651,0.04223710000223946,0.05016280000563711,532306.8089699803
2494,225,158,35550,27.456923627362634,0.9703605781781022,0.0988477795578539,0.04439011646646035,0.007342500000959262,0.040305399998032954,0.047647899998992216,746097.9392743837
2495,221,158,34918,37.36591407793841,1.7585908048738168,0.05604445453915363,0.025163993641370216,0.008119099999021273,0.050900099995487835,0.05901919999450911,591637.9754935448
2496,171,158,27018,29.496634719054942,1.8232643406365083,0.07976519649303729,0.03547755098634652,0.008239800001319963,0.04461149999406189,0.05285129999538185,511207.8605892539
2497,180,158,28440,30.67266208647091,0.511479078179911,0.0908548695300196,0.04076164295738291,0.008186600003682543,0.03136630000517471,0.03955290000885725,719037.0363141845
2498,210,158,33180,25.2669927757889,1.895857535204792,0.10673410461431641,0.04864123031928409,0.008716199998161756,0.04684360000101151,0.055559799999173265,597194.374358686
2499,152,158,24016,35.46190997407299,1.2842872529743312,0.06370779362721536,0.028196965620695708,0.006415100004232954,0.03247920000285376,0.03889430000708671,617468.3692886664
2500,168,158,26544,39.51143883958673,1.0685074853667247,0.06085523928517047,0.026624664311806438,0.008552400002372451,0.038441700002294965,0.046994100004667416,564836.8624436614
2501,165,158,26070,32.180878968067894,1.1820695440638773,0.07321395427019331,0.03250032828478336,0.012596000000485219,0.28752569999778643,0.30012169999827165,86864.76186210505
2502,168,158,26544,41.18826229544967,1.950860607884181,0.051026232746927386,0.023153608085478998,0.008788399994955398,0.08352589999412885,0.09231429998908425,287539.4170040688
2503,196,158,30968,25.856903528151495,0.9266819087601641,0.1100313836296313,0.05031400319101652,0.009890499997709412,0.05627970000205096,0.06617019999976037,468005.23498662765
2504,240,158,37920,33.16189537932041,0.33237405887282484,0.08672077512378175,0.039816933377568774,0.009822199994232506,0.05006370000046445,0.059885899994696956,633204.143268414
2505,231,158,36498,26.733901364778372,1.4278629081300396,0.09887705352827633,0.04470273577971877,0.009531099996820558,0.07079260000318754,0.0803237000000081,454386.43887166947
2506,185,158,29230,36.36752229480389,1.408649810514312,0.060711937694276887,0.026831801011510045,0.007682700001168996,0.052804200000537094,0.06048690000170609,483245.1324034715
2507,237,158,37446,39.214106634935796,1.418324516862323,0.056830976023872014,0.025193391587857893,0.009280699996452313,0.061978999998245854,0.07125969999469817,525486.35487921
2508,194,158,30652,43.82890824216837,0.8102005005313988,0.0626399137535071,0.027197557350228725,0.007308499996725004,0.049639400000160094,0.0569478999968851,538246.3620550816
2509,170,158,26860,33.90989204391472,1.4352490457964302,0.06574379132657097,0.029039867831563572,0.008122300001559779,0.046523099998012185,0.054645399999571964,491532.6816202351
2510,160,158,25280,40.08527982939037,0.9984048928146947,0.061464526475437285,0.02680451694883585,0.0062873999995645136,0.03683780000574188,0.0431252000053064,586200.1798690647
2511,249,158,39342,28.929691441435608,0.8539185650277588,0.09215956359348015,0.04128893301478627,0.01146619999781251,0.06343329999799607,0.07489949999580858,525263.8535931695
2512,236,158,37288,34.87347105692206,1.739243197125879,0.06095863218334243,0.027100984463875665,0.011361599994415883,0.06782400000520283,0.07918559999961872,470893.6978463198
2513,234,158,36972,32.61586807490949,1.4337446890433934,0.0692301944030716,0.030833000320290217,0.010627300005580764,0.06458869999914896,0.07521600000472972,491544.35223456623
2514,199,158,31442,33.746625459050726,1.0498004800271463,0.07067323339682575,0.03110295894807558,0.009256299999833573,0.05561889999808045,0.06487519999791402,484653.6118734274
2515,165,158,26070,36.462041615599375,1.2165255315471442,0.06253758119902773,0.027540832817745785,0.006263299997954164,0.03972490000160178,0.045988199999555945,566884.548650561
2516,209,158,33022,41.723154324035676,1.6572957087641103,0.052980617509815066,0.023710705049333147,0.009175200000754558,0.07253839999611955,0.08171359999687411,404118.77583735425
2517,188,158,29704,36.91981972333467,1.8742813802102414,0.05580924021727084,0.025170008716339384,0.009102100004383828,0.052530599998135585,0.061632700002519414,481951.95081159455
2518,181,158,28598,41.15590834314696,0.6358033186285783,0.06750501577883006,0.029423032570378965,0.010947300004772842,0.06509940000250936,0.0760467000072822,376058.3956603175
2519,225,158,35550,34.178543870142285,1.598480065726141,0.06354589596629376,0.028272385089974657,0.010540299997956026,0.118098299994017,0.12863859999197302,276355.61955912376
2520,218,158,34444,28.003347455973568,0.7773526675560658,0.09825808130716293,0.043979738456057564,0.012664600006246474,0.17182319999847095,0.18448780000471743,186700.6923987345
2521,196,158,30968,41.43734986226346,0.33279385803607436,0.07520610009778117,0.0339400038749915,0.010391399999207351,0.09038530000543687,0.10077670000464423,307293.253287445
2522,222,158,35076,27.7752534768795,1.9740068197558216,0.08864451381392753,0.03986239400025137,0.010889100005442742,0.07036179999704473,0.08125090000248747,431699.83346555126
2523,192,158,30336,26.298227253426916,0.5411298757392096,0.11424124632226838,0.05240927835982875,0.009742099995492026,0.05440880000242032,0.06415089999791235,472885.02579055354
2524,246,158,38868,42.62953336512862,0.7324186927996411,0.06460870575696076,0.02814543513792691,0.013452500003040768,0.07902440000179922,0.09247690000483999,420299.55586709495
2525,232,158,36656,29.370849550722177,0.5760051290849166,0.0951356241874159,0.042687812746753276,0.011068100000557024,0.07422690000385046,0.08529500000440748,429755.5542306801
2526,159,158,25122,31.42895188885843,1.559858365465137,0.07273912390928648,0.0321933389547254,0.011346599996613804,0.09233079999830807,0.10367739999492187,242309.3171822449
2527,182,158,28756,44.38570100465172,0.48760672014033624,0.06958071254427689,0.030621744013794482,0.010773000001790933,0.06061519999639131,0.07138819999818224,402811.6691656634
2528,186,158,29388,37.385725628145046,0.3125926797416726,0.07930485769313986,0.03609598229331534,0.009680099996330682,0.14981529999931809,0.15949539999564877,184256.09767304725
2529,224,158,35392,38.41109806618765,0.706588221718587,0.06793331843328738,0.029623343317541854,0.01262999999744352,0.06908459999976913,0.08171459999721264,433117.2152982117
2530,199,158,31442,32.624235268571724,0.47993043786992473,0.0846915972834538,0.037861122675594196,0.01508309999917401,0.10709779999888269,0.1221808999980567,257339.73150058714
2531,248,158,39184,32.677986866394974,1.802192418460631,0.06624309661934516,0.02962041223965521,0.013775399995211046,0.08797080000658752,0.10174620000179857,385115.11977162136
2532,191,158,30178,27.941617252418602,1.452616228290461,0.0907841145381688,0.040944956655071425,0.00964679999742657,0.08241280000220286,0.09205959999962943,327809.37566664943
2533,244,158,38552,42.48573357335668,1.2740468681106791,0.056270120909121715,0.02474476290028516,0.012464100000215694,0.07491719999961788,0.08738129999983357,441192.79525566025
2534,227,158,35866,27.021204981771984,0.32220441136981764,0.11572775895254471,0.05365083495658633,0.01252820000081556,0.07267029999638908,0.08519849999720464,420969.8527694357
2535,231,158,36498,40.13479643247014,0.3716187712233605,0.07488684694222213,0.033451568853170785,0.011532900003658142,0.2303119999996852,0.24184490000334335,150914.90455037687
2536,219,158,34602,29.87781593626879,0.5039959372145627,0.09428288425633287,0.04243400227394626,0.014093099998717662,0.14297539999824949,0.15706849999696715,220298.78683929707
2537,189,158,29862,34.78330762105679,0.8980198508136228,0.0702127240841104,0.030856797666447826,0.010094700002809986,0.07490359999792418,0.08499830000073416,351324.6735492601
2538,235,158,37130,31.6479479161768,0.7740971322002088,0.08143236458769054,0.03597840091008502,0.011631299996224698,0.10419770000589779,0.11582900000212248,320558.75471012975
2539,190,158,30020,36.05772541157379,0.9747534901243131,0.06640736048914889,0.02921955957037988,0.010470499997609295,0.08592569999746047,0.09639619999506976,311423.0644105825
2540,212,158,33496,28.10188208208701,0.7371546102213614,0.09865144639898318,0.04443613603751142,0.010780099997646175,0.0730312999949092,0.08381139999255538,399659.23493671877
2541,154,158,24332,26.371302424772157,0.9076745957971095,0.107067241384007,0.048466494363304316,0.008735100003832486,0.05184379999991506,0.06057890000374755,401658.00300921226
2542,245,158,38710,44.69607568318561,0.6021612343433647,0.06665081508124315,0.028974679681852297,0.011935300004552118,0.1732015000015963,0.1851368000061484,209088.63067047956
2543,236,158,37288,32.99592930503361,0.8319323452301368,0.07606058989300958,0.03355578187815239,0.011857299999974202,0.07560430000012275,0.08746160000009695,426335.67188295966
2544,161,158,25438,35.71727068622511,1.5702315701378802,0.06023384605411166,0.026783588615421808,0.009475599996221717,0.06369379999523517,0.07316939999145688,347658.99410095054
2545,204,158,32232,44.21410295086143,1.4121547242111379,0.054078663277997305,0.023880368077477943,0.010173399998166133,0.07107409999298397,0.08124749999115011,396713.74508152093
2546,166,158,26228,35.20761597811397,1.2749841347484978,0.0641157651874466,0.02826254403575979,0.008447699998214375,0.07226570000057109,0.08071339999878546,324952.2384188334
2547,212,158,33496,43.54628005116836,1.71474160873959,0.05156940342458283,0.023260383350693217,0.012478300006478094,0.16378740000072867,0.17626570000720676,190031.29933180698
2548,150,158,23700,37.693037556434106,0.36510437072004526,0.0773969779190534,0.034778189567213694,0.007971200000611134,0.054570599997532554,0.06254179999814369,378946.5605515582
2549,245,158,38710,25.519169262012426,0.4219933476396741,0.12313648170133715,0.05708530926401029,0.012940299995534588,0.09554729999945266,0.10848759999498725,356814.97241886286
2550,152,158,24016,37.951484843669895,0.7127934814174879,0.0685454604801263,0.02991343606306836,0.008252699997683521,0.04874379999819212,0.05699649999587564,421359.20629754174
2551,215,158,33970,44.83560329732281,1.0572617042655716,0.058290067427303256,0.025423317857739502,0.010329700002330355,0.0749636999971699,0.08529339999950025,398272.3165004448
2552,185,158,29230,41.93635958808327,0.6030902091003902,0.06764912127169284,0.029597835931239328,0.009515400000964291,0.09065430000191554,0.10016970000287984,291804.8072337209
2553,161,158,25438,27.11631637915029,0.8091725980328959,0.10308304521655137,0.046769612998234046,0.00801320000027772,0.0567388999988907,0.06475209999916842,392852.1237199517
2554,204,158,32232,43.1962185704127,1.316448398600162,0.05548122274846723,0.024536089036507235,0.010340100001485553,0.05880489999981364,0.0691450000012992,466150.8424238105
2555,153,158,24174,44.939564462453504,1.8468966047694393,0.05009152959562313,0.022725301702155563,0.007202300002973061,0.04887600000074599,0.05607830000371905,431075.8350092069
2556,216,158,34128,41.44960444120092,1.2924562394388617,0.056625725306234574,0.024980209427693533,0.010474700000486337,0.0624108999982127,0.07288559999869904,468240.64013480255
2557,226,158,35708,30.62933524194905,0.5568416504260569,0.08962388787153992,0.04001579044021721,0.010738699995272327,0.07628390000172658,0.0870225999969989,410330.19010270253
2558,241,158,38078,33.870795066328135,1.7213493958788963,0.06329080787049801,0.028263651343057868,0.014677000006486196,0.08513029999448918,0.09980730000097537,381515.17974765255
2559,239,158,37762,43.129626729805864,1.5097838274103434,0.05351880456079191,0.02384581630484852,0.01133539999864297,0.07914809999783756,0.09048349999648053,417335.7573642576
2560,197,158,31126,26.422324630563946,1.264060365196294,0.10257625405248497,0.046220952069518706,0.011468099997728132,0.06656330000259914,0.07803140000032727,398890.70297174546
2561,196,158,30968,25.95045752613276,0.4757779551375202,0.1176678479669728,0.05430338462664715,0.010257499998260755,0.06950469999719644,0.0797621999954572,388254.08529057325
2562,197,158,31126,30.34684546889077,1.5229312993423543,0.07753035196122851,0.034651442905777825,0.011530299998412374,0.07685659999697236,0.08838689999538474,352156.25846845284
2563,171,158,27018,43.018692287132936,1.2964660427186712,0.05588111337597245,0.024594474734099453,0.009318500000517815,0.08394050000060815,0.09325900000112597,289709.30419234384
2564,159,158,25122,28.5964658332483,0.9658174230688468,0.09222186982097397,0.04116405520682319,0.008295200001157355,0.05980699999781791,0.06810219999897527,368886.76137302484
2565,178,158,28124,33.07748397781599,0.39935060402493416,0.08539100498623436,0.03850136591278026,0.008478699994157068,0.052835100002994295,0.061313799997151364,458689.56093581935
2566,247,158,39026,26.67904716388315,1.5094082086424303,0.09904361994797276,0.04455785416084267,0.011968300001171883,0.07778339999640593,0.08975169999757782,434821.84739735536
2567,209,158,33022,29.282891635471167,1.6315583004627952,0.08205881892698784,0.03661324264630455,0.010603999995510094,0.08875440000701929,0.09935840000252938,332352.3728155783
2568,154,158,24332,38.88249782730303,1.5074408709973885,0.05644657941556806,0.025117511536141713,0.009057700000994373,0.052852699998766184,0.06191039999976056,393019.5896019749
2569,237,158,37446,26.824509153003095,0.9346386222875274,0.1031778716289416,0.046824504886481454,0.009913399997458328,0.07103800000186311,0.08095139999932144,462573.84060453414
2570,244,158,38552,43.72310826411329,1.707761037855697,0.05158042187583334,0.023252258775368573,0.011296999997284729,0.08293099999718834,0.09422799999447307,409135.2888977933
2571,211,158,33338,38.85738551079859,1.027251273277883,0.06219876118921911,0.027014823325986877,0.010300100002496038,0.07416440000088187,0.08446450000337791,394698.36438582774
2572,192,158,30336,41.84635444464027,1.8932995048784877,0.05087106873893945,0.023022964350969562,0.009429099998669699,0.05071960000350373,0.06014870000217343,504350.0524351122
2573,221,158,34918,30.173145921467217,0.8493133729186522,0.08595116878278505,0.038274690072937656,0.011798400002589915,0.13301530000171624,0.14481370000430616,241123.5953432699
2574,206,158,32548,35.088772503940554,0.959250955923149,0.06839257795959787,0.030024142202751264,0.010522899996431079,0.07169840000278782,0.0822212999992189,395858.49409227545
2575,225,158,35550,29.298186187799153,1.8131264725917782,0.0808425072108432,0.03601859678426433,0.01404049999837298,0.0977264000030118,0.11176690000138478,318072.70309509826
2576,237,158,37446,37.58321772542099,1.333108271079448,0.0596291681680017,0.026350894461628513,0.012454299998353235,0.14297509999596514,0.15542939999431837,240919.67157673396
2577,238,158,37604,33.86306917259572,1.276574697862156,0.06744526150739563,0.02976859383659825,0.015846599999349564,0.08562419999361737,0.10147079999296693,370589.37154931645
2578,218,158,34444,39.65119594738703,1.6791055808507511,0.05420732908045217,0.02426183565836006,0.011310800000501331,0.07385700000304496,0.08516780000354629,404425.1465761214
2579,244,158,38552,44.52832783205237,1.8411156294781765,0.050159064043011264,0.022841192698495095,0.012346000003162771,0.07519529999990482,0.08754130000306759,440386.42330704565
2580,170,158,26860,28.84879389363077,1.0522170060164908,0.08955194768251853,0.04011344252013495,0.008975699995062314,0.056055799999739975,0.06503149999480229,413030.6082767092
2581,161,158,25438,33.65064631378061,0.5471799784576085,0.07985024660746211,0.035552159496500126,0.007953499996801838,0.04613509999762755,0.05408859999442939,470302.42976560444
2582,239,158,37762,28.908177904204987,1.9644327167008742,0.08204697320324536,0.03669488258254228,0.01016390000586398,0.06112349999602884,0.07128740000189282,529714.9285707901
2583,179,158,28282,35.695719154696846,1.2843771260127728,0.06327494949305998,0.0278240608060539,0.007779700004903134,0.04629410000052303,0.054073800005426165,523025.93857213616
2584,199,158,31442,38.11207515818234,1.8678238972333159,0.05427644515506588,0.02441944714376339,0.009316899995610584,0.0634963999982574,0.07281329999386799,431816.7148398425
2585,211,158,33338,43.83728924715358,1.5206659709565782,0.05320152197560639,0.02369588010634371,0.011073099994973745,0.08159689999592956,0.0926699999909033,359749.6493285047
2586,153,158,24174,42.21029733304968,1.0475694479143036,0.059350831375056375,0.025888407948638305,0.010585700001684017,0.06492859999707434,0.07551429999875836,320124.79756016383
2587,162,158,25596,43.893031607222646,0.8456896302518611,0.06206404350140722,0.026897647605428846,0.01054120000480907,0.12774779999745078,0.13828900000225985,185090.64350441267
2588,192,158,30336,39.24039186054165,0.9082856923757017,0.06365774467790902,0.027686833024213136,0.009971899999072775,0.07660179999948014,0.08657369999855291,350406.6477522281
2589,222,158,35076,25.556511023487044,1.812587833411367,0.10521278207710766,0.047829376194249804,0.00931739999941783,0.0575886000005994,0.06690600000001723,524257.91408828757
2590,203,158,32074,31.88758162004816,0.7777175433532548,0.08045579864360418,0.0355779144027743,0.009198399995511863,0.054001300006348174,0.06319970000186004,507502.40901548625
2591,208,158,32864,40.240778034501744,1.7397377012912183,0.05316836666798996,0.02392177363397649,0.01023630000418052,0.0538379999998142,0.06407430000399472,512904.5498421534
2592,223,158,35234,29.191796542162354,0.8914397914382699,0.09001459984913714,0.04028327677196576,0.011614399998506997,0.08735639999940759,0.09897079999791458,356003.99310445524
2593,215,158,33970,39.32699858376518,0.457678479837428,0.07313259942489896,0.03227215314610191,0.013074299997242633,0.08318470000085654,0.09625899999809917,352902.06630726275
2594,186,158,29388,25.329616942929107,1.932092991990163,0.10614104285989336,0.048366798856290444,0.010297699998773169,0.06539830000110669,0.07569599999987986,388237.1591635838
2595,237,158,37446,40.79325099788217,1.4918549341850669,0.05493924571692224,0.02449952863368474,0.010141799997654743,0.08178229999612086,0.0919240999937756,407357.80935070955
2596,248,158,39184,43.76010178968585,1.1424390466962158,0.05728738002835563,0.02511662796956068,0.012024299998302013,0.07560750000266125,0.08763180000096327,447143.6168099854
2597,219,158,34602,34.65523860162383,1.4862605830553506,0.06337472995748805,0.028022275035651557,0.009980999995605089,0.07386140000016894,0.08384239999577403,412702.8806635315
2598,203,158,32074,34.7772438397632,1.0714394350360688,0.06774070225692096,0.029760394846330973,0.009613700000045355,0.06391769999754615,0.0735313999975915,436194.60531216016
2599,209,158,33022,37.09928914175593,0.7080982268272713,0.06963570129689718,0.03056152088788029,0.01003119999950286,0.07332100000348873,0.0833522000029916,396174.30612287147
2600,212,158,33496,36.5845274104085,0.8646735334914271,0.06735032538719529,0.029441787570580757,0.009699399997771252,0.047043099999427795,0.05674249999719905,590315.9008089782
2601,164,158,25912,31.937637241325746,1.8260492872970226,0.06887480436240154,0.030702459215423437,0.006373600001097657,0.03867099999479251,0.04504459999589017,575252.0835430705
2602,235,158,37130,38.22093643785791,0.8877355630061068,0.06495204585027554,0.028344242997078536,0.008516299996699672,0.05428810000012163,0.0628043999968213,591200.6165472363
2603,216,158,34128,26.48149476217341,0.7531333214180036,0.10834423062516693,0.04919757673678104,0.008418799996434245,0.042821100003493484,0.05123989999992773,666043.4544182977
2604,249,158,39342,43.54934758275611,1.0416435162332878,0.0588620279639504,0.025626239336675412,0.010142099999939092,0.05393499999627238,0.06407709999621147,613979.0970928159
2605,223,158,35234,29.25248888537623,1.1214786436317215,0.08642821141883131,0.038649902629885935,0.009316700001363643,0.04822549999516923,0.05754219999653287,612315.8308532343
2606,213,158,33654,44.08002261408342,1.4112108819357023,0.05398413519548041,0.023968227757968936,0.009427300006791484,0.06240300000354182,0.0718303000103333,468520.944436521
2607,186,158,29388,26.528031954636113,0.48317838768150057,0.11394869432058999,0.052268541970095506,0.007048300001770258,0.038350299997546244,0.0453985999993165,647332.7371426091
2608,220,158,34760,30.442364825804603,0.9155192254810671,0.08357505040674298,0.03718491072025774,0.007977499997650739,0.047558899997966364,0.0555363999956171,625895.8089242954
2609,224,158,35392,29.10774430414626,1.3308687851519865,0.0856538701651768,0.03807537438063729,0.008184500002244022,0.043624400001135655,0.051808900003379676,683125.8721511412
2610,220,158,34760,25.591487862590018,0.3819247075543633,0.12358177673519512,0.05747491813235393,0.01315469999826746,0.21253859999706037,0.22569329999532783,154014.31943579885
2611,208,158,32864,27.793085204819793,0.8331176568154024,0.09877690711884683,0.04444150767193189,0.008302499998535495,0.048398099999758415,0.05670059999829391,579605.8595674272
2612,248,158,39184,29.95918861346003,1.3254452871916762,0.0809962713749584,0.03619375860774255,0.011411500003305264,0.058686099997430574,0.07009760000073584,558992.033958205
2613,235,158,37130,29.35062996705944,1.6622401796469242,0.0816493694405276,0.03647502838312801,0.0099975999983144,0.05798070000309963,0.06797830000141403,546203.7149976927
2614,178,158,28124,38.25248777133513,1.086262612542636,0.061866565858618945,0.026995687304581614,0.006037300001480617,0.03717589999723714,0.043213199998717755,650819.6569759821
2615,165,158,26070,33.20706113349765,0.47060548032807975,0.08304740453036528,0.03711882686521568,0.00804029999562772,0.039458200000808574,0.047498499996436294,548859.4377076323
2616,242,158,38236,26.232706505948006,0.7552611460990393,0.10979612267095455,0.050079108794338106,0.00863210000534309,0.04514709999784827,0.05377920000319136,710981.1971492883
2617,189,158,29862,39.312512020025935,0.6243581913942371,0.06927085059435785,0.030265421269989524,0.007151199999498203,0.035635400003229734,0.04278660000272794,697928.790745142
2618,191,158,30178,27.02898812530535,1.0358803556826732,0.10050081321523845,0.045471017302920705,0.007887500003562309,0.043096500005049165,0.050984000008611474,591911.187723654
2619,241,158,38078,32.02575194503743,1.352549016563618,0.07204614369574648,0.03215969070599666,0.008851300000969786,0.05109509999601869,0.059946399996988475,635200.7793948081
2620,180,158,28440,36.16343381727749,1.4235367713707443,0.060897534242288186,0.027008577870475618,0.009762199995748233,0.03387279999878956,0.04363499999453779,651770.3679055828
2621,167,158,26386,26.10306494058484,1.9097611245508581,0.10079551566079667,0.04549784120197339,0.00576310000178637,0.036032199997862335,0.041795299999648705,631315.0043239737
2622,211,158,33338,41.4221722566904,1.9557338720946251,0.05075686429481824,0.023178362683329994,0.008133499999530613,0.04543610000109766,0.05356960000062827,622330.5755430134
2623,167,158,26386,33.523420398378775,1.9442453282638976,0.0627896277830579,0.028182718529441875,0.0058470000003580935,0.03984060000220779,0.04568760000256589,577530.8836208975
2624,246,158,38868,27.175639137003863,1.3333312459598217,0.09678164013850168,0.043420406403351125,0.009878400000161491,0.05284129999927245,0.06271969999943394,619709.5968308329
2625,181,158,28598,32.042680412735365,1.4577925870898059,0.07118570849062936,0.03160593104617947,0.006335199999739416,0.03897370000049705,0.04530890000023646,631178.4218961562
2626,217,158,34286,36.957761668850225,0.9082792584913821,0.06614867093476708,0.02894397379454904,0.009330000000772998,0.06411420000222279,0.07344420000299579,466830.6006274352
2627,175,158,27650,42.244102614609695,0.9066026437474142,0.06150390875674274,0.026663637913782935,0.007743400004983414,0.05129020000458695,0.059033600009570364,468377.33080004365
2628,213,158,33654,31.340633512856186,1.9132260435128996,0.07065667141913042,0.031585438023003294,0.007804100001521874,0.05619269999442622,0.0639967999959481,525870.0435354701
2629,215,158,33970,41.56892247214185,0.6117026850267862,0.06768908385802308,0.029512858052555904,0.007630599997355603,0.053941300000587944,0.06157189999794355,551712.7131229436
2630,230,158,36340,36.51084355655887,1.7304158196907558,0.057734025519862085,0.025784153309137445,0.009168399999907706,0.04533709999668645,0.05450549999659415,666721.7070253599
2631,188,158,29704,34.66901369230416,1.6834469602126736,0.06186815786174307,0.027533139670317595,0.00692200000048615,0.03630189999967115,0.0432239000001573,687212.3986935909
2632,220,158,34760,39.23261564791258,1.8284871449057456,0.0533882292336438,0.024054194468137093,0.008222500000556465,0.053645800006052013,0.06186830000660848,561838.6151920628
2633,239,158,37762,43.65951881900482,1.0347137146160177,0.059032328649685765,0.025802483472116996,0.008161799996742047,0.045543000000179745,0.05370479999692179,703140.1290418066
2634,225,158,35550,37.907923519487944,1.8623495598758715,0.054520808304507166,0.024532929710650117,0.00781719999940833,0.048151499999221414,0.055968699998629745,635176.4468510142
2635,159,158,25122,39.506154582975086,0.7919932299743367,0.06543069098108502,0.02853986547604043,0.0070037000041338615,0.038724800004274584,0.045728500008408446,549372.9292537614
2636,210,158,33180,29.80901138682767,1.20455188881492,0.08296983561569811,0.03695588568105039,0.00864749999891501,0.045436699998390395,0.054084199997305404,613487.8578522581
2637,250,158,39500,35.2720086246195,1.0002302657814504,0.06773565477197553,0.029705219486707794,0.01070820000313688,0.0612156999995932,0.07192390000273008,549191.5760755558
2638,151,158,23858,39.520496979321976,1.0147489063516353,0.0615791540326527,0.02690457901792309,0.005160699998668861,0.03582710000046063,0.04098779999912949,582075.6420326707
2639,176,158,27808,42.179969728401446,1.907396795544559,0.050722646495017565,0.022962894718203987,0.007356099995377008,0.04113589999906253,0.04849199999443954,573455.4153919962
2640,247,158,39026,42.811615243640595,1.4428498603182074,0.05439323407542963,0.02408760823854621,0.008269799996924121,0.05638110000290908,0.0646508999998332,603642.0219997044
2641,233,158,36814,26.7228603913453,1.941274322948196,0.09572817361284956,0.04328562423385585,0.010259000002406538,0.0577525999979116,0.06801160000031814,541290.0152301636
2642,240,158,37920,42.324528014099705,0.9650392589218899,0.06069528703135687,0.0264730191591526,0.012595599997439422,0.0469470000025467,0.05954259999998612,636854.9576271247
2643,200,158,31600,32.09115137188283,1.569243441645084,0.07022677762099731,0.031063831848486965,0.008596199993917253,0.04313729999557836,0.05173349998949561,610822.7745351912
2644,199,158,31442,33.40957810853476,0.4546318319565238,0.08287906641700325,0.03702095706580879,0.007261099999595899,0.037558700001682155,0.044819800001278054,701520.3102000325
2645,170,158,26860,34.58740832965734,0.4594393180679801,0.07969859444415811,0.03552331256196461,0.006164900005387608,0.036968200001865625,0.04313310000725323,622723.615865385
2646,198,158,31284,28.590164265037192,1.1446410738893185,0.08989345661052432,0.0402405087229491,0.006671199997072108,0.04672990000108257,0.05340109999815468,585830.6289773253
2647,217,158,34286,34.58796065416635,1.2790569570410009,0.06562599712337493,0.028822756494043218,0.009340000004158355,0.05524670000158949,0.06458670000574784,530852.3271346693
2648,236,158,37288,35.979615609888256,1.3536302161967222,0.06197078671569007,0.02742065175449196,0.011423799995100126,0.06847749999724329,0.07990129999234341,466675.7612651252
2649,209,158,33022,30.280305245546387,1.5183664853857093,0.07780561265961465,0.034815760389910445,0.009782599998288788,0.07631199999741511,0.0860945999957039,383554.83388793014
2650,169,158,26702,31.661071752362314,0.5688420525259519,0.08523227211526073,0.03798942305258956,0.0071988999989116564,0.04476549999526469,0.05196439999417635,513851.7908990096
2651,188,158,29704,40.554702848465396,0.8364614011453808,0.06355357012846977,0.027745832976561084,0.009469099997659214,0.05640990000392776,0.06587900000158697,450887.23264294316
2652,196,158,30968,38.138217566016344,0.6844913116323668,0.06895614198393626,0.03007300900446847,0.007803000000421889,0.04242620000150055,0.050229200001922436,616533.8089958581
2653,245,158,38710,42.61458379517612,0.9795125267511138,0.06009309496373002,0.026143191357263507,0.010710499998822343,0.08541949999926146,0.0961299999980838,402683.8656066953
2654,160,158,25280,38.744612903060535,0.7082713252980326,0.06781445636577856,0.029538756164706637,0.0073121000023093075,0.03742240000428865,0.044734500006597955,565111.9381298868
2655,249,158,39342,34.079512989298856,1.2556335979900761,0.06704615488716349,0.02954593135772309,0.010869300000194926,0.07526259999576723,0.08613189999596216,456764.5669240356
2656,151,158,23858,27.3108447706991,1.7486147515925876,0.09277848553441975,0.04180957457498267,0.007201799999165814,0.039554899994982406,0.04675669999414822,510258.42292090587
2657,175,158,27650,33.72665676588874,0.3624853330503121,0.08453317442377471,0.03848104860039037,0.007186700000602286,0.035876900001312606,0.04306360000191489,642073.5841585585
2658,167,158,26386,35.7596681570365,0.5009390065344463,0.07644679680137605,0.03372730079913123,0.0069088000018382445,0.052663800001027994,0.05957260000286624,442921.7458820075
2659,159,158,25122,38.35633394621668,0.480893596685639,0.07350494808687279,0.03262713998600342,0.006066000001737848,0.04256049999821698,0.04862649999995483,516631.8776803458
2660,189,158,29862,30.150449965856083,0.9477693449543119,0.08491381363940016,0.03772044104674357,0.00871039999765344,0.06678649999957997,0.07549689999723341,395539.41951383825
2661,161,158,25438,42.23379781902078,1.0638294201892022,0.05919496831757636,0.025839278969351887,0.008250499995483551,0.0464471000013873,0.05469759999687085,465066.1089600871
2662,212,158,33496,42.17307109613661,0.8194535160282024,0.06320244132428295,0.027450255548827674,0.010789799998747185,0.08424870000453666,0.09503850000328384,352446.6400336981
2663,203,158,32074,38.841028605944075,0.8793880786518047,0.06429868353492642,0.028012114698309214,0.00980409999465337,0.0601775999966776,0.06998169999133097,458319.81795202446
2664,204,158,32232,28.53475581771073,1.495428370200227,0.0868157985763758,0.03914879474697919,0.009397599998919759,0.0438339000029373,0.05323150000185706,605506.1382616598
2665,185,158,29230,44.130993530354246,0.7193798308868665,0.06437776829314565,0.027925287540567705,0.008243999996921048,0.05325040000025183,0.06149439999717288,475327.834751519
2666,196,158,30968,41.377465180055765,0.832284573866005,0.0634361977094318,0.027417948987645366,0.007229700000607409,0.040510300001187716,0.047740000001795124,648680.3518817666
2667,203,158,32074,28.154257382241383,0.7787634062781358,0.09776879420676371,0.04393787667222403,0.00758250000217231,0.0483345000029658,0.05591700000513811,573600.157323404
2668,192,158,30336,40.73259680426412,1.9893363890645495,0.05090604769387599,0.023185689815780765,0.008273200000985526,0.05003549999673851,0.058308699997724034,520265.4149583871
2669,192,158,30336,32.68218235446892,0.4648257821850488,0.08460958619683531,0.03793459219969626,0.007990400001290254,0.03843179999967106,0.04642220000096131,653480.4468416362
2670,194,158,30652,29.33459910322873,1.4139562028686756,0.08350227187466762,0.03712039859117627,0.009271800001442898,0.040716000003158115,0.04998780000460101,613189.6182104175
2671,165,158,26070,39.90990474414647,0.36528720569696427,0.07486320767067817,0.03356547260599858,0.00652059999993071,0.04327280000143219,0.0497934000013629,523563.36380497087
2672,158,158,24964,44.97462533584623,1.8622480204897283,0.04983058034385843,0.02269976482864158,0.006984300001931842,0.04067809999833116,0.047662400000263005,523767.1623724833
2673,210,158,33180,33.418252738930825,1.9608384046921867,0.06303083634688263,0.028254183214744023,0.009689899998193141,0.046460099998512305,0.056149999996705446,590917.1861433091
2674,228,158,36024,41.460365680630105,1.3272303041935238,0.05625852001562568,0.024764108251787452,0.008873099999618717,0.047422900002857205,0.05629600000247592,639903.3678843195
2675,201,158,31758,41.82539547452393,0.8910769292288119,0.06193661047192455,0.026939526114751023,0.00857479999831412,0.043910100001085084,0.052484899999399204,605088.3206477202
2676,237,158,37446,29.30902310106891,1.0572524006208457,0.08735495625099512,0.03884085700971771,0.00936040000669891,0.05958639999880688,0.06894680000550579,543114.4012051281
2677,176,158,27808,31.88564107650846,1.5281690972322945,0.07123605720660332,0.031563816635286374,0.00613829999929294,0.03290510000078939,0.03904340000008233,712233.0534723247
2678,242,158,38236,40.92974736618002,1.7822797796391299,0.052275839363834155,0.02357333647310091,0.009845799999311566,0.04757399999652989,0.05741979999584146,665902.7026003083
2679,235,158,37130,43.5557739487713,1.0401718924030052,0.05894897606440243,0.02556977684291472,0.007914599998912308,0.051642600003106054,0.05955720000201836,623434.2782861129
2680,173,158,27334,42.83379833900369,1.208991724487791,0.056956130838019786,0.02494568459688626,0.00712059999932535,0.046046799994655885,0.053167399993981235,514112.03111482447
2681,227,158,35866,30.978044815282697,0.49769630460926995,0.08987346631620755,0.04045194213319623,0.011478899999929126,0.06862360000377521,0.08010250000370434,447751.31860230805
2682,229,158,36182,31.462591036213155,1.541888677898518,0.07261851991583654,0.03231007015606737,0.0086035999993328,0.04967179999948712,0.05827539999881992,620879.479175307
2683,183,158,28914,44.65091459678108,1.3117884877013137,0.05506052336614898,0.02425384217594936,0.008001700000022538,0.04925789999833796,0.0572595999983605,504963.35987027304
2684,168,158,26544,40.3275762707094,1.9469262981163569,0.05161867883142302,0.023401779245376182,0.006607499999518041,0.038388400003896095,0.044995900003414135,589920.4149263806
2685,240,158,37920,35.12702124857441,1.4404616292106196,0.06259777827974906,0.027717996851272686,0.009389499995450024,0.05811540000286186,0.06750489999831188,561736.9998466523
2686,181,158,28598,31.078648249043383,1.7548559205983316,0.07252403597631103,0.03244253673938614,0.00659089999680873,0.041042999997443985,0.047633899994252715,600370.7444372706
2687,232,158,36656,31.12438710797657,0.4173438482473947,0.09132464073878999,0.041257929727766186,0.009072000000742264,0.05078999999386724,0.059861999994609505,612341.7193428356
2688,199,158,31442,28.21442353966497,1.4222380717774428,0.08963789614596589,0.04007712326155335,0.008634999998321291,0.04789850000088336,0.05653349999920465,556165.8131982337
2689,236,158,37288,38.16756439351799,1.077730563553358,0.06200661711148743,0.027131062432668305,0.009219500003382564,0.04734939999616472,0.056568899999547284,659160.7756258016
2690,192,158,30336,26.75968247076127,1.3305092640738585,0.10012720487220278,0.04506019394285439,0.007327700004680082,0.038705400002072565,0.04603310000675265,659004.0643699855
2691,225,158,35550,41.5793333972406,0.6605665809046956,0.0666287788002267,0.02896230812626761,0.007700900001509581,0.045567200002551544,0.053268100004061125,667378.7876288001
2692,206,158,32548,35.911446860484645,0.9166398526838193,0.06767413040518104,0.029678746453703178,0.009642199998779688,0.045286100001249,0.054928300000028685,592554.2935059523
2693,211,158,33338,33.231982529681105,0.697420743133254,0.07789172890628072,0.034280545768700516,0.008879600005457178,0.062261300001409836,0.07114090000686701,468619.3173938196
2694,193,158,30494,35.33622183510784,1.1871889534689675,0.06514328957406414,0.028585532418664794,0.008943300003011245,0.06175700000312645,0.0707003000061377,431313.58703361556
2695,213,158,33654,41.85833308301576,0.5948649442003326,0.06795785900891424,0.029555828853749584,0.008557499997550622,0.0888654999944265,0.09742299999197712,345442.0414355074
2696,179,158,28282,27.40916300593309,1.4258373080382134,0.0947015528606317,0.04243622811612197,0.009133100000326522,0.048332999998820014,0.057466099999146536,492151.02469838795
2697,227,158,35866,41.20906689239207,0.5828095257376267,0.06864700612646071,0.02997868252025342,0.008907099996577017,0.06339860000298359,0.0723056999995606,496032.816226355
2698,151,158,23858,44.502529518468705,1.4564357144934197,0.053482848099200196,0.02391403459472242,0.007193700002972037,0.04535329999634996,0.052546999999322,454031.62883338414
2699,232,158,36656,36.152243730767964,1.4192786251263585,0.061163817485152136,0.027074658624071525,0.011329599998134654,0.09207450000394601,0.10340410000208067,354492.713531305
2700,185,158,29230,31.004531712519316,0.39779560483323706,0.0923575476940089,0.04183915619555421,0.008317799998621922,0.060083700001996476,0.0684015000006184,427329.81001492275
2701,191,158,30178,41.21695865072908,1.039749155326509,0.0601273200802344,0.026139040369365617,0.00929339999856893,0.062085199999273755,0.07137859999784268,422787.782345298
2702,181,158,28598,31.8887270711362,0.7002905340633676,0.08179870688014035,0.03626169807666181,0.00982069999736268,0.06200130000070203,0.07182199999806471,398178.83100958745
2703,167,158,26386,30.971544464788664,1.2621510301685883,0.07715560176955745,0.03420647713016184,0.006226499994227197,0.04021729999658419,0.046443799990811385,568127.5004461372
2704,193,158,30494,44.48785570323773,1.3068963423647877,0.055072122993947314,0.024263570877590603,0.007219399994937703,0.043442800000775605,0.05066219999571331,601908.3261796802
2705,180,158,28440,43.796577327274576,1.8450797702365995,0.05031393478816453,0.022880224716009718,0.006432399997720495,0.038923200001590885,0.04535559999931138,627044.9514598373
2706,231,158,36498,41.00454757929475,1.3370181661478138,0.05624838053328463,0.024938326052541235,0.010087599999678787,0.0697643000021344,0.07985190000181319,457071.15296156064
2707,216,158,34128,36.45037960785836,1.7321037846086622,0.05788383317452925,0.025778022211004458,0.009113099993555807,0.04186180000397144,0.050974899997527245,669505.9725797505
2708,173,158,27334,38.061139405246934,1.2743699016215984,0.05978467376234279,0.02626453730288356,0.006727899999532383,0.04180629999609664,0.048534199995629024,563190.4925281903
2709,213,158,33654,42.947041451967436,1.045851784231938,0.05903329098575608,0.025792091966649583,0.00900490000640275,0.0644343999956618,0.07343930000206456,458256.0018825602
2710,185,158,29230,38.83450249490114,1.5379316704058839,0.0560788931333329,0.024958056519240178,0.00823139999556588,0.05397139999695355,0.06220279999251943,469914.5376657518
2711,246,158,38868,27.50590201032875,0.9332792076730791,0.09926490111032309,0.04457535566409344,0.013399499999650288,0.4137581000031787,0.427157600002829,90992.17712559155
2712,240,158,37920,42.492142109667384,1.7563832716778514,0.05157301365997236,0.02329557160924756,0.015992100001312792,0.1868654999998398,0.2028576000011526,186929.1562149239
2713,217,158,34286,36.156376286474185,1.3457036457259828,0.061888051212859806,0.027243957538083834,0.023177499999292195,0.7174105000012787,0.7405880000005709,46295.64616220297
2714,212,158,33496,41.64529442226265,0.763428463433937,0.06439134086323292,0.027867352375148945,0.014366600000357721,0.5218625999987125,0.5362291999990703,62465.826180405835
2715,223,158,35234,43.36723456198388,1.922845780180742,0.04994506097032387,0.022775235612290445,0.014243800003896467,0.09233949999907054,0.10658330000296701,330577.11666855105
2716,157,158,24806,26.363146973762884,0.7020862617977298,0.11019750013840524,0.050215090567305526,0.007937500005937181,0.04697129999840399,0.054908800004341174,451767.2940956422
2717,202,158,31916,28.766771676909677,1.1470718537338014,0.08858347002531039,0.03967886873561802,0.01093609999952605,0.06416149999859044,0.0750975999981165,424993.6083283684
2718,156,158,24648,34.589193990206375,1.5110070353994307,0.06299295963738476,0.028090991825868692,0.009031399997184053,0.06166050000319956,0.07069190000038361,348667.95205484994
2719,219,158,34602,40.07210950475351,0.5793614789449677,0.06946012655281723,0.03036759232716205,0.011756799998693168,0.0961788000058732,0.10793560000456637,320580.0495715604
2720,231,158,36498,29.013514599562683,1.3919664323256482,0.08496387811255887,0.03806422429005557,0.012214800000947434,0.3933653999993112,0.40558020000025863,89989.60008397039
2721,173,158,27334,25.283139729210987,1.4945874029507447,0.10872172455124549,0.04976978081483418,0.009369899999001063,0.07066109999868786,0.08003099999768892,341542.6522321267
2722,233,158,36814,33.62051089593902,1.3285991597725437,0.06765527262066429,0.029943316937564066,0.010632700003043283,0.08028310000372585,0.09091580000676913,404924.1165700463
2723,176,158,27808,26.38232221632163,0.4087238357348562,0.11682729317591656,0.054035731133214825,0.012610600002517458,0.09132100000715582,0.10393160000967328,267560.5879002326
2724,245,158,38710,25.475125504218752,0.571629615818183,0.1193814540281155,0.05510302788543455,0.010759800003143027,0.06447759999718983,0.07523740000033285,514504.7542821621
2725,163,158,25754,34.7098912832348,0.30228400200573996,0.08410278636723191,0.038630146071214906,0.007052999993902631,0.037653300001693424,0.044706299995596055,576070.9341309164
2726,242,158,38236,33.18892675345844,0.6593557261163729,0.07879317944720254,0.03486514914603822,0.011130299993965309,0.06916569999884814,0.08029599999281345,476188.1040577632
2727,237,158,37446,33.86952485982991,1.5146555873643217,0.0652796589722542,0.028991873715590446,0.010659899999154732,0.07492590000038035,0.08558579999953508,437525.851253402
2728,156,158,24648,40.05303470101212,1.7391933616849444,0.05330463566746177,0.023929702685697603,0.006424999999580905,0.03704419999849051,0.04346919999807142,567022.1674448472
2729,215,158,33970,39.39828317957638,0.34388860423220813,0.07622972626842266,0.034532061124914686,0.008183099998859689,0.05566270000417717,0.06384580000303686,532063.1897224907
2730,226,158,35708,44.95905472232046,1.7291146895494343,0.05091397024506965,0.022948476290730775,0.009935900001437403,0.048138900005142204,0.05807480000657961,614862.2121118703
2731,202,158,31916,41.22831333481599,0.3663737180039906,0.07443536975282747,0.03349041545707787,0.010811099993588869,0.05338420000043698,0.06419529999402585,497170.35363913205
2732,222,158,35076,38.78806184645288,0.5775553146212719,0.07058022553118733,0.030891879146871092,0.007766900002025068,0.05552409999654628,0.06329099999857135,554202.0192569522
2733,231,158,36498,40.33969948823173,1.8869653513982316,0.052215592696830994,0.023608819381671423,0.009282999999413732,0.05304969999997411,0.06233269999938784,585535.3610602211
2734,236,158,37288,42.64166153888044,0.7390028712742792,0.06454736926851867,0.027988256526228317,0.009206899994751438,0.043907200000830926,0.053114099995582364,702035.8059931607
2735,156,158,24648,32.93784791560322,1.0762798290485394,0.0723974464075946,0.031931934619180626,0.006548199999087956,0.03208209999866085,0.03863029999774881,638048.3713933459
2736,201,158,31758,30.211105791617392,1.1926712591841675,0.08154011572058886,0.03624388937538239,0.007907700004579965,0.04088219999539433,0.048789899999974295,650913.4062586054
2737,227,158,35866,40.65718361840118,0.9874583418860461,0.06101188004000019,0.026569351379230017,0.007529000002250541,0.047681899995950516,0.05521089999820106,649618.1007947457
2738,206,158,32548,26.706979998812812,1.735707692701666,0.09719033385629058,0.043816854048555204,0.009378399998240639,0.040304599999217317,0.049682999997457955,655113.419110467
2739,229,158,36182,37.813185301501846,1.5439975716435297,0.05729474020518916,0.02545823959450509,0.010086900001624599,0.05902829999831738,0.06911519999994198,523502.7895460098
2740,199,158,31442,29.573426992251598,1.1993166281048928,0.0837191456881453,0.03749573657783613,0.009223900000506546,0.05632080000214046,0.065544700002647,479703.16438598733
2741,191,158,30178,41.776970139851485,1.3096114108161077,0.05627578666126955,0.02480142231943736,0.006856700005300809,0.0388020999962464,0.045658800001547206,660945.9731525441
2742,150,158,23700,41.95140640215244,0.9201657917010648,0.0613730423064534,0.02664398497231852,0.005570699999225326,0.029842899995855987,0.03541359999508131,669234.4185084756
2743,246,158,38868,32.936281741411406,1.4928203131275712,0.06770769457289626,0.030171122697017116,0.012302700000873301,0.052842700002656784,0.06514540000353009,596634.6050203672
2744,177,158,27966,38.13208037430583,0.809726967751611,0.06644465733818584,0.02878063958754387,0.007976900000358,0.0509950999985449,0.0589719999989029,474225.05596758245
2745,179,158,28282,39.48562544886914,0.9926452909835262,0.06200845136936682,0.026924398177476744,0.00718839999899501,0.044512399996165186,0.051700799995160196,547032.1542925356
2746,223,158,35234,30.77750461052727,1.065359447439316,0.08030948816031158,0.035666018936774964,0.008173300004273187,0.04944629999954486,0.05761960000381805,611493.311263273
2747,229,158,36182,38.894570489019586,0.4769665698924823,0.07281275071035857,0.032180999419645986,0.008732900001632515,0.05873979999887524,0.06747270000050776,536246.5115480442
2748,238,158,37604,40.4447671986118,0.44411280570565254,0.07259608020857082,0.032132587999179237,0.010988699999870732,0.0497010000035516,0.06068970000342233,619610.9059342769
2749,219,158,34602,36.508532674213946,0.8467409711242679,0.0680645733993428,0.029670518302583535,0.008819200003927108,0.07346189999952912,0.08228110000345623,420533.9986770539
2750,176,158,27808,25.200062900925857,1.3296817322119634,0.1111949927894562,0.05056674588546751,0.008125000000291038,0.04832000000169501,0.056445000001986045,492656.5683235284
2751,215,158,33970,43.78371768144924,1.7115767935005402,0.05160414285486414,0.02318796337100322,0.01043539999955101,0.0669043000016245,0.07733970000117552,439231.080537986
2752,219,158,34602,38.70178657707796,1.9534974644137308,0.053095342462541155,0.02396064259427041,0.009968500002287328,0.06538919999729842,0.07535769999958575,459170.06490630965
2753,159,158,25122,28.58933073466743,0.9233096332834099,0.09332581916999678,0.04164033799878466,0.008053799996559974,0.047393400003784336,0.05544720000034431,453079.6866179717
2754,225,158,35550,29.749454627882074,1.148823734949756,0.08393430015703024,0.03734486371023184,0.009329900000011548,0.06818750000093132,0.07751740000094287,458606.7128098671
2755,172,158,27176,25.75672590324832,1.5255674396408505,0.10523513817179336,0.047673983887650644,0.006983500003116205,0.04476450000220211,0.05174800000531832,525160.3926182081
2756,246,158,38868,32.68284115850561,1.6853250234063608,0.0673051238640234,0.02991776693917309,0.010825000004842877,0.06563869999808958,0.07646370000293246,508319.63400292397
2757,199,158,31442,41.484527042279566,1.2606312847361962,0.05713284686826713,0.025011472112988747,0.007482500004698522,0.04290649999893503,0.050389000003633555,623985.3935925046
2758,165,158,26070,28.035148330781034,0.7710917584259791,0.09810330745308114,0.044154125741000985,0.007015199997113086,0.04443799999717157,0.05145319999428466,506674.02616155683
2759,242,158,38236,44.188848319551354,0.37126422158565553,0.07290300963842884,0.03255468566865216,0.011035600000468548,0.05165120000310708,0.06268680000357563,609952.9725208343
2760,237,158,37446,28.684455921491207,1.8066718988530641,0.08414689628954558,0.0377537222662828,0.00851370000600582,0.04669770000327844,0.05521140000928426,678229.4959682808
2761,158,158,24964,31.150194996890093,0.8463709062360354,0.0819620869246976,0.036581593623008744,0.005582199999480508,0.03389899999456247,0.03948119999404298,632300.9433291447
2762,248,158,39184,26.735799132760427,1.0195161589548212,0.1029091197352037,0.04664365151789716,0.008737199997995049,0.04725309999776073,0.05599029999575578,699835.5072748362
2763,234,158,36972,41.32530123754572,0.3293631785287918,0.07531564722761473,0.03411843750108628,0.008897699997760355,0.04989639999985229,0.05879409999761265,628838.6079810944
2764,160,158,25280,37.98125738047994,0.9499893820859,0.0645392804535143,0.02802511994125124,0.006700400001136586,0.03407819999847561,0.0407785999996122,619933.0040815626
2765,221,158,34918,34.57643859516693,1.6028083062333822,0.06252256292384377,0.027821458011151386,0.008762899997236673,0.052605899996706285,0.06136879999394296,568986.1949956064
2766,234,158,36972,30.994982207234514,0.7768123369616666,0.0837873681642233,0.037196381229157666,0.010078499995870516,0.05864520000613993,0.06872370000201045,537980.3473753366
2767,175,158,27650,32.564398640098595,1.3421700322588714,0.07071086282272178,0.03146238838584017,0.007240799997816794,0.041318700001284014,0.04855949999910081,569404.5449502569
2768,195,158,30810,29.63786443373421,0.6085213080550488,0.09317549489836406,0.041682582073956205,0.0072680000012042,0.04818810000142548,0.05545610000262968,555574.5896040114
2769,244,158,38552,31.238128084725638,1.3951165840731499,0.07510063672500143,0.03321381874952646,0.010101399995619431,0.04915700000128709,0.05925839999690652,650574.4333632453
2770,207,158,32706,32.393513559219684,1.7871479773073484,0.06749801017627798,0.03014160741010694,0.00740649999352172,0.04636890000256244,0.05377539999608416,608196.3128564659
2771,221,158,34918,25.486920524028687,1.6864096807147992,0.10599455301910694,0.04846624223467668,0.007522200001403689,0.04849919999833219,0.05602139999973588,623297.5255913745
2772,193,158,30494,27.531415726599413,1.0195157325449142,0.09815311422268054,0.04392146143380311,0.007780899999488611,0.039382400005706586,0.0471633000051952,646562.0513543577
2773,187,158,29546,30.182807426260702,0.8812991305458155,0.08535465079721799,0.03806918915294994,0.009207400005834643,0.044672299998637754,0.0538797000044724,548369.7941441298
2774,181,158,28598,42.26624530250908,0.7396981359214527,0.06447399187111763,0.02815514884663041,0.006504999997559935,0.04032539999752771,0.046830399995087646,610671.7004979636
2775,207,158,32706,36.71816162437054,1.202840378470825,0.0623539023578452,0.027317919451335975,0.007919700001366436,0.04503900000418071,0.052958700005547144,617575.5824175106
2776,178,158,28124,35.48709375804019,0.8567519419493512,0.06953005160124547,0.030453758485824073,0.007564200001070276,0.037444900000991765,0.04500910000206204,624851.4189066552
2777,225,158,35550,41.872165023177885,0.30067487922394215,0.07589620264219592,0.03489346091318359,0.010516399997868575,0.04796469999564579,0.05848109999351436,607888.7025713016
2778,197,158,31126,28.675399153517972,0.6765760409868011,0.09651433064589836,0.043439678083883305,0.006855100000393577,0.04248659999575466,0.049341699996148236,630825.4478955892
2779,233,158,36814,35.67512678191244,0.967829834691396,0.06736685459630144,0.029425820141402884,0.011397299997042865,0.050215099996421486,0.06161239999346435,597509.5922883237
2780,169,158,26702,38.070451152407614,0.9424381928838976,0.06424600387861601,0.028104562919197527,0.006833500003267545,0.029548099999374244,0.03638160000264179,733942.4323850814
2781,222,158,35076,29.699636556217214,0.41421113273298915,0.09770072326590791,0.044268974998782636,0.008256599998276215,0.04403909999382449,0.05229569999210071,670724.3617601112
2782,196,158,30968,43.43542132086851,1.0808209990645496,0.058269148535941936,0.025540141503162146,0.009934299996530171,0.04154779999953462,0.05148209999606479,601529.4636847981
2783,168,158,26544,36.39184575346121,0.30251485697973424,0.0806260320866657,0.037109815080590094,0.009088499995414168,0.041882400000758935,0.0509708999961731,520767.73221569415
2784,200,158,31600,31.61992143538317,1.6472673708334753,0.07120458418422364,0.03176403457944337,0.010185399994952604,0.04501619999791728,0.05520159999286989,572447.1755181302
2785,189,158,29862,28.7704027113495,1.1037291066701131,0.08934311096130626,0.04001247599812242,0.008264299998700153,0.05752609999763081,0.06579039999633096,453896.0091695044
2786,210,158,33180,31.0334514234825,1.3591694302818844,0.07564046727935202,0.03385578686556773,0.007545899999968242,0.0426246999995783,0.05017059999954654,661343.4959976539
2787,225,158,35550,44.911412949311405,0.3476784345127627,0.07333259298274979,0.033070471740883775,0.010153499999432825,0.05480280000483617,0.064956300004269,547291.0248530722
2788,175,158,27650,31.673500998363693,1.5950269257546779,0.07132482590546324,0.031849752575595386,0.006670300004770979,0.05660899999929825,0.06327930000406923,436951.7361636735
2789,185,158,29230,40.368063127018814,1.0225271960054687,0.06076209216847964,0.026559879078121577,0.00944090000120923,0.06414760000188835,0.07358850000309758,397208.8029891846
2790,211,158,33338,38.34679279952557,1.8456298897225423,0.05415037884141468,0.024265135713641268,0.008059100000537,0.050785899999027606,0.05884499999956461,566539.2131913785
2791,222,158,35076,38.097222237656425,1.4910190601896947,0.057420367987730904,0.02555808639601791,0.009020600002259016,0.044110800001362804,0.05313140000362182,660174.5859813399
2792,176,158,27808,31.36786289076099,0.977771062479827,0.0791854212645828,0.03504602173703206,0.006866299998364411,0.03617769999982556,0.043043999998189975,646036.6137247779
2793,202,158,31916,30.891794438873724,1.691549674221429,0.07403053289043873,0.032888035262709975,0.007052300003124401,0.034454699998605065,0.041507000001729466,768930.5418042778
2794,223,158,35234,30.716204502374392,0.6026736691247632,0.08873577360609683,0.03953002725198201,0.0077132000005804,0.05077549999987241,0.05848870000045281,602406.9606561135
2795,169,158,26702,25.73948244775368,1.8761515346155848,0.10357213706697216,0.04714695322030623,0.007626999999047257,0.04687980000016978,0.05450679999921704,489883.8310152781
2796,150,158,23700,25.422748533275833,1.0196840214526504,0.11245909261730067,0.051379436085318975,0.0072832000005291775,0.03641519999655429,0.04369839999708347,542353.953499025
2797,221,158,34918,37.676707893776474,0.32692917551038636,0.07842341435790609,0.035572642631831596,0.0111897000024328,0.1067678999970667,0.11795759999949951,296021.6213295977
2798,250,158,39500,25.052222386235602,0.5509491672687439,0.12247656673380014,0.05700066210969153,0.00957370000105584,0.05952160000015283,0.06909530000120867,571674.1949062966
2799,168,158,26544,43.266397610697645,1.6957594540969345,0.0519570266016155,0.02327531685754981,0.007724900002358481,0.03937779999978375,0.04710270000214223,563534.5744255165
2800,225,158,35550,44.92784204683373,1.7187026914248047,0.05091653583559179,0.02293286425734835,0.008406799999647774,0.06494139999995241,0.07334819999960018,484674.47054179624
2801,210,158,33180,33.302519849629284,0.5078319138794671,0.08195524684886818,0.03637883976485463,0.009268000001611654,0.04314630000590114,0.05241430000751279,633033.3514946142
2802,238,158,37604,44.2491484252794,0.7698556072669422,0.06291699261939708,0.027382038127686796,0.009059199997864198,0.05748450000101002,0.06654369999887422,565102.331259551
2803,247,158,39026,32.065258319713436,1.002086663394775,0.07617918361562301,0.0336805321752646,0.011305699998047203,0.07100509999872884,0.08231079999677604,474129.76184812415
2804,179,158,28282,43.29945200298641,1.147992800408311,0.0575502548932798,0.02510062770598734,0.008141099999193102,0.04362669999682112,0.05176779999601422,546324.1629386903
2805,169,158,26702,37.42674055485921,0.8345504044833187,0.06672245212942642,0.029147687268960054,0.006696799995552283,0.04602039999736007,0.052717199992912356,506514.0030879863
2806,195,158,30810,27.36909266240341,1.3958896402646328,0.09438007563501068,0.04255838016445901,0.00825990000157617,0.056343000003835186,0.06460290000541136,476913.5750472386
2807,173,158,27334,33.61003530871912,1.3754677498359533,0.0672101507438193,0.029731023164741684,0.008999400000902824,0.055966100000659935,0.06496550000156276,420746.39615399676
2808,163,158,25754,32.298895790260026,1.6273939472669257,0.06886362375438894,0.030747722678103426,0.006653399999777321,0.04505369999969844,0.05170709999947576,498074.7324885966
2809,232,158,36656,34.02775900088529,1.003692651670393,0.07040462314150303,0.03104838857193589,0.010167399996134918,0.05894139999873005,0.06910879999486497,530410.020181564
2810,218,158,34444,34.57987265105453,1.2902996277464336,0.06552778909321164,0.028846628851954076,0.010114700002304744,0.05229179999878397,0.062406500001088716,551929.6868018412
2811,201,158,31758,36.76936450865015,1.2145171983465408,0.06214933609632324,0.027282704450907275,0.007390999999188352,0.048129899994819425,0.05552089999400778,572000.814169575
2812,238,158,37604,29.80105680696144,1.4578293475825104,0.08097354587708984,0.036080620263093104,0.0098541000043042,0.04611760000261711,0.05597170000692131,671839.5188166518
2813,232,158,36656,26.55922025026871,0.8799773857301669,0.10621818756879572,0.04802111871124659,0.011154400002851617,0.04080380000232253,0.05195820000517415,705490.1824225952
2814,216,158,34128,39.45225710625158,0.8992386196108981,0.06351124666100233,0.027606874222607096,0.007397800000035204,0.036170100000163075,0.04356790000019828,783329.0105753245
2815,163,158,25754,36.46560111978383,1.1499321935241966,0.06345717016268188,0.02791627198833817,0.006173500005388632,0.030915299998014234,0.037088800003402866,694387.523932753
2816,249,158,39342,40.27057286499446,0.441033238152405,0.07287395255150167,0.03228210180134293,0.00945530000171857,0.05011029999877792,0.05956560000049649,660481.8888699531
2817,172,158,27176,44.10483438046093,1.4075676288674384,0.05421480916341989,0.02406201955715999,0.006573699996806681,0.03408480000507552,0.0406585000018822,668396.5222214775
2818,184,158,29072,40.34468767027382,0.9167230399694097,0.0625228098407822,0.027103332813420308,0.00926410000101896,0.03702709999924991,0.04629120000026887,628024.3329149199
2819,218,158,34444,26.670113352207213,1.5381327751203004,0.09868192720793652,0.0445748334280408,0.007719000001088716,0.044171899993671104,0.05189089999475982,663777.2712263289
2820,230,158,36340,26.32496668974659,1.581214288229645,0.10120862393121281,0.045573198997705795,0.009481699999014381,0.04401299999881303,0.05349469999782741,679319.6335613787
2821,212,158,33496,25.056126260203385,1.0212014271719572,0.11446051034841835,0.05253091881989276,0.00811950000206707,0.04190969999763183,0.0500291999996989,669528.9950709104
2822,207,158,32706,44.028604335697125,0.8720719208104368,0.06135662205058537,0.02655082751808646,0.00738650000130292,0.04423930000484688,0.0516258000061498,633520.4490023201
2823,199,158,31442,26.733959356713587,1.9743573156735947,0.09557425084204904,0.04315123243015417,0.008967199995822739,0.040868399999453686,0.049835599995276425,630914.4467605521
2824,202,158,31916,37.59417373423217,0.7869840259188134,0.06751639467720844,0.02946973903870109,0.007260500002303161,0.039059299997461494,0.046319799999764655,689035.7903134763
2825,179,158,28282,29.610207279005458,1.719417925225029,0.0798458224333072,0.03570259409544428,0.006573200000275392,0.044483500001661014,0.051056700001936406,553933.1762320589
2826,164,158,25912,42.71981189042452,1.7617191935848941,0.0514867224395601,0.02310123365053863,0.006219900002179202,0.033635199994023424,0.039855099996202625,650155.1872274536
2827,158,158,24964,43.65802790380468,1.8808411814796786,0.05007236814991979,0.022807014088758227,0.007016900002781767,0.02919260000635404,0.03620950000913581,689432.3311203269
2828,196,158,30968,37.00301169094501,0.30671730375919,0.0796380107703081,0.036641144264146865,0.006968800000322517,0.03194960000109859,0.038918400001421105,795716.165075368
2829,188,158,29704,31.051316573925533,0.5171087975734561,0.088635756173907,0.03969297699681856,0.007291300003998913,0.03544180000608321,0.042733100010082126,695105.1993183705
2830,209,158,33022,39.611851844502155,1.7269810812050235,0.05379669640885517,0.024234037965402636,0.007579099998110905,0.04722740000579506,0.05480650000390597,602519.7740714437
2831,239,158,37762,39.80571338791796,0.6229595094227625,0.06846574492126052,0.02991669957726531,0.010211900000285823,0.08746379999502096,0.09767569999530679,386605.88049857254
2832,211,158,33338,28.870910700610576,0.3729042124330409,0.10335513748539438,0.047316290953986116,0.008461600002192426,0.05680049999500625,0.06526209999719867,510832.4739999327
2833,218,158,34444,33.37683784107442,1.8393497106958598,0.06405522846897252,0.02859272979723721,0.009747000003699213,0.053904500004136935,0.06365150000783615,541134.1444547197
2834,248,158,39184,25.430974601764632,0.8256064414612612,0.11468993987634625,0.0526573889777028,0.012112999997043516,0.07114069999806816,0.08325369999511167,470657.76058362244
2835,184,158,29072,31.203180836655616,0.9967110815740394,0.07937937927466768,0.03530903529479698,0.010518600000068545,0.06783449999784352,0.07835309999791207,371038.2869442907
2836,176,158,27808,29.61397275396682,0.8590834485624974,0.08824746470302312,0.03946464742667399,0.008834700005536433,0.04905539999890607,0.0578901000044425,480358.47230987693
2837,192,158,30336,43.980661369700485,1.1065630664321684,0.05778954618270765,0.025325286206413996,0.008591099998739082,0.04891219999990426,0.05750329999864334,527552.331791666
2838,244,158,38552,29.197367411598204,1.2099140971517353,0.085756965601427,0.038234309645327334,0.013462399998388719,0.11939189999975497,0.1328542999981437,290182.5533726697
2839,221,158,34918,25.70113498382385,0.6909133486821816,0.11475184255415442,0.05262331457916959,0.010980999999446794,0.07465760000195587,0.08563860000140266,407736.6981644735
2840,193,158,30494,44.11500753247593,1.5449283396920706,0.05270456142123511,0.023487806395034075,0.010319900000467896,0.08953170000313548,0.09985160000360338,305393.203502994
2841,236,158,37288,42.739066692275614,1.4327511711985863,0.05438580743137667,0.02406979712823833,0.010774500005936716,0.16163119999691844,0.17240570000285516,216280.55220553893
2842,226,158,35708,26.56314675117075,1.7033837819766338,0.09856177867815248,0.04430794263916213,0.014210599998477846,0.10775329999887617,0.12196389999735402,292775.157245502
2843,232,158,36656,43.09245982854847,1.6052868512611795,0.052593870539184996,0.023565333882013255,0.010305099996912759,0.056614499997522216,0.06691959999443498,547761.7918076066
2844,157,158,24806,30.440696567867814,1.5385808039391065,0.07712207612311535,0.03437634233487358,0.0064505999980610795,0.041746700000658166,0.048197299998719245,514676.1333240487
2845,163,158,25754,44.331690086555156,1.1798976336446911,0.05682562942232935,0.02494332193052536,0.014571400002751034,0.29715980000037234,0.3117312000031234,82616.048697538
2846,179,158,28282,43.48755772261114,0.9796727620316892,0.05988363292872689,0.026092346899607283,0.007601899997098371,0.054153999997652136,0.06175589999475051,457964.3402882005
2847,166,158,26228,39.49121634764281,1.6285487553764721,0.05458802377660221,0.024390582198167903,0.006967699999222532,0.050157300000137184,0.057124999999359716,459133.4792174
2848,153,158,24174,41.0878174647757,0.8077491913665567,0.06405590781911853,0.02761594069741294,0.00712099999509519,0.039697699998214375,0.046818699993309565,516332.1494072772
2849,165,158,26070,25.847697883933275,1.2805283210088028,0.10727035378569387,0.04845228470961346,0.007291800000530202,0.04245719999744324,0.04974899999797344,524030.6338029303
2850,180,158,28440,26.624996543653072,1.7614255871033113,0.09808603926663113,0.043960358285773264,0.007750899996608496,0.04616080000414513,0.053911700000753626,527529.2747140684
2851,175,158,27650,36.33291684165058,0.42399609446742875,0.07755712261353837,0.03461652024577819,0.007513600001402665,0.05594060000294121,0.06345420000434387,435747.3579070758
2852,166,158,26228,30.74506951381969,0.6235247319030168,0.08786201943458323,0.03914573691388451,0.006742700003087521,0.04949529999430524,0.05623799999739276,466375.04892094224
2853,156,158,24648,44.09188953337638,0.48261175820825164,0.0700660544252609,0.030701176963420215,0.006835200001660269,0.034018899998045526,0.040854099999705795,603317.6596762014
2854,231,158,36498,30.381663503111017,1.7976057204731417,0.07534898266489318,0.033793500897613835,0.009113299995078705,0.055893500000820495,0.0650067999958992,561448.9561446247
2855,189,158,29862,30.744234766207512,0.9398647013876695,0.08189627482185134,0.03653625034230654,0.008232699998188764,0.05106789999990724,0.059300599998096004,503569.94703188154
2856,159,158,25122,43.63224190810632,1.6151280570890385,0.05235612215644324,0.02343169144946013,0.006458199997723568,0.03691199999593664,0.04337019999366021,579245.6572409696
2857,234,158,36972,34.45966041067663,1.7959291890003328,0.061307151125329175,0.027379125154316553,0.008565200005250517,0.05257700000220211,0.06114220000745263,604688.7419081008
2858,159,158,25122,38.369742017348244,1.4741779553921615,0.05729713029854828,0.025404847698147534,0.006329299998469651,0.040803699994285125,0.047132999992754776,533002.355119804
2859,154,158,24332,42.09414638256554,1.1507874023965998,0.057847340266688474,0.02545403438046715,0.005714400002034381,0.03561599999375176,0.04133039999578614,588719.1994870793
2860,163,158,25754,29.786320818296836,1.6275857877978317,0.07915172324362789,0.03529546862575814,0.006370800001604948,0.04446269999607466,0.05083349999767961,506634.40450048866
2861,215,158,33970,40.751025145707914,1.5894563432223228,0.0540485944846167,0.024116346528090613,0.009927899998729117,0.05316360000142595,0.06309150000015507,538424.3519319799
2862,180,158,28440,41.113749949736714,1.710699987726061,0.05294151843035099,0.02375348913051742,0.007187900002463721,0.03212609999900451,0.03931400000146823,723406.4200777807
2863,186,158,29388,29.433105635930424,1.2796922437074718,0.0840686255954359,0.0375135941693622,0.00891330000013113,0.04768740000145044,0.05660070000158157,519216.19342479546
2864,222,158,35076,29.0009001106479,0.603801638557262,0.09608693355171348,0.04327922375417814,0.008696299999428447,0.04999659999884898,0.058692899998277426,597619.1328257667
2865,219,158,34602,36.65428187762492,1.6278662941293813,0.058400797192506675,0.02595719507953675,0.009031699999468401,0.05718440000055125,0.06621610000001965,522561.7334755404
2866,223,158,35234,38.55499542733893,0.7891379281171937,0.06632905005064393,0.02877715092395681,0.008956300000136252,0.05150359999970533,0.06045989999984158,582766.4286591993
2867,205,158,32390,29.414605048731783,0.4400771137839087,0.09841253699921768,0.044533174119279935,0.008010900004592258,0.05288930000097025,0.06090020000556251,531853.7541262846
2868,163,158,25754,32.54387357110406,1.9982318455348114,0.06563976797401717,0.029350603023782763,0.006887700001243502,0.046766700004809536,0.05365440000605304,479997.91251219943
2869,223,158,35234,28.211156575980525,0.6239717924692774,0.1001047735217505,0.04543280106585942,0.010339400003431365,0.05189869999594521,0.06223809999937657,566116.2535545419
2870,245,158,38710,30.70659802397201,0.43058683557210603,0.09304077623745141,0.04195866124352927,0.011640700002317317,0.12384749999910127,0.1354882000014186,285707.5376275919
2871,172,158,27176,26.42881191507593,1.128329177385396,0.10354960419517818,0.047046141908195234,0.009140000001934823,0.03644709999935003,0.04558710000128485,596133.5553091567
2872,203,158,32074,42.57790419090079,0.8998867311277166,0.061565522841281424,0.02668586225133224,0.008670299997902475,0.05189089999475982,0.060561199992662296,529613.019621245
2873,188,158,29704,43.270408237398726,1.0063922604654694,0.059555025677385305,0.02594333100132816,0.007673200001590885,0.0376719999985653,0.04534520000015618,655063.8215268141
2874,156,158,24648,27.192898264938894,0.7718693045629599,0.10312418912148226,0.04671891413169662,0.007412699997075833,0.03207970000221394,0.03949239999928977,624120.0838754612
2875,247,158,39026,25.233790767729676,1.30737899011497,0.1109091232156722,0.05060782564756424,0.010286299999279436,0.057316599995829165,0.0676028999951086,577282.9272534717
2876,179,158,28282,30.515570910883564,1.6701986502538624,0.07594052327493765,0.033798634540456715,0.007733200000075158,0.04675609999685548,0.05448929999693064,519037.68265683565
2877,161,158,25438,44.149604000819686,0.6535024011507984,0.06580781231816155,0.028516040798507097,0.005868799999007024,0.03723429999809014,0.04310309999709716,590166.3685840034
2878,188,158,29704,37.77849320247416,0.5802057089409538,0.07157227337054926,0.03146530563213484,0.008149900000717025,0.03896789999998873,0.047117800000705756,630419.9262180127
2879,166,158,26228,25.342022623305958,0.9380312506408286,0.11427454093034663,0.0521635903905437,0.0063042999972822145,0.0345718999960809,0.040876199993363116,641644.771389183
2880,163,158,25754,43.22768994600857,0.3762947195082922,0.07297967983776123,0.03256779195441296,0.0059481999996933155,0.03735670000605751,0.043304900005750824,594713.3002634784
2881,205,158,32390,37.56208218333518,1.2165287620970997,0.06100784550453732,0.026700677363596124,0.008163999998942018,0.052049000005354173,0.06021300000429619,537923.7041451011
2882,232,158,36656,26.91894147191397,0.7333916008349033,0.10609740497006638,0.04802959462562068,0.011151600003358908,0.04527510000480106,0.05642670000815997,649621.5443167704
2883,244,158,38552,40.08321111596804,1.2246422841774955,0.05846600814018472,0.025635438005324928,0.010825900004419964,0.06601999999838881,0.07684590000280878,501679.33485834504
2884,185,158,29230,37.716130932047434,0.9252659660851734,0.0649554603306451,0.02832729257863829,0.007901299999502953,0.04873020000377437,0.056631500003277324,516143.8421780887
2885,167,158,26386,27.95715806196383,1.3660680772523592,0.09123888096914985,0.040939170476107095,0.007396799999696668,0.04240370000479743,0.0498005000044941,529834.037763052
2886,187,158,29546,28.740858419978352,1.946156230899514,0.082808228330293,0.03735550147222666,0.007073799999488983,0.043970400001853704,0.05104420000134269,578831.6791961243
2887,185,158,29230,26.93350424457823,0.38206205832861834,0.1142285487041706,0.052893907436813596,0.007665999997698236,0.03782330000103684,0.04548929999873508,642568.6919959815
2888,224,158,35392,29.065772417002986,1.478286424328161,0.08461210536772645,0.03769053787793409,0.011123300006147474,0.043223199994827155,0.05434650000097463,651228.6899683566
2889,212,158,33496,32.09912463571924,1.8682537771796475,0.06774371964033797,0.030331553689290126,0.00808590000087861,0.044546699995407835,0.052632599996286444,636411.6536588226
2890,188,158,29704,44.57429672400278,1.3282827216909,0.05470463925936563,0.024138156630462974,0.007123800001863856,0.03658459999860497,0.04370840000046883,679594.7689616043
2891,175,158,27650,31.18568931116741,1.0708450347013652,0.07865554489335534,0.034846198211030216,0.007284499995876104,0.043849499998032115,0.05113399999390822,540736.1051999461
2892,247,158,39026,25.63324374309881,1.1125394599601954,0.10965986342166081,0.050051737651359535,0.009964600001694635,0.07257100000424543,0.08253560000594007,472838.38728005014
2893,203,158,32074,44.9616458082571,1.2225804742572444,0.0560375696944951,0.024631304708462764,0.007685100004891865,0.047885599997243844,0.05557070000213571,577174.6621649057
2894,231,158,36498,44.02235674962926,0.3271478018549915,0.07413004602870286,0.0336207171719242,0.009744700000737794,0.05034470000100555,0.06008940000174334,607394.9814599763
2895,169,158,26702,37.64924927354697,1.8022896681490388,0.055342406326995906,0.02483954461019601,0.007143199996789917,0.04099380000116071,0.048136999997950625,554708.4363615682
2896,218,158,34444,43.75937870968828,1.57596531888077,0.052696976326095483,0.02354021265398044,0.00906369999574963,0.06040380000195,0.06946749999769963,495828.98479347304
2897,154,158,24332,42.7836674511348,0.7174119835846047,0.06494437224225254,0.028209092267572348,0.007623100005730521,0.06214239999826532,0.06976550000399584,348768.374033102
2898,157,158,24806,43.564300207201114,1.933364566450164,0.04969912059504481,0.022812525938371152,0.007943399999930989,0.07373440000083065,0.08167780000076164,303705.53565067484
2899,218,158,34444,39.61689243646897,0.8152604231261982,0.06501927654227939,0.0282227614691014,0.009551200004352722,0.08033969999814872,0.08989090000250144,383175.60508395743
2900,155,158,24490,41.76605017592131,1.8445672720494501,0.05142355085166146,0.023302512054488484,0.007247100002132356,0.04242760000488488,0.049674700007017236,493007.50676985364
2901,216,158,34128,41.102278190090246,1.6932833854583549,0.05297959136858066,0.023720601957512136,0.00957860000198707,0.05485620000399649,0.06443480000598356,529651.6788572448
2902,228,158,36024,29.254286382123944,0.8378966564115455,0.09068183576019545,0.040234373597808404,0.008477499999571592,0.05683119999594055,0.06530869999551214,551595.7292439672
2903,244,158,38552,37.36120138817283,0.5964065611728933,0.07164789266785788,0.03151400574489037,0.008994700001494493,0.05615100000431994,0.06514570000581443,591781.1919521799
2904,162,158,25596,25.35836319761537,0.6113848148288725,0.11933197342548955,0.054798154252697864,0.0067167000015615486,0.03589280000596773,0.04260950000752928,600711.1089188345
2905,192,158,30336,36.12283575949549,0.4449358520190203,0.07757303950308116,0.03453300049793961,0.0071710999982315116,0.03918649999832269,0.0463575999965542,654391.0815541551
2906,209,158,33022,39.72069151098425,0.8611858070149674,0.06408209234827639,0.027860969169628626,0.0084634000013466,0.05967199999577133,0.06813539999711793,484652.6181896166
2907,156,158,24648,31.057754337975204,0.8490742894498995,0.08229385757493475,0.03657725952028651,0.00803019999875687,0.04146729999774834,0.04949749999650521,497964.54369898036
2908,233,158,36814,43.32936449438388,1.8316505079142062,0.05063257932325243,0.023020766533668028,0.010895500003243797,0.07177999999839813,0.08267550000164192,445283.06450240855
2909,174,158,27492,27.81220062477664,0.6114154511936007,0.10272831727801308,0.046538985791027845,0.008141700003761798,0.04009480000240728,0.04823650000616908,569941.848941859
2910,178,158,28124,31.476652465595805,1.3032925363058443,0.07439724541791175,0.033110022696339246,0.010758399999758694,0.040955800002848264,0.05171420000260696,543835.1555004669
2911,178,158,28124,33.948851284742936,0.6506195152024585,0.07653159872181127,0.033869296840353544,0.0065990000002784654,0.037092099999426864,0.04369109999970533,643700.8910324912
2912,218,158,34444,29.545162996313767,0.6420136705912981,0.0932373193729978,0.041544996436371856,0.008345499998540618,0.038303699999232776,0.046649199997773394,738362.0726967246
2913,202,158,31916,27.163618486375555,0.4575902285236766,0.11031362090248825,0.0505444210847171,0.007312200003070757,0.040902799999457784,0.04821500000252854,661951.6747552884
2914,198,158,31284,41.36431971729401,0.6136447013637276,0.06770496071672912,0.029475327011069384,0.007731400000920985,0.03870979999919655,0.04644120000011753,673626.004494303
2915,249,158,39342,30.81642653284058,0.9149334355618215,0.08190427463836313,0.03660428739187559,0.008807300000626128,0.061768100000335835,0.07057540000096196,557446.3623226188
2916,204,158,32232,34.73603125847771,1.8877034572570965,0.05992357914136474,0.026838880222285217,0.008163500002410728,0.040524899995944,0.048688399998354726,662005.7344478188
2917,170,158,26860,38.35376060660562,1.2020078300592472,0.06033271982270906,0.026467346892866537,0.008798199996817857,0.10809280000103172,0.11689099999784958,229786.72438848278
2918,152,158,24016,36.356262220014784,0.9790752761765498,0.06593665260599355,0.02891512492756986,0.007607399995322339,0.09258709999994608,0.10019449999526842,239693.79557894028
2919,244,158,38552,44.45644587580597,1.2309911489484557,0.05612305298036807,0.02454076244562571,0.008324000002176035,0.04713639999681618,0.055460399998992216,695126.6128751423
2920,240,158,37920,41.91438592762823,0.6893759759091602,0.06590859263551373,0.028793116553831433,0.009367500002554152,0.042049199997563846,0.051416700000118,737503.5737399128
2921,226,158,35708,40.98634377248763,1.529745387096702,0.05443488358350619,0.024172534614819836,0.008266799995908514,0.047902599995722994,0.05616939999163151,635719.804828252
2922,155,158,24490,37.666606239853905,0.42891002098928455,0.0754127631745256,0.03358950863381109,0.005638499998894986,0.028778500003681984,0.03441700000257697,711566.9581359884
2923,199,158,31442,37.6079972889177,1.6443452100146332,0.05655124400488353,0.025172683835820834,0.008470100001432002,0.046734399998968,0.0552045000004,569555.0181556245
2924,239,158,37762,34.89922914706033,1.043871352035298,0.06786988680029588,0.02978249866947118,0.008954999997513369,0.05569359999935841,0.06464859999687178,584111.6435905376
2925,229,158,36182,33.125320833235044,0.5386989238958059,0.08160381412574982,0.03625296393472437,0.010188100000959821,0.045477699997718446,0.05566579999867827,649986.1674647469
2926,200,158,31600,38.002780266461755,1.3562285323058452,0.05900035621084309,0.025981885272237083,0.008665800000017043,0.062424199997622054,0.0710899999976391,444506.9630194041
2927,245,158,38710,30.468840293170498,1.7862164816841688,0.07508106730063868,0.03366066892488333,0.012882499999250285,0.10236169999552658,0.11524419999477686,335895.4290259677
2928,187,158,29546,26.54323866424802,1.64380099463264,0.09846163786219787,0.044690873073044646,0.0076612999982899055,0.06948769999871729,0.0771489999970072,382973.20770387386
2929,206,158,32548,27.844932895021167,1.5981683304985006,0.09071188170542671,0.04059804451504959,0.00850489999720594,0.06219799999962561,0.07070289999683155,460348.868313161
2930,156,158,24648,39.54981860934112,1.6796996043017525,0.05427025522623117,0.0243908476524338,0.007799300001352094,0.0583864000000176,0.0661857000013697,372406.7283339138
2931,193,158,30494,43.61072112257372,0.4485393571026802,0.07079617377030548,0.031243375286429516,0.008212700005969964,0.05954570000176318,0.06775840000773314,450040.1425730208
2932,152,158,24016,33.651091273660455,0.9145938703099055,0.07276126960928193,0.03192035371621083,0.00628609999694163,0.03355419999570586,0.03984029999264749,602806.7058840457
2933,174,158,27492,26.831051559468506,1.4356080413996974,0.09805952541797858,0.04416410259649061,0.008440300000074785,0.03808290000597481,0.04652320000604959,590930.9762962373
2934,185,158,29230,28.022865542903293,1.7101360635445721,0.08827948154041061,0.03966744000213869,0.008604499998909887,0.04328990000067279,0.051894399999582674,563259.2341415463
2935,216,158,34128,32.474070389511134,1.8872713561541175,0.06630934939854813,0.02970959460598551,0.00855779999983497,0.04052009999577422,0.04907789999560919,695384.2768955742
2936,199,158,31442,32.36286489922329,1.9628044127854472,0.06617928486412389,0.029710292050251164,0.008825099997920915,0.04783310000493657,0.056658200002857484,554941.7383258604
2937,179,158,28282,41.75772857800883,1.4487989563641674,0.054769304082031074,0.024278988435429638,0.006457399998907931,0.040392299997620285,0.046849699996528216,603675.1569827732
2938,214,158,33812,28.002093179855923,0.8714468351042586,0.09722013942745387,0.04362974321422173,0.007706899996264838,0.04424400000425521,0.05195090000052005,650845.317398958
2939,209,158,33022,44.676193834448256,1.6540166851455382,0.05177714645659811,0.023228138298154805,0.008819100003165659,0.0627225999996881,0.07154170000285376,461576.9544011782
2940,188,158,29704,41.768053389053435,1.2170472781224968,0.05743963809753841,0.02512258432355407,0.008926500006054994,0.04122060000372585,0.05014710000978084,592337.3434197878
2941,156,158,24648,41.749610699102846,1.7638927842977958,0.05188535150826357,0.02347085379915486,0.007566600004793145,0.03661709999869345,0.04418370000348659,557852.7827695507
2942,219,158,34602,29.905894612745385,1.8837800424175137,0.07757202713016072,0.03452978192194215,0.00878750000265427,0.06544150000263471,0.07422900000528898,466152.0429688468
2943,240,158,37920,43.34532826294715,0.6508042841904074,0.06608799041753464,0.028636311673208306,0.007948600003146566,0.05007889999978943,0.058027500002935994,653483.2622132847
2944,194,158,30652,30.647149818169893,1.6173391821018948,0.075635539529844,0.03375156056939243,0.008484099998895545,0.06920169999648351,0.07768579999537906,394563.74268943944
2945,222,158,35076,40.76598397817506,0.5141428048034712,0.07048442501952733,0.031023746589301425,0.009867699998721946,0.07024180000007618,0.08010949999879813,437850.6918720781
2946,208,158,32864,33.2201966294714,1.7510327411536395,0.06514750503826741,0.029033120957400228,0.009884500002954155,0.052325599994219374,0.06221009999717353,528274.3477585337
2947,173,158,27334,36.571135338176745,0.7908771866842179,0.06875753268467842,0.03014753207378183,0.007969699996465351,0.0802350000012666,0.08820469999773195,309892.78349909757
2948,224,158,35392,39.976320942277596,1.2600105891143973,0.0578457127920523,0.025472715881243703,0.00932230000034906,0.04654840000148397,0.05587070000183303,633462.6199213334
2949,216,158,34128,28.57124830748491,1.6002884624193134,0.08616478148575957,0.038548536687507656,0.009897999996610451,0.07017229999473784,0.08007029999134829,426225.4544280161
2950,233,158,36814,36.01882259675289,0.8557783340757421,0.06874623144448182,0.029935405185227054,0.010834000000613742,0.07525329999771202,0.08608729999832576,427635.6675225726
2951,216,158,34128,41.68605175882953,0.9810512223294077,0.060739572744023515,0.026296211306602098,0.009000599995488301,0.05226050000055693,0.06126109999604523,557090.8782604812
2952,166,158,26228,42.697330834696665,1.0023991072034775,0.05980778011418387,0.02604390301524268,0.007150600002205465,0.047230899996066,0.054381499998271465,482296.36918499245
2953,205,158,32390,37.65503242148167,0.35488906612245885,0.0775825765122096,0.03496164523768825,0.008235299996158574,0.0698848000029102,0.07812009999906877,414618.0048462061
2954,163,158,25754,43.097360406939714,1.2036693922740498,0.05676449220683902,0.024857687813241353,0.007081100004143082,0.04644870000629453,0.05352980001043761,481115.19181798375
2955,217,158,34286,28.992367604942057,0.4410309637339398,0.100737756546981,0.045774995716200924,0.008939800005464349,0.04544829999940703,0.054388100004871376,630395.2518460676
2956,209,158,33022,34.42755919945758,1.920382825222704,0.06078309345053334,0.027103466581563908,0.009306699997978285,0.06883340000058524,0.07814009999856353,422599.9198952529
2957,154,158,24332,35.59912537442478,1.1209315116395397,0.0654066755700965,0.028765061207862593,0.008292299993627239,0.05183539999416098,0.06012769998778822,404672.0563890148
2958,189,158,29862,39.0289899475588,1.5591261150743139,0.055853314963876695,0.02474557321089228,0.008775100002822,0.05092259999946691,0.05969770000228891,500220.27647388494
2959,235,158,37130,26.593437993081587,0.5601200848691387,0.11165750334853865,0.05078682382063115,0.008551500002795365,0.059646100002282765,0.06819760000507813,544447.3118883249
2960,193,158,30494,25.326920026847777,0.4318934042423274,0.12437580982961256,0.05779595464118883,0.009242799998901319,0.06752289999712957,0.07676569999603089,397234.702498338
2961,224,158,35392,32.46059208103218,1.890631966442717,0.06655681955790993,0.029764319604143066,0.0117995000036899,0.06537759999628179,0.07717709999997169,458581.6258969692
2962,231,158,36498,39.80805691586957,1.2507211575893031,0.05820482052986904,0.02560653836766684,0.01134279999678256,0.07595649999711895,0.08729929999390151,418078.95369779196
2963,178,158,28124,26.852105004058913,0.41094447653930555,0.11365099818387522,0.052584495208113986,0.006430800000089221,0.03927669999393402,0.04570749999402324,615303.8342433413
2964,184,158,29072,27.62455970991799,1.6490400499432636,0.09164975404535756,0.04105978202559792,0.008648400005768053,0.039806599997973535,0.04845500000374159,599979.3622485837
2965,240,158,37920,35.51563011157195,1.332066623259209,0.0631968015875385,0.027898726704690787,0.009059399999387097,0.04390109999803826,0.05296049999742536,716005.3247579508
2966,207,158,32706,30.633170892973933,1.6432112677957238,0.0752334359071324,0.03357358256336329,0.007310199995117728,0.04163930000504479,0.048949500000162516,668157.9995687681
2967,190,158,30020,42.52852004756291,0.4716720980412278,0.07064901325322259,0.031130610327129833,0.00794020000466844,0.051923499995609745,0.059863700000278186,501472.51172013255
2968,250,158,39500,30.061289187265317,0.6255767616425059,0.090730293344286,0.04048347289082669,0.009332600006018765,0.04604059999837773,0.055373200004396494,713341.4719912123
2969,202,158,31916,29.629451278535484,0.5519773955548395,0.0943711035940917,0.04230440604928506,0.008494000001519453,0.05014459999802057,0.05863859999954002,544283.1172683242
2970,185,158,29230,40.83096415081544,1.1581493623378163,0.05871979467837872,0.025688483679365097,0.008794899993517902,0.04263429999991786,0.05142919999343576,568354.1646327536
2971,182,158,28756,36.71099191786618,0.9745558618278596,0.06568278211452366,0.028700458478518667,0.0065781000012066215,0.0354936000003363,0.04207170000154292,683499.8347807531
2972,194,158,30652,41.777749777361265,1.4275893641935473,0.05496039881251741,0.024457846035017588,0.008296500003780238,0.03431319999799598,0.04260970000177622,719366.7169382147
2973,200,158,31600,35.51696242339224,0.8320207741946166,0.07019669078445978,0.030654582058726194,0.008986500004539266,0.03852360000018962,0.047510100004728884,665121.7319444648
2974,205,158,32390,33.96303703032976,0.9566162440358115,0.07111755710150854,0.031224751259938816,0.008191900000383612,0.054016399997635745,0.062208299998019356,520670.0713736151
2975,196,158,30968,29.815055703319118,1.352082742605071,0.08173315168200004,0.036354826280766826,0.007864400002290495,0.03712870000163093,0.04499310000392143,688283.3144926877
2976,172,158,27176,31.55466021034504,1.1899055269070802,0.07569652899652282,0.03350740844813001,0.00786099999822909,0.04234800000267569,0.05020900000090478,541257.5434585488
2977,223,158,35234,25.488824938504216,1.659981298984834,0.10664190822136639,0.04858094073635451,0.009475999999267515,0.061284199997317046,0.07076019999658456,497935.28002606926
2978,226,158,35708,39.916763141388714,0.9583573453303056,0.062198231892148056,0.0270461292200449,0.008239700000558514,0.05271019999781856,0.06094989999837708,585858.221276012
2979,244,158,38552,43.95592964598559,1.8869492282082119,0.04997633917550519,0.022708142974757154,0.011488100004498847,0.04800760000216542,0.059495700006664265,647979.6018146133
2980,174,158,27492,37.70790688825753,1.3340404758800986,0.05968449229126699,0.026237563460854686,0.006471000000601634,0.03501049999613315,0.04148149999673478,662753.275608742
2981,173,158,27334,41.120408591722125,0.8161097528989807,0.06374497498153556,0.027713997289600206,0.006881599998450838,0.04303369999979623,0.049915299998247065,547607.6473738498
2982,225,158,35550,25.910433320814885,1.4834798291836921,0.10434727682257579,0.04736604526581779,0.011445199997979216,0.09538479999901028,0.1068299999969895,332771.69335394376
2983,193,158,30494,31.09645540860668,1.6226798581417443,0.07343023379425091,0.032776123141663664,0.009489999996731058,0.1088813999958802,0.11837139999261126,257612.90313288037
2984,209,158,33022,35.24406466830546,0.3658459440282157,0.08132073977001433,0.03655007722954623,0.012335400002484675,0.08949269999720855,0.10182809999969322,324291.62480788195
2985,246,158,38868,27.473461513270465,1.5900636430507131,0.09280262193180767,0.04175316693789881,0.009060199998202734,0.05161429999861866,0.060674499996821396,640598.6040599628
2986,166,158,26228,25.5092202590432,0.6052716519264748,0.11851244977737092,0.054403937390569715,0.0064035000032163225,0.03569490000518272,0.04209840000839904,623016.5515736289
2987,230,158,36340,28.410094725992693,1.6386981692651268,0.08654503833918614,0.03880697778753443,0.009596200005034916,0.047200399996654596,0.05679660000168951,639827.031880764
2988,203,158,32074,37.22051503630237,1.0489078688376823,0.06361351150016833,0.02791651903157295,0.007262999999511521,0.03877040000224952,0.04603340000176104,696754.9648466763
2989,163,158,25754,29.98789131692761,1.3395130413420404,0.08089580294210931,0.03610791006262782,0.005986000003758818,0.03917160000128206,0.04515760000504088,570313.7455738374
2990,156,158,24648,35.81551911052266,0.7397695661073118,0.0709520174779334,0.031177855728123188,0.0055628999980399385,0.0297015999967698,0.03526449999480974,698946.5327348385
2991,236,158,37288,36.98251064869841,1.7051403368463491,0.05718476662127169,0.025570830753728336,0.00824070000089705,0.04037370000150986,0.04861440000240691,767015.5344538627
2992,177,158,27966,34.248496860386894,1.4745544168473343,0.06458143064987906,0.028589650226898827,0.006594799997401424,0.03423109999857843,0.04082589999597985,685006.3318323374
2993,161,158,25438,32.171329321478225,0.37908287969519827,0.08850904664253437,0.040333905546725446,0.0059302000008756295,0.035635300002468284,0.041565500003343914,611997.9309271759
2994,233,158,36814,40.501925808949466,1.2276713865495879,0.05797722439569328,0.025421880798655212,0.010138400000869296,0.05136330000095768,0.061501700001826975,598585.0797442412
2995,209,158,33022,33.598422463848536,0.3381451216571487,0.08544059235187049,0.038913282252507175,0.008492500004649628,0.067737199999101,0.07622970000375062,433190.7379718832
2996,249,158,39342,36.30127296663065,1.8435867978998228,0.057202001208909,0.025717980826449677,0.009462800000619609,0.054030599996622186,0.0634933999972418,619623.4569531487
2997,228,158,36024,41.49315377624746,0.8150728686696795,0.06341887017698553,0.027505512500771805,0.009656499998527579,0.0479535999984364,0.05761009999696398,625307.0208504836
2998,198,158,31284,26.274070287979676,1.1278929218282805,0.10504643403271564,0.04758194774106113,0.00652760000230046,0.03703959999984363,0.04356720000214409,718063.1300258086
2999,179,158,28282,25.99478140641096,1.1366485533729185,0.10630612676091697,0.0484352358565394,0.006319299995084293,0.04237949999514967,0.048698799990233965,580753.5299775695
